active_A_max,active_A_min,active_G_active_count_excluding_anchor,active_G_margin_near_count_excluding_anchor,active_G_min_excluding_anchor,active_Te_max_K,active_Te_min_K,active_Tp_floor_active_count_excluding_anchor,active_Tp_floor_margin_near_count_excluding_anchor,active_Tp_max_K,active_Tp_min_K,active_Tp_min_excluding_anchor_K,active_logA_max,active_logA_min,active_mach_max,active_mach_min,active_n_steps_completed,active_n_steps_requested,active_sigma_max,active_sigma_min,case_id,design_B_T,design_I_0,design_T_e_in,design_Z_in,design_a1,design_a2,design_a3,design_log_n_p_in,design_log_seed_fraction,elapsed_s,failure,max_abs_scaled_residual,n_steps_completed,objective_delta_improvement,objective_delta_improvement_reward,objective_failure_penalty,objective_inlet_delta_penalty,objective_inlet_te_shortfall_penalty,objective_inlet_tp_shortfall_penalty,objective_raw_score_before_failure_gate,objective_target_g_margin,objective_target_ok,objective_target_tp_margin,ok,optimizer_source,outer_B_T,outer_B_T_missing,outer_G_shortfall_penalty,outer_area_ratio,outer_area_ratio_missing,outer_area_ratio_penalty,outer_delta_improvement,outer_delta_improvement_reward,outer_failure_penalty,outer_incomplete_rollout_penalty,outer_mach_excess_penalty,outer_mach_max,outer_magnetic_field_penalty,outer_max_te_K,outer_max_te_excess_penalty,outer_min_G,outer_min_tp_K,outer_min_tp_shortfall_penalty,outer_score,outer_score_before_failure,outlet_A,outlet_Delta,outlet_G,outlet_T_e,outlet_T_p,outlet_Z,outlet_beta,outlet_logA,outlet_mach,outlet_n_p,outlet_sigma_logA,outlet_x,preparation_inlet_A,preparation_inlet_Delta,preparation_inlet_G,preparation_inlet_T_e,preparation_inlet_T_p,preparation_inlet_Z,preparation_inlet_beta,preparation_inlet_logA,preparation_inlet_mach,preparation_inlet_n_p,preparation_inlet_sigma_logA,preparation_inlet_x,scan_best_residual_constraint_violation,scan_best_residual_delta_gain,scan_best_residual_feasible,scan_best_residual_least_squares_nfev,scan_best_residual_margin_G,scan_best_residual_margin_Tp,scan_best_residual_margin_residual,scan_best_residual_max_abs_scaled_residual,scan_best_residual_objective_value,scan_best_residual_ok,scan_best_residual_sigma,scan_best_violation_constraint_violation,scan_best_violation_delta_gain,scan_best_violation_feasible,scan_best_violation_least_squares_nfev,scan_best_violation_margin_G,scan_best_violation_margin_Tp,scan_best_violation_margin_residual,scan_best_violation_max_abs_scaled_residual,scan_best_violation_objective_value,scan_best_violation_ok,scan_best_violation_sigma,scan_feasible_count,scan_left_endpoint_constraint_violation,scan_left_endpoint_delta_gain,scan_left_endpoint_feasible,scan_left_endpoint_least_squares_nfev,scan_left_endpoint_margin_G,scan_left_endpoint_margin_Tp,scan_left_endpoint_margin_residual,scan_left_endpoint_max_abs_scaled_residual,scan_left_endpoint_objective_value,scan_left_endpoint_ok,scan_left_endpoint_sigma,scan_n_scan,scan_right_endpoint_constraint_violation,scan_right_endpoint_delta_gain,scan_right_endpoint_feasible,scan_right_endpoint_least_squares_nfev,scan_right_endpoint_margin_G,scan_right_endpoint_margin_Tp,scan_right_endpoint_margin_residual,scan_right_endpoint_max_abs_scaled_residual,scan_right_endpoint_objective_value,scan_right_endpoint_ok,scan_right_endpoint_sigma,scan_sigma_max,scan_sigma_min,score,support_G_supported,support_curvature_lower_supported,support_no_feasible_sigma,support_residual_supported,"support_sigma_box,curvature_lower_supported",support_sigma_box_lower_supported,termination_bound_source_lower,termination_bound_source_upper,termination_error,termination_least_squares_nfev,termination_margin_G,termination_margin_Tp,termination_margin_residual,termination_max_abs_scaled_residual,termination_ok,termination_reason,termination_sigma,termination_sigma_interval_lower,termination_sigma_interval_upper,termination_solver_method,termination_step,termination_support_type
4.348379798614269,0.447,0,0,60462.43276613826,5008.422690024858,4335.566447457385,0,0,4329.077388768435,4078.389279809893,4085.816058838096,2.2750000000000004,0.0,0.2805944668091603,0.02584728577620237,50,50,0.0,-0.5,0,10.2,1306.058468642334,5008.422690024854,80.75293563364994,0.1734697727255258,0.37530533787502696,0.6163516395254951,58.710774545198156,-13.204225110040323,0.22043835000658873,,3.925861437423901e-12,50,0.2265404443744139,0.2265404443744139,0.0,7.494736298530036e-05,2.77033905082963,0.0,-2.5438735538182016,136864.47092987236,1.0,3778.389279809893,True,lbfgsb_seed_0,10.2,0.0,0.0,9.727919012559887,0.0,0.0,0.2265404443744139,0.2265404443744139,0.0,0.0,0.0,0.2805944668091603,0.0,5008.422690024858,0.0,60462.43276613826,4078.389279809893,0.0,0.2265404443744139,0.2265404443744139,0.447,0.2280393916341199,136864.47091987237,5008.422690024858,4078.389279809893,80.75293563364991,37.120497180498894,0.0,0.2805944668091603,3.1460484982003942e+25,0.0,0.0,4.348379798614269,0.0014989472597060072,34325959.61268475,4335.566447457385,4329.077388768435,67.48140435540303,36.834134783682096,2.2750000000000004,0.02584728577620237,3.4076602521169593e+25,-0.5,-5.0,,,,,,,,,,,,,,,,,,,,,,,,,,,,,,,,,,,,,,,,,,,,,,,,,-2.5438735538182016,,9,,,1,40,sigma_box,curvature,,3,34325959.61269475,4029.0773887684354,9.99999371926911e-09,6.2807308906981045e-15,True,completed_requested_steps,-0.5,-0.5,-0.45,direct_preferred_endpoint,49,sigma_box_lower_supported
4.348379798614269,0.447,0,0,60399.19191592573,5008.422690024858,4335.756279952497,0,0,4329.2659215889835,4078.856766238811,4086.27770138191,2.2750000000000004,0.0,0.2802090514293215,0.02581493246216626,50,50,0.0,-0.5,1,10.2,1306.058468642334,5008.422690024854,80.75293563364994,0.1734697727255258,0.37530533787502696,0.6163516395254951,58.71226080281549,-13.204225110040323,0.22092231099668425,,3.917421134675748e-12,50,0.22639946124410448,0.22639946124410448,0.0,7.495910947797891e-05,2.7697071597175524,0.0,-2.543382657582926,136588.77203297647,1.0,3778.856766238811,True,lbfgsb_seed_0,10.2,0.0,0.0,9.727919012559887,0.0,0.0,0.22639946124410448,0.22639946124410448,0.0,0.0,0.0,0.2802090514293215,0.0,5008.422690024858,0.0,60399.19191592573,4078.856766238811,0.0,0.22639946124410448,0.22639946124410448,0.447,0.22789864343366406,136588.77202297648,5008.422690024858,4078.856766238811,80.75293563365007,37.065367537380574,0.0,0.2802090514293215,3.150727813217782e+25,0.0,0.0,4.348379798614269,0.001499182189559578,34263293.408867925,4335.756279952497,4329.2659215889835,67.5157141954023,36.78180611151348,2.2750000000000004,0.02581493246216626,3.4124335501549602e+25,-0.5,-5.0,,,,,,,,,,,,,,,,,,,,,,,,,,,,,,,,,,,,,,,,,,,,,,,,,-2.543382657582926,,9,,,1,40,sigma_box,curvature,,3,34263293.408877924,4029.2659215889835,9.99999163650955e-09,8.363490451184681e-15,True,completed_requested_steps,-0.5,-0.5,-0.45,direct_preferred_endpoint,49,sigma_box_lower_supported
4.348379798614269,0.447,0,0,62735.55208442734,5014.92269002485,4341.436875888077,0,0,4334.9100783067815,4083.932127761379,4091.361914986542,2.2750000000000004,0.0,0.2804178097490635,0.025831396047085536,50,50,0.0,-0.5,2,10.2,1306.058468642334,5014.922690024854,80.75293563364994,0.1734697727255258,0.37530533787502696,0.6163516395254951,58.710774545198156,-13.204225110040323,0.22015438399103004,,7.406861844231552e-12,50,0.2264586230230523,0.2264586230230523,0.0,7.528181050349138e-05,2.7508316366639014,0.0,-2.5244482954513527,141477.9839214958,1.0,3783.932127761379,True,lbfgsb_seed_0,10.2,0.0,0.0,9.727919012559887,0.0,0.0,0.2264586230230523,0.2264586230230523,0.0,0.0,0.0,0.2804178097490635,0.0,5014.92269002485,0.0,62735.55208442734,4083.932127761379,0.0,0.2264586230230523,0.2264586230230523,0.447,0.22796425923312214,141477.9839114958,5014.92269002485,4083.932127761379,80.75293563364973,37.09643285478507,0.0,0.2804178097490635,3.1460484982003942e+25,0.0,0.0,4.348379798614269,0.0015056362100698273,35310708.909050316,4341.436875888077,4334.9100783067815,67.70629221939132,36.809553236653805,2.2750000000000004,0.025831396047085536,3.4076296864430643e+25,-0.5,-5.0,,,,,,,,,,,,,,,,,,,,,,,,,,,,,,,,,,,,,,,,,,,,,,,,,-2.5244482954513527,,9,,,1,40,sigma_box,curvature,,3,35310708.909060314,4034.9100783067815,9.999989879013229e-09,1.0120986771787711e-14,True,completed_requested_steps,-0.5,-0.5,-0.45,direct_preferred_endpoint,49,sigma_box_lower_supported
4.348379798614269,0.447,0,0,59395.329412492436,5008.422690024858,4332.582652000097,0,0,4326.086027529027,4075.0846708163826,4082.525904954387,2.2750000000000004,0.0,0.2807418688197871,0.025855699502622218,50,50,0.0,-0.5,3,10.2,1306.058468642334,5008.422690024854,80.92793563364994,0.1734697727255258,0.37530533787502696,0.6163516395254951,58.710774545198156,-13.204225110040323,0.22042776299349498,,4.057303391965106e-12,50,0.22753351318090576,0.22753351318090576,0.0,7.508663061401856e-05,2.7802806124110284,0.0,-2.5528221858607365,135966.50707613138,1.0,3775.0846708163826,True,lbfgsb_seed_0,10.2,0.0,0.0,9.727919012559887,0.0,0.0,0.22753351318090576,0.22753351318090576,0.0,0.0,0.0,0.2807418688197871,0.0,5008.422690024858,0.0,59395.329412492436,4075.0846708163826,0.0,0.22753351318090576,0.22753351318090576,0.447,0.22903524579318613,135966.5070661314,5008.422690024858,4075.0846708163826,80.92793563364992,37.120497180498894,0.0,0.2807418688197871,3.1460484982003942e+25,0.0,0.0,4.348379798614269,0.001501732612280371,33549262.349518225,4332.582652000097,4326.086027529027,67.55122572342125,36.841656769248694,2.2750000000000004,0.025855699502622218,3.408137472851957e+25,-0.5,-5.0,,,,,,,,,,,,,,,,,,,,,,,,,,,,,,,,,,,,,,,,,,,,,,,,,-2.5528221858607365,,9,,,1,40,sigma_box,curvature,,3,33549262.349528223,4026.086027529027,9.999993192803272e-09,6.8071967285993606e-15,True,completed_requested_steps,-0.5,-0.5,-0.45,direct_preferred_endpoint,49,sigma_box_lower_supported
4.348379798614269,0.447,0,0,59144.445796179,5008.422690024858,4332.071603161401,0,0,4325.576679206427,4074.1118225437567,4081.562852998695,2.2750000000000004,0.0,0.2813865881040859,0.025909442434388932,50,50,0.0,-0.5,4,10.2,1309.058468642334,5008.422690024854,80.75293563364994,0.1734697727255258,0.37530533787502696,0.6163516395254951,58.710774545198156,-13.204225110040323,0.21987572000944056,,4.0835510881875185e-12,50,0.22782720812299173,0.22782720812299173,0.0,7.507581574263124e-05,2.781985136980579,0.0,-2.55423300467333,135703.915147052,1.0,3774.1118225437567,True,lbfgsb_seed_0,10.2,0.0,0.0,9.727919012559887,0.0,0.0,0.22782720812299173,0.22782720812299173,0.0,0.0,0.0,0.2813865881040859,0.0,5008.422690024858,0.0,59144.445796179,4074.1118225437567,0.0,0.22782720812299173,0.22782720812299173,0.447,0.22932872443784436,135703.915137052,5008.422690024858,4074.1118225437567,80.75293563364991,37.120497180498894,0.0,0.2813865881040859,3.1460484982003942e+25,0.0,0.0,4.348379798614269,0.0015015163148526245,33440135.9485182,4332.071603161401,4325.576679206427,67.34279195700402,36.838048341689564,2.2750000000000004,0.025909442434388932,3.4086723534661624e+25,-0.5,-5.0,,,,,,,,,,,,,,,,,,,,,,,,,,,,,,,,,,,,,,,,,,,,,,,,,-2.55423300467333,,9,,,1,40,sigma_box,curvature,,3,33440135.9485282,4025.576679206427,9.999992663028184e-09,7.336971815387822e-15,True,completed_requested_steps,-0.5,-0.5,-0.45,direct_preferred_endpoint,49,sigma_box_lower_supported
4.348379798614269,0.447,0,0,65033.37500808478,5008.422690024858,4350.732276517375,0,0,4344.290862413306,4095.8657039127083,4103.252180910154,2.2750000000000004,0.0,0.27735200431575824,0.025580320894514147,50,50,0.0,-0.5,5,10.2,1306.058468642334,5008.422690024854,80.75293563364994,0.1734697727255258,0.37530533787502696,0.6163516395254951,58.710774545198156,-13.194725110040324,0.2198139899992384,,6.393698209281379e-12,50,0.22131680704026935,0.22131680704026935,0.0,7.413654274164295e-05,2.720084023721561,0.0,-2.4988413532240337,139097.98239227186,1.0,3795.8657039127083,True,lbfgsb_seed_0,10.2,0.0,0.0,9.727919012559887,0.0,0.0,0.22131680704026935,0.22131680704026935,0.0,0.0,0.0,0.27735200431575824,0.0,5008.422690024858,0.0,65033.37500808478,4095.8657039127083,0.0,0.22131680704026935,0.22131680704026935,0.447,0.2227995378951022,139097.98238227188,5008.422690024858,4095.8657039127083,80.75293563364991,37.120497180498894,0.0,0.27735200431575824,3.1460484982003942e+25,0.0,0.0,4.348379798614269,0.0014827308548328588,37963788.31640863,4350.732276517375,4344.290862413306,67.89042004570642,36.801397484994084,2.2750000000000004,0.025580320894514147,3.404741891281516e+25,-0.5,-5.0,,,,,,,,,,,,,,,,,,,,,,,,,,,,,,,,,,,,,,,,,,,,,,,,,-2.4988413532240337,,9,,,1,40,sigma_box,curvature,,3,37963788.316418625,4044.290862413306,9.999987850657015e-09,1.2149342984257907e-14,True,completed_requested_steps,-0.5,-0.5,-0.45,direct_preferred_endpoint,49,sigma_box_lower_supported
0.44924059682415224,0.447,0,0,162288.1341433743,4987.149138670839,4970.376071168505,0,1,-27315.76917011498,-27344.961086002128,-27315.76917011498,0.005000000000000001,0.0,99.88646333734607,99.55123851923041,1,50,0.0,-0.05,6,10.2,1460.470118471674,4987.149138670841,87.70441727909295,0.1734697727255258,0.37530533787502696,0.6163516395254951,58.702393055144604,-14.8,0.06582426100794692,"target_anchor_infeasible: G_margin=176177, Tp_margin=-27645",4.4232300766158717e-16,1,1.6773067502334185e+301,1.6773067502334185e+301,1000000.0,2.485188035584253e+302,1.0601254348224025,919.0458603756941,-2.317457360560911e+302,176177.07792392673,0.0,-27644.961086002128,False,lbfgsb_seed_0,10.2,0.0,0.0,1.005012520859401,0.0,0.0,1.6773067502334185e+301,1.6773067502334185e+301,1000000.0,980.0,90034.4092466952,99.88646333734607,0.0,4987.149138670839,0.0,162288.1341433743,-27344.961086002128,764.2438734465719,-1091778.6531201417,1.6773067502334185e+301,0.447,4.9871491386708395e+303,176177.07791392674,4987.149138670839,-27344.961086002128,87.7044172790927,37.51268312828855,0.0,99.88646333734607,3.119790119892419e+25,0.0,0.0,0.44924059682415224,4.9703760711685054e+303,162288.1341433743,4970.376071168505,-27315.76917011498,88.27668176240354,37.63753609680203,0.005000000000000001,99.55123851923041,3.1146831607699124e+25,-0.05,-0.1,27646.350056107265,1.3056709129765259e+301,False,4,188200.274951488,-27646.350056107265,9.999999708317925e-09,2.916820751264484e-16,-1.3056709129765259e+301,True,0.012499999999999997,27615.76917011498,-1.6773067502334185e+301,False,4,162288.1341533743,-27615.76917011498,9.999999557676993e-09,4.4232300766158717e-16,1.6773067502334185e+301,True,-0.05,0,27615.76917011498,-1.6773067502334185e+301,False,4,162288.1341533743,-27615.76917011498,9.999999557676993e-09,4.4232300766158717e-16,1.6773067502334185e+301,True,-0.05,41,27664.772523674063,3.071216802559647e+301,False,4,205265.37243717044,-27664.772523674063,9.999998787112451e-09,1.2128875481314596e-15,-3.071216802559647e+301,True,0.05,0.05,-0.05,-1000000.0,,,1,,,,curvature,curvature,no feasible sigma on scan grid,4,162288.1341533743,-27615.76917011498,9.999999557676993e-09,4.4232300766158717e-16,False,no_feasible_sigma,-0.05,-0.05,0.05,legacy_scan,0,no_feasible_sigma
0.44924059682415224,0.447,0,0,161788.92206082746,4987.149138670839,4970.352861211878,0,1,-27301.291291596088,-27330.43440807072,-27301.291291596088,0.005000000000000001,0.0,99.75577251338224,99.42082007926885,1,50,0.0,-0.05,7,10.2,1460.470118471674,4987.149138670841,87.70441727909295,0.1734697727255258,0.37530533787502696,0.6163516395254951,58.70387931276195,-14.8,0.06602362399280537,"target_anchor_infeasible: G_margin=175656, Tp_margin=-27630.4",1.5137540913133117e-16,1,1.67962774589619e+301,1.67962774589619e+301,1000000.0,2.485176430605939e+302,1.0601732304145663,918.1682539381568,-2.31721365601632e+302,175656.45295687878,0.0,-27630.43440807072,False,lbfgsb_seed_0,10.2,0.0,0.0,1.005012520859401,0.0,0.0,1.67962774589619e+301,1.67962774589619e+301,1000000.0,980.0,89786.56424607846,99.75577251338224,0.0,4987.149138670839,0.0,161788.92206082746,-27330.43440807072,763.4409055786983,-1091530.0051516572,1.67962774589619e+301,0.447,4.9871491386708395e+303,175656.4529468788,4987.149138670839,-27330.43440807072,87.70441727909324,37.456971028765025,0.0,99.75577251338224,3.1244303791788002e+25,0.0,0.0,0.44924059682415224,4.9703528612118776e+303,161788.92206082746,4970.352861211878,-27301.291291596088,88.27679611873063,37.58166348551184,0.005000000000000001,99.42082007926885,3.119321039352244e+25,-0.05,-0.1,27601.291291596088,-1.67962774589619e+301,False,4,161788.92207082745,-27601.291291596088,9.999999848624592e-09,1.5137540913133117e-16,1.67962774589619e+301,True,-0.05,27601.291291596088,-1.67962774589619e+301,False,4,161788.92207082745,-27601.291291596088,9.999999848624592e-09,1.5137540913133117e-16,1.67962774589619e+301,True,-0.05,0,27601.291291596088,-1.67962774589619e+301,False,4,161788.92207082745,-27601.291291596088,9.999999848624592e-09,1.5137540913133117e-16,1.67962774589619e+301,True,-0.05,41,27650.19379049173,3.074579152687409e+301,False,4,204694.0768110224,-27650.19379049173,9.99999690001721e-09,3.0999827912530127e-15,-3.074579152687409e+301,True,0.05,0.05,-0.05,-1000000.0,,,1,,,,curvature,curvature,no feasible sigma on scan grid,4,161788.92207082745,-27601.291291596088,9.999999848624592e-09,1.5137540913133117e-16,False,no_feasible_sigma,-0.05,-0.05,0.05,legacy_scan,0,no_feasible_sigma
0.44924059682415224,0.447,0,0,167754.95217801165,4993.649138670839,4976.871935527428,0,1,-27344.674798663422,-27373.88462206556,-27344.674798663422,0.005000000000000001,0.0,99.89368398896157,99.55834255574598,1,50,0.0,-0.05,8,10.2,1460.470118471674,4993.649138670841,87.70441727909295,0.1734697727255258,0.37530533787502696,0.6163516395254951,58.702393055144604,-14.8,0.06575912400148809,"target_anchor_infeasible: G_margin=182076, Tp_margin=-27673.9",2.6236541918050924e-15,1,1.6777203143411183e+301,1.6777203143411183e+301,1000000.0,2.488435967763714e+302,1.0467910363113915,920.7992886366391,-2.3206639363296023e+302,182075.95822934655,0.0,-27673.88462206556,False,lbfgsb_seed_0,10.2,0.0,0.0,1.005012520859401,0.0,0.0,1.6777203143411183e+301,1.6777203143411183e+301,1000000.0,980.0,90048.11260996902,99.89368398896157,0.0,4993.649138670839,0.0,167754.95217801165,-27373.88462206556,765.8438900753968,-1091793.9565000443,1.6777203143411183e+301,0.447,4.993649138670839e+303,182075.95821934656,4993.649138670839,-27373.88462206556,87.7044172790927,37.48826092404829,0.0,99.89368398896157,3.119790119892419e+25,0.0,0.0,0.44924059682415224,4.976871935527428e+303,167754.95217801165,4976.871935527428,-27344.674798663422,88.27655200500243,37.612930725678304,0.005000000000000001,99.55834255574598,3.1146860509464984e+25,-0.05,-0.1,27681.40769046036,1.8955565946864222e+301,False,4,200190.57562613272,-27681.40769046036,9.999999785532997e-09,2.1446700427400271e-16,-1.8955565946864222e+301,True,0.024999999999999994,27644.674798663422,-1.6777203143411183e+301,False,4,167754.95218801164,-27644.674798663422,9.999997376345809e-09,2.6236541918050924e-15,1.6777203143411183e+301,True,-0.05,0,27644.674798663422,-1.6777203143411183e+301,False,4,167754.95218801164,-27644.674798663422,9.999997376345809e-09,2.6236541918050924e-15,1.6777203143411183e+301,True,-0.05,41,27693.687047131658,3.0709517943759206e+301,False,4,212052.792495414,-27693.687047131658,9.99999926092913e-09,7.390708713156366e-16,-3.0709517943759206e+301,True,0.05,0.05,-0.05,-1000000.0,,,1,,,,curvature,curvature,no feasible sigma on scan grid,4,167754.95218801164,-27644.674798663422,9.999997376345809e-09,2.6236541918050924e-15,False,no_feasible_sigma,-0.05,-0.05,0.05,legacy_scan,0,no_feasible_sigma
0.44924059682415224,0.447,0,0,162221.77732735733,4987.149138670839,4970.297525304619,0,1,-27424.051509490135,-27453.286411697423,-27424.051509490135,0.005000000000000001,0.0,99.89814865264793,99.56249401970335,1,50,0.0,-0.05,9,10.2,1460.470118471674,4987.149138670841,87.87941727909295,0.1734697727255258,0.37530533787502696,0.6163516395254951,58.702393055144604,-14.8,0.06579817899910267,"target_anchor_infeasible: G_margin=176177, Tp_margin=-27753.3",1.8398079624318245e-15,1,1.6851613366220828e+301,1.6851613366220828e+301,1000000.0,2.4851487626523095e+302,1.060287186393792,925.6229102521089,-2.3166326289901012e+302,176177.07792392673,0.0,-27753.286411697423,False,lbfgsb_seed_0,10.2,0.0,0.0,1.005012520859401,0.0,0.0,1.6851613366220828e+301,1.6851613366220828e+301,1000000.0,980.0,90056.58617700064,99.89814865264793,0.0,4987.149138670839,0.0,162221.77732735733,-27453.286411697423,770.2449066497089,-1091806.8310836502,1.6851613366220828e+301,0.447,4.9871491386708395e+303,176177.07791392674,4987.149138670839,-27453.286411697423,87.87941727909276,37.51268312828855,0.0,99.89814865264793,3.119790119892419e+25,0.0,0.0,0.44924059682415224,4.970297525304619e+303,162221.77732735733,4970.297525304619,-27424.051509490135,88.45346019990234,37.63768583142639,0.005000000000000001,99.56249401970335,3.1146953801275272e+25,-0.05,-0.1,27728.930142069155,-1.202781515518045e+301,False,4,166176.6734109276,-27728.930142069155,9.999999897214178e-09,1.0278582204712553e-16,1.202781515518045e+301,True,-0.04,27724.051509490135,-1.6851613366220828e+301,False,4,162221.7773373573,-27724.051509490135,9.999998160192039e-09,1.8398079624318245e-15,1.6851613366220828e+301,True,-0.05,0,27724.051509490135,-1.6851613366220828e+301,False,4,162221.7773373573,-27724.051509490135,9.999998160192039e-09,1.8398079624318245e-15,1.6851613366220828e+301,True,-0.05,41,27773.11458610282,3.0779468707228832e+301,False,4,205336.00890914665,-27773.11458610282,9.999998366689544e-09,1.6333104562297137e-15,-3.0779468707228832e+301,True,0.05,0.05,-0.05,-1000000.0,,,1,,,,curvature,curvature,no feasible sigma on scan grid,4,162221.7773373573,-27724.051509490135,9.999998160192039e-09,1.8398079624318245e-15,False,no_feasible_sigma,-0.05,-0.05,0.05,legacy_scan,0,no_feasible_sigma
0.44924059682415224,0.447,0,0,162251.0549751441,4987.149138670839,4970.331927131603,0,1,-27448.61913292648,-27477.926425220347,-27448.61913292648,0.005000000000000001,0.0,100.09164342711445,99.75557723814751,1,50,0.0,-0.05,10,10.2,1463.470118471674,4987.149138670841,87.70441727909295,0.1734697727255258,0.37530533787502696,0.6163516395254951,58.702393055144604,-14.8,0.06579919600335415,"target_anchor_infeasible: G_margin=176177, Tp_margin=-27777.9",7.983928156255764e-16,1,1.6817211539236274e+301,1.6817211539236274e+301,1000000.0,2.485165963565802e+302,1.0602163402845184,927.1184071020166,-2.316993848173439e+302,176177.07792392673,0.0,-27777.926425220347,False,lbfgsb_seed_0,10.2,0.0,0.0,1.005012520859401,0.0,0.0,1.6817211539236274e+301,1.6817211539236274e+301,1000000.0,980.0,90424.2064966948,100.09164342711445,0.0,4987.149138670839,0.0,162251.0549751441,-27477.926425220347,771.6131964849549,-1092175.8196931798,1.6817211539236274e+301,0.447,4.9871491386708395e+303,176177.07791392674,4987.149138670839,-27477.926425220347,87.7044172790927,37.51268312828855,0.0,100.09164342711445,3.119790119892419e+25,0.0,0.0,0.44924059682415224,4.970331927131603e+303,162251.0549751441,4970.331927131603,-27448.61913292648,88.27714655593707,37.637645593848966,0.005000000000000001,99.75557723814751,3.1146879308694756e+25,-0.05,-0.1,27791.664662530507,2.485610158246478e+301,False,4,199454.54526947095,-27791.664662530507,9.999999895727367e-09,1.0427263352206223e-16,-2.485610158246478e+301,True,0.037500000000000006,27748.61913292648,-1.6817211539236274e+301,False,4,162251.0549851441,-27748.61913292648,9.999999201607184e-09,7.983928156255764e-16,1.6817211539236274e+301,True,-0.05,0,27748.61913292648,-1.6817211539236274e+301,False,4,162251.0549851441,-27748.61913292648,9.999999201607184e-09,7.983928156255764e-16,1.6817211539236274e+301,True,-0.05,41,27797.83326151537,3.0729995520963755e+301,False,4,205283.69120340954,-27797.83326151537,9.99999884822798e-09,1.1517720213006167e-15,-3.0729995520963755e+301,True,0.05,0.05,-0.05,-1000000.0,,,1,,,,curvature,curvature,no feasible sigma on scan grid,4,162251.0549851441,-27748.61913292648,9.999999201607184e-09,7.983928156255764e-16,False,no_feasible_sigma,-0.05,-0.05,0.05,legacy_scan,0,no_feasible_sigma
0.44924059682415224,0.447,0,0,159433.3891311917,4987.149138670839,4970.633152372256,0,1,-26707.944547340387,-26736.652081524175,-26707.944547340387,0.005000000000000001,0.0,98.94234996976702,98.61129528199922,1,50,0.0,-0.05,11,10.2,1460.470118471674,4987.149138670841,87.70441727909295,0.1734697727255258,0.37530533787502696,0.6163516395254951,58.702393055144604,-14.790500000000002,0.06872395701066125,"target_anchor_infeasible: G_margin=172849, Tp_margin=-27036.7",1.0206505630601838e-15,1,1.6515986298583932e+301,1.6515986298583932e+301,1000000.0,2.485316576186128e+302,1.0595961069950801,882.5619692278514,-2.3201567132002887e+302,172849.26921278314,0.0,-27036.652081524175,False,lbfgsb_seed_0,10.2,0.0,0.0,1.005012520859401,0.0,0.0,1.6515986298583932e+301,1.6515986298583932e+301,1000000.0,980.0,88251.65117842186,98.94234996976702,0.0,4987.149138670839,0.0,159433.3891311917,-26736.652081524175,730.9805557773855,-1089962.6317341994,1.6515986298583932e+301,0.447,4.9871491386708395e+303,172849.26920278315,4987.149138670839,-26736.652081524175,87.7044172790927,37.51268312828855,0.0,98.94234996976702,3.119790119892419e+25,0.0,0.0,0.44924059682415224,4.9706331523722556e+303,159433.3891311917,4970.633152372256,-26707.944547340387,88.27401688697118,37.63694506939139,0.005000000000000001,98.61129528199922,3.114651523805651e+25,-0.05,-0.1,27049.969012114667,2.489106976874212e+301,False,4,195725.831045862,-27049.969012114667,9.999999996394915e-09,3.605084474513096e-18,-2.489106976874212e+301,True,0.037500000000000006,27007.944547340387,-1.6515986298583932e+301,False,4,159433.3891411917,-27007.944547340387,9.999998979349438e-09,1.0206505630601838e-15,1.6515986298583932e+301,True,-0.05,0,27007.944547340387,-1.6515986298583932e+301,False,4,159433.3891411917,-27007.944547340387,9.999998979349438e-09,1.0206505630601838e-15,1.6515986298583932e+301,True,-0.05,41,27055.991750438923,3.072682839216474e+301,False,4,201407.58656141348,-27055.991750438923,9.999997127346415e-09,2.8726535860535537e-15,-3.072682839216474e+301,True,0.05,0.05,-0.05,-1000000.0,,,1,,,,curvature,curvature,no feasible sigma on scan grid,4,159433.3891411917,-27007.944547340387,9.999998979349438e-09,1.0206505630601838e-15,False,no_feasible_sigma,-0.05,-0.05,0.05,legacy_scan,0,no_feasible_sigma
4.348379798614269,0.447,0,0,60462.288041085754,5008.422686473018,4335.565964528479,0,0,4329.076904492069,4078.388722931132,4085.8155034122124,2.2750000000000004,0.0,0.2805945667096361,0.025847293940192983,50,50,0.0,-0.5,12,10.2,1306.0584944229104,5008.422686473021,80.75293679426964,0.1734697727255258,0.37530533787502696,0.6163516395254951,58.710774543798784,-13.204225376470974,0.22045924900157843,,3.924089487715884e-12,50,0.22654061070576703,0.22654061070576703,0.0,7.4947386932267e-05,2.770340658436014,0.0,-2.5438749951171795,136864.3906529685,1.0,3778.388722931132,True,lbfgsb_seed_0,10.2,0.0,0.0,9.727919012559887,0.0,0.0,0.22654061070576703,0.22654061070576703,0.0,0.0,0.0,0.2805945667096361,0.0,5008.422686473018,0.0,60462.288041085754,4078.388722931132,0.0,0.22654061070576703,0.22654061070576703,0.447,0.22803955844441237,136864.3906429685,5008.422686473018,4078.388722931132,80.7529367942696,37.120497245606686,0.0,0.2805945667096361,3.146048493797904e+25,0.0,0.0,4.348379798614269,0.0014989477386453398,34325848.7097453,4335.565964528479,4329.076904492069,67.48139153407453,36.834135861283286,2.2750000000000004,0.025847293940192983,3.407660342209924e+25,-0.5,-5.0,,,,,,,,,,,,,,,,,,,,,,,,,,,,,,,,,,,,,,,,,,,,,,,,,-2.5438749951171795,,9,,,1,40,sigma_box,curvature,,3,34325848.7097553,4029.076904492069,9.99999311158132e-09,6.888418678805494e-15,True,completed_requested_steps,-0.5,-0.5,-0.45,direct_preferred_endpoint,49,sigma_box_lower_supported
4.348379798614269,0.447,0,0,60399.04742800472,5008.422686473018,4335.755797177894,0,0,4329.265437459942,4078.8562096295727,4086.277146221752,2.2750000000000004,0.0,0.2802091511814288,0.025814940616960737,50,50,0.0,-0.5,13,10.2,1306.0584944229104,5008.422686473021,80.75293679426964,0.1734697727255258,0.37530533787502696,0.6163516395254951,58.71226080141612,-13.204225376470974,0.22045722599432338,,3.9129201435743365e-12,50,0.22639962745441955,0.22639962745441955,0.0,7.495913350326068e-05,2.7697087666269864,0.0,-2.5433840983060705,136588.69191050297,1.0,3778.8562096295727,True,lbfgsb_seed_0,10.2,0.0,0.0,9.727919012559887,0.0,0.0,0.22639962745441955,0.22639962745441955,0.0,0.0,0.0,0.2802091511814288,0.0,5008.422686473018,0.0,60399.04742800472,4078.8562096295727,0.0,0.22639962745441955,0.22639962745441955,0.447,0.22789881012448476,136588.69190050298,5008.422686473018,4078.8562096295727,80.75293679426971,37.065367602391674,0.0,0.2802091511814288,3.1507278088087438e+25,0.0,0.0,4.348379798614269,0.0014991826700652133,34263182.68807753,4335.755797177894,4329.265437459942,67.51570142321883,36.78180718897271,2.2750000000000004,0.025814940616960737,3.4124336401762206e+25,-0.5,-5.0,,,,,,,,,,,,,,,,,,,,,,,,,,,,,,,,,,,,,,,,,,,,,,,,,-2.5433840983060705,,9,,,1,40,sigma_box,curvature,,3,34263182.68808753,4029.2654374599424,9.999994653327221e-09,5.3466727797003725e-15,True,completed_requested_steps,-0.5,-0.5,-0.45,direct_preferred_endpoint,49,sigma_box_lower_supported
4.348379798614269,0.447,0,0,62735.40242299316,5014.922686473017,4341.4363927850845,0,0,4334.909593795722,4083.9315702969934,4091.3613589751576,2.2750000000000004,0.0,0.28041790958267204,0.025831404203303383,50,50,0.0,-0.5,14,10.2,1306.0584944229104,5014.922686473021,80.75293679426964,0.1734697727255258,0.37530533787502696,0.6163516395254951,58.710774543798784,-13.204225376470974,0.2195704810001189,,7.40989844752982e-12,50,0.22645878927968277,0.22645878927968277,0.0,7.528183515873588e-05,2.7508332391777524,0.0,-2.5244497317332284,141477.90096582298,1.0,3783.9315702969934,True,lbfgsb_seed_0,10.2,0.0,0.0,9.727919012559887,0.0,0.0,0.22645878927968277,0.22645878927968277,0.0,0.0,0.0,0.28041790958267204,0.0,5014.922686473017,0.0,62735.40242299316,4083.9315702969934,0.0,0.22645878927968277,0.22645878927968277,0.447,0.2279644259828575,141477.900955823,5014.922686473017,4083.9315702969934,80.75293679426977,37.09643291983358,0.0,0.28041790958267204,3.146048493797904e+25,0.0,0.0,4.348379798614269,0.0015056367031747175,35310594.44154315,4341.4363927850845,4334.909593795722,67.70627975796413,36.80955430910105,2.2750000000000004,0.025831404203303383,3.4076297767574687e+25,-0.5,-5.0,,,,,,,,,,,,,,,,,,,,,,,,,,,,,,,,,,,,,,,,,,,,,,,,,-2.5244497317332284,,9,,,1,40,sigma_box,curvature,,3,35310594.441553146,4034.909593795722,9.999988779497503e-09,1.1220502496601965e-14,True,completed_requested_steps,-0.5,-0.5,-0.45,direct_preferred_endpoint,49,sigma_box_lower_supported
4.348379798614269,0.447,0,0,59395.18660396026,5008.422686473018,4332.582166983869,0,0,4326.08554119811,4075.084112004444,4082.525347598238,2.2750000000000004,0.0,0.28074196885473796,0.025855707675820454,50,50,0.0,-0.5,15,10.2,1306.0584944229104,5008.422686473021,80.92793679426964,0.1734697727255258,0.37530533787502696,0.6163516395254951,58.710774543798784,-13.204225376470974,0.2203013859980274,,4.058037132222388e-12,50,0.22753368037287935,0.22753368037287935,0.0,7.508665425001172e-05,2.7802822298602115,0.0,-2.552823636141582,135966.42736887015,1.0,3775.084112004444,True,lbfgsb_seed_0,10.2,0.0,0.0,9.727919012559887,0.0,0.0,0.22753368037287935,0.22753368037287935,0.0,0.0,0.0,0.28074196885473796,0.0,5008.422686473018,0.0,59395.18660396026,4075.084112004444,0.0,0.22753368037287935,0.22753368037287935,0.447,0.2290354134578796,135966.42735887016,5008.422686473018,4075.084112004444,80.92793679426943,37.120497245606686,0.0,0.28074196885473796,3.146048493797904e+25,0.0,0.0,4.348379798614269,0.0015017330850002342,33549153.720162127,4332.582166983869,4326.08554119811,67.55121266380854,36.841657856535726,2.2750000000000004,0.025855707675820454,3.408137563033578e+25,-0.5,-5.0,,,,,,,,,,,,,,,,,,,,,,,,,,,,,,,,,,,,,,,,,,,,,,,,,-2.552823636141582,,9,,,1,40,sigma_box,curvature,,3,33549153.720172126,4026.08554119811,9.999991159391036e-09,8.840608964452322e-15,True,completed_requested_steps,-0.5,-0.5,-0.45,direct_preferred_endpoint,49,sigma_box_lower_supported
4.348379798614269,0.447,0,0,59144.30342599353,5008.422686473018,4332.071117790507,0,0,4325.576192534141,4074.111263204637,4081.562295121619,2.2750000000000004,0.0,0.28138668837898734,0.025909450622182792,50,50,0.0,-0.5,16,10.2,1309.0584944229104,5008.422686473021,80.75293679426964,0.1734697727255258,0.37530533787502696,0.6163516395254951,58.710774543798784,-13.204225376470974,0.2208559689897811,,4.080944352662237e-12,50,0.2278273755572522,0.2278273755572522,0.0,7.507583923241912e-05,2.781986756108609,0.0,-2.5542344563905894,135703.83561762626,1.0,3774.111263204637,True,lbfgsb_seed_0,10.2,0.0,0.0,9.727919012559887,0.0,0.0,0.2278273755572522,0.2278273755572522,0.0,0.0,0.0,0.28138668837898734,0.0,5008.422686473018,0.0,59144.30342599353,4074.111263204637,0.0,0.2278273755572522,0.2278273755572522,0.447,0.22932889234190057,135703.83560762627,5008.422686473018,4074.111263204637,80.7529367942696,37.120497245606686,0.0,0.28138668837898734,3.146048493797904e+25,0.0,0.0,4.348379798614269,0.0015015167846483823,33440027.700024057,4332.071117790507,4325.576192534141,67.34277883523706,36.838049427169864,2.2750000000000004,0.025909450622182792,3.4086724439813024e+25,-0.5,-5.0,,,,,,,,,,,,,,,,,,,,,,,,,,,,,,,,,,,,,,,,,,,,,,,,,-2.5542344563905894,,9,,,1,40,sigma_box,curvature,,3,33440027.700034056,4025.5761925341412,9.999991487218442e-09,8.512781557640795e-15,True,completed_requested_steps,-0.5,-0.5,-0.45,direct_preferred_endpoint,49,sigma_box_lower_supported
4.348379798614269,0.447,0,0,65033.222756339506,5008.422686473018,4350.731803588767,0,0,4344.290387981507,4095.865157438696,4103.251635856604,2.2750000000000004,0.0,0.2773521026276651,0.025580328953582348,50,50,0.0,-0.5,17,10.2,1306.0584944229104,5008.422686473021,80.75293679426964,0.1734697727255258,0.37530533787502696,0.6163516395254951,58.710774543798784,-13.194725376470974,0.21930754800268915,,6.3954910463991584e-12,50,0.22131696881216456,0.22131696881216456,0.0,7.413656813873848e-05,2.72008558369356,0.0,-2.498842751449534,139097.9006063113,1.0,3795.865157438696,True,lbfgsb_seed_0,10.2,0.0,0.0,9.727919012559887,0.0,0.0,0.22131696881216456,0.22131696881216456,0.0,0.0,0.0,0.2773521026276651,0.0,5008.422686473018,0.0,65033.222756339506,4095.865157438696,0.0,0.22131696881216456,0.22131696881216456,0.447,0.22279970017493933,139097.90059631132,5008.422686473018,4095.865157438696,80.7529367942696,37.120497245606686,0.0,0.2773521026276651,3.146048493797904e+25,0.0,0.0,4.348379798614269,0.0014827313627747696,37963666.98501515,4350.731803588767,4344.290387981507,67.89040830010505,36.801398531610566,2.2750000000000004,0.025580328953582348,3.404741979501372e+25,-0.5,-5.0,,,,,,,,,,,,,,,,,,,,,,,,,,,,,,,,,,,,,,,,,,,,,,,,,-2.498842751449534,,9,,,1,40,sigma_box,curvature,,3,37963666.985025145,4044.2903879815067,9.99998978404524e-09,1.0215954760736598e-14,True,completed_requested_steps,-0.5,-0.5,-0.45,direct_preferred_endpoint,49,sigma_box_lower_supported
0.44924059682415224,0.447,0,0,53350.59770421228,5068.174701002553,4997.785912571935,0,1,-504.1517954196979,-506.24691737320063,-504.1517954196979,0.005000000000000001,0.0,42.510140192834236,42.36458612434197,1,50,0.0,-0.05,18,10.2,1383.264306447292,4997.7859125719315,84.22867703668129,0.1734697727255258,0.37530533787502696,0.6163516395254951,58.706583799471694,-14.002112688235487,0.07056534900038969,"target_anchor_infeasible: G_margin=36664, Tp_margin=-806.247",2.0224386196761528e-14,1,-7.038878843061752e+301,-7.038878843061752e+301,1000000.0,2.5340873505012767e+302,0.8682983878516818,12.279079805343093,-3.237975234807452e+302,36663.967825247935,0.0,-806.2469173732006,False,lbfgsb_seed_0,10.2,0.0,0.0,1.005012520859401,0.0,0.0,-7.038878843061752e+301,-7.038878843061752e+301,1000000.0,980.0,14070.106172860782,42.510140192834236,0.0,5068.174701002553,0.0,53350.59770421228,-506.24691737320063,0.6500340917737887,-1015050.7562069526,-7.038878843061752e+301,0.447,4.997785912571935e+303,36663.96781524793,4997.785912571935,-506.24691737320063,84.22867703668163,37.316032707016085,0.0,42.36458612434197,3.132891796352553e+25,0.0,0.0,0.44924059682415224,5.068174701002553e+303,53350.59770421228,5068.174701002553,-504.1517954196979,84.64133793603361,37.36969408383634,0.005000000000000001,42.510140192834236,3.1065929608399596e+25,-0.05,-0.1,806.7686953855964,4.2805575776544934e+301,False,4,45787.21177310315,-806.7686953855964,9.999999900723571e-09,9.92764281026773e-17,-4.2805575776544934e+301,True,0.039999999999999994,804.1517954196979,7.038878843061752e+301,False,4,53350.59771421229,-804.1517954196979,9.999979775613803e-09,2.0224386196761528e-14,-7.038878843061752e+301,True,-0.05,0,804.1517954196979,7.038878843061752e+301,False,4,53350.59771421229,-804.1517954196979,9.999979775613803e-09,2.0224386196761528e-14,-7.038878843061752e+301,True,-0.05,41,807.0063473588261,3.9730631975217567e+301,False,4,45008.25028185313,-807.0063473588261,9.999999664452221e-09,3.3554777930178025e-16,-3.9730631975217567e+301,True,0.05,0.05,-0.05,-1000000.0,,,1,,,,curvature,curvature,no feasible sigma on scan grid,4,53350.59771421229,-804.1517954196979,9.999979775613803e-09,2.0224386196761528e-14,False,no_feasible_sigma,-0.05,-0.05,0.05,legacy_scan,0,no_feasible_sigma
0.44924059682415224,0.447,0,0,53241.7386359399,5068.3490477665155,4997.785912571935,0,1,-501.544002810052,-503.63085225009763,-501.544002810052,0.005000000000000001,0.0,42.45506284731812,42.308976906466,1,50,0.0,-0.05,19,10.2,1383.264306447292,4997.7859125719315,84.22867703668129,0.1734697727255258,0.37530533787502696,0.6163516395254951,58.70807005708903,-14.002112688235487,0.0702830349910073,"target_anchor_infeasible: G_margin=36556.2, Tp_margin=-803.631",1.652315846045483e-14,1,-7.05631351945803e+301,-7.05631351945803e+301,1000000.0,2.534174523883258e+302,0.8679734967975584,12.260810403615043,-3.239805875829061e+302,36556.20122141464,0.0,-803.6308522500976,False,lbfgsb_seed_0,10.2,0.0,0.0,1.005012520859401,0.0,0.0,-7.05631351945803e+301,-7.05631351945803e+301,1000000.0,980.0,14028.817328965499,42.45506284731812,0.0,5068.3490477665155,0.0,53241.7386359399,-503.63085225009763,0.6458225466882184,-1015009.4631515122,-7.05631351945803e+301,0.447,4.997785912571935e+303,36556.201211414635,4997.785912571935,-503.63085225009763,84.22867703668112,37.26061266359032,0.0,42.308976906466,3.1375515425830733e+25,0.0,0.0,0.44924059682415224,5.0683490477665156e+303,53241.7386359399,5068.3490477665155,-501.544002810052,84.64145994591605,37.31418794372038,0.005000000000000001,42.45506284731812,3.1111606129183763e+25,-0.05,-0.1,804.0304142509567,4.447641717721726e+301,False,4,46077.756031225756,-804.0304142509567,9.999999617394866e-09,3.8260513442964317e-16,-4.447641717721726e+301,True,0.035,801.544002810052,7.05631351945803e+301,False,4,53241.738645939906,-801.544002810052,9.99998347684154e-09,1.652315846045483e-14,-7.05631351945803e+301,True,-0.05,0,801.544002810052,7.05631351945803e+301,False,4,53241.738645939906,-801.544002810052,9.99998347684154e-09,1.652315846045483e-14,-7.05631351945803e+301,True,-0.05,41,804.3892878899624,3.9858034477396883e+301,False,4,44905.99821558114,-804.3892878899624,9.999994143312123e-09,5.856687876978703e-15,-3.9858034477396883e+301,True,0.05,0.05,-0.05,-1000000.0,,,1,,,,curvature,curvature,no feasible sigma on scan grid,4,53241.738645939906,-801.544002810052,9.99998347684154e-09,1.652315846045483e-14,False,no_feasible_sigma,-0.05,-0.05,0.05,legacy_scan,0,no_feasible_sigma
0.44924059682415224,0.447,0,0,55109.459508221094,5074.665374809207,5004.285912571929,0,1,-503.5116300381642,-505.6346077822918,-503.5116300381642,0.005000000000000001,0.0,42.51308233727924,42.36730567157677,1,50,0.0,-0.05,20,10.2,1383.264306447292,5004.2859125719315,84.22867703668129,0.1734697727255258,0.37530533787502696,0.6163516395254951,58.706583799471694,-14.002112688235487,0.07028958400769625,"target_anchor_infeasible: G_margin=37918.3, Tp_margin=-805.635",1.7776918554125858e-14,1,-7.0379462237278145e+301,-7.0379462237278145e+301,1000000.0,2.5373326874046037e+302,0.856244168576986,12.274593741812675,-3.241127309777385e+302,37918.330121972045,0.0,-805.6346077822918,False,lbfgsb_seed_0,10.2,0.0,0.0,1.005012520859401,0.0,0.0,-7.0379462237278145e+301,-7.0379462237278145e+301,1000000.0,980.0,14072.31346443492,42.51308233727924,0.0,5074.665374809207,0.0,55109.459508221094,-505.6346077822918,0.6490471212565271,-1015052.9625115562,-7.0379462237278145e+301,0.447,5.004285912571929e+303,37918.33011197204,5004.285912571929,-505.6346077822918,84.22867703668129,37.291790184643524,0.0,42.36730567157677,3.132891796352553e+25,0.0,0.0,0.44924059682415224,5.074665374809207e+303,55109.459508221094,5074.665374809207,-503.5116300381642,84.64084345784684,37.34597520121556,0.005000000000000001,42.51308233727924,3.106577377591762e+25,-0.05,-0.1,806.1459862832507,4.2790248627426646e+301,False,4,47315.567474597425,-806.1459862832507,9.999999716472086e-09,2.835279142575874e-16,-4.2790248627426646e+301,True,0.039999999999999994,803.5116300381642,7.0379462237278145e+301,False,4,55109.4595182211,-803.5116300381642,9.999982223081445e-09,1.7776918554125858e-14,-7.0379462237278145e+301,True,-0.05,0,803.5116300381642,7.0379462237278145e+301,False,4,55109.4595182211,-803.5116300381642,9.999982223081445e-09,1.7776918554125858e-14,-7.0379462237278145e+301,True,-0.05,41,806.3850130365627,3.971537698169121e+301,False,4,46512.9207540998,-806.3850130365627,9.999995769694146e-09,4.230305855011351e-15,-3.971537698169121e+301,True,0.05,0.05,-0.05,-1000000.0,,,1,,,,curvature,curvature,no feasible sigma on scan grid,4,55109.4595182211,-803.5116300381642,9.999982223081445e-09,1.7776918554125858e-14,False,no_feasible_sigma,-0.05,-0.05,0.05,legacy_scan,0,no_feasible_sigma
0.44924059682415224,0.447,0,0,53200.85193097212,5067.63653530548,4997.785912571935,0,1,-523.0572336631194,-525.2333093965963,-523.0572336631194,0.005000000000000001,0.0,42.51265178139702,42.369603196444544,1,50,0.0,-0.05,21,10.2,1383.264306447292,4997.7859125719315,84.4036770366813,0.1734697727255258,0.37530533787502696,0.6163516395254951,58.706583799471694,-14.002112688235487,0.07036954199429601,"target_anchor_infeasible: G_margin=36664, Tp_margin=-825.233",1.3959777022483265e-14,1,-6.985062273354453e+301,-6.985062273354453e+301,1000000.0,2.53381826765274e+302,0.8693016302971697,12.411932271666034,-3.2323244949881853e+302,36663.967825247935,0.0,-825.2333093965963,False,lbfgsb_seed_0,10.2,0.0,0.0,1.005012520859401,0.0,0.0,-6.985062273354453e+301,-6.985062273354453e+301,1000000.0,980.0,14071.990436723489,42.51265178139702,0.0,5067.63653530548,0.0,53200.85193097212,-525.2333093965963,0.6810100149376583,-1015052.6714467384,-6.985062273354453e+301,0.447,4.997785912571935e+303,36663.96781524793,4997.785912571935,-525.2333093965963,84.40367703668116,37.316032707016085,0.0,42.369603196444544,3.132891796352553e+25,0.0,0.0,0.44924059682415224,5.06763653530548e+303,53200.85193097212,5067.63653530548,-523.0572336631194,84.81463350438581,37.36946077657417,0.005000000000000001,42.51265178139702,3.1067773075410215e+25,-0.05,-0.1,825.6157960254322,4.435154833084515e+301,False,4,46182.74149825584,-825.6157960254322,9.999999530196913e-09,4.698030866640657e-16,-4.435154833084515e+301,True,0.035,823.0572336631194,6.985062273354453e+301,False,4,53200.85194097213,-823.0572336631194,9.999986040222978e-09,1.3959777022483265e-14,-6.985062273354453e+301,True,-0.05,0,823.0572336631194,6.985062273354453e+301,False,4,53200.85194097213,-823.0572336631194,9.999986040222978e-09,1.3959777022483265e-14,-6.985062273354453e+301,True,-0.05,41,825.9882874615496,3.983698060312472e+301,False,4,45032.86990616547,-825.9882874615496,9.999997689055985e-09,2.310944014918659e-15,-3.983698060312472e+301,True,0.05,0.05,-0.05,-1000000.0,,,1,,,,curvature,curvature,no feasible sigma on scan grid,4,53200.85194097213,-823.0572336631194,9.999986040222978e-09,1.3959777022483265e-14,False,no_feasible_sigma,-0.05,-0.05,0.05,legacy_scan,0,no_feasible_sigma
0.44924059682415224,0.447,0,0,53122.544194584814,5067.353274197896,4997.785912571935,0,1,-527.9559228164553,-530.1469110205817,-527.9559228164553,0.005000000000000001,0.0,42.59862097499467,42.4564657150902,1,50,0.0,-0.05,22,10.2,1386.264306447292,4997.7859125719315,84.22867703668129,0.1734697727255258,0.37530533787502696,0.6163516395254951,58.706583799471694,-14.002112688235487,0.07363320399599615,"target_anchor_infeasible: G_margin=36664, Tp_margin=-830.147",1.9713641348741143e-14,1,-6.956736162596054e+301,-6.956736162596054e+301,1000000.0,2.5336766370989482e+302,0.8698299151493849,12.446472993335705,-3.2293502533585537e+302,36663.967825247935,0.0,-830.1469110205817,False,lbfgsb_seed_0,10.2,0.0,0.0,1.005012520859401,0.0,0.0,-6.956736162596054e+301,-6.956736162596054e+301,1000000.0,980.0,14136.56299221309,42.59862097499467,0.0,5067.353274197896,0.0,53122.544194584814,-530.1469110205817,0.6891438938770136,-1015117.252136107,-6.956736162596054e+301,0.447,4.997785912571935e+303,36663.96781524793,4997.785912571935,-530.1469110205817,84.22867703668102,37.316032707016085,0.0,42.4564657150902,3.132891796352553e+25,0.0,0.0,0.44924059682415224,5.067353274197896e+303,53122.544194584814,5067.353274197896,-527.9559228164553,84.63852226243944,37.369464291858165,0.005000000000000001,42.59862097499467,3.1068638472877914e+25,-0.05,-0.1,830.4648050881078,4.489949521330788e+301,False,4,46327.10461724138,-830.4648050881078,9.999999472226018e-09,5.277739824387685e-16,-4.489949521330788e+301,True,0.0325,827.9559228164553,6.956736162596054e+301,False,4,53122.54420458482,-827.9559228164553,9.99998028635865e-09,1.9713641348741143e-14,-6.956736162596054e+301,True,-0.05,0,827.9559228164553,6.956736162596054e+301,False,4,53122.54420458482,-827.9559228164553,9.99998028635865e-09,1.9713641348741143e-14,-6.956736162596054e+301,True,-0.05,41,830.9050053619276,3.964970945711761e+301,False,4,44988.39308010903,-830.9050053619276,9.999998224531882e-09,1.7754681188274578e-15,-3.964970945711761e+301,True,0.05,0.05,-0.05,-1000000.0,,,1,,,,curvature,curvature,no feasible sigma on scan grid,4,53122.54420458482,-827.9559228164553,9.99998028635865e-09,1.9713641348741143e-14,False,no_feasible_sigma,-0.05,-0.05,0.05,legacy_scan,0,no_feasible_sigma
0.44924059682415224,0.447,0,0,53551.864897264626,5072.617983182209,4997.785912571935,0,1,-401.0855652002674,-402.7322145089711,-401.0855652002674,0.005000000000000001,0.0,42.12751583248102,41.96431846542373,1,50,0.0,-0.05,23,10.2,1383.264306447292,4997.7859125719315,84.22867703668129,0.1734697727255258,0.37530533787502696,0.6163516395254951,58.706583799471694,-13.992612688235488,0.07070397200004663,"target_anchor_infeasible: G_margin=35954.4, Tp_margin=-702.732",3.0337063531274045e-14,1,-7.483207061027381e+301,-7.483207061027381e+301,1000000.0,2.5363089915911045e+302,0.8600374051170333,11.567383021813624,-3.2846296976938427e+302,35954.389016377856,0.0,-702.7322145089711,False,lbfgsb_seed_0,10.2,0.0,0.0,1.005012520859401,0.0,0.0,-7.483207061027381e+301,-7.483207061027381e+301,1000000.0,980.0,13784.52431891129,42.12751583248102,0.0,5072.617983182209,0.0,53551.864897264626,-402.7322145089711,0.4938325653086825,-1014765.0181514765,-7.483207061027381e+301,0.447,4.997785912571935e+303,35954.38900637785,4997.785912571935,-402.7322145089711,84.22867703668102,37.316032707016085,0.0,41.96431846542373,3.132891796352553e+25,0.0,0.0,0.44924059682415224,5.072617983182209e+303,53551.864897264626,5072.617983182209,-401.0855652002674,84.6547646134171,37.370194611328316,0.005000000000000001,42.12751583248102,3.1051904857163455e+25,-0.05,-0.1,703.4127142929419,4.242362665083382e+301,False,4,44796.90531186278,-703.4127142929419,9.999999671811602e-09,3.281883981142433e-16,-4.242362665083382e+301,True,0.045,701.0855652002674,7.483207061027381e+301,False,4,53551.86490726463,-701.0855652002674,9.999969662936469e-09,3.0337063531274045e-14,-7.483207061027381e+301,True,-0.05,0,701.0855652002674,7.483207061027381e+301,False,4,53551.86490726463,-701.0855652002674,9.999969662936469e-09,3.0337063531274045e-14,-7.483207061027381e+301,True,-0.05,41,703.5071901731171,4.0712318962290725e+301,False,4,44373.42436839592,-703.5071901731171,9.999998352890792e-09,1.6471092089801058e-15,-4.0712318962290725e+301,True,0.05,0.05,-0.05,-1000000.0,,,1,,,,curvature,curvature,no feasible sigma on scan grid,4,53551.86490726463,-701.0855652002674,9.999969662936469e-09,3.0337063531274045e-14,False,no_feasible_sigma,-0.05,-0.05,0.05,legacy_scan,0,no_feasible_sigma
4.348379798614269,0.447,0,0,60462.25272164994,5008.422685606209,4335.565846671877,0,0,4329.076786306627,4078.388587027415,4085.815367863053,2.2750000000000004,0.0,0.2805945910898898,0.025847295932577653,50,50,0.0,-0.5,24,10.2,1306.0585007145396,5008.422685606212,80.75293707751347,0.1734697727255258,0.37530533787502696,0.6163516395254951,58.71077454345727,-13.204225441492131,0.2197456370049622,,3.923176370878387e-12,50,0.22654065129818113,0.22654065129818113,0.0,7.494739277640328e-05,2.770341050765106,0.0,-2.5438753468597013,136864.37106178753,1.0,3778.388587027415,True,lbfgsb_seed_0,10.2,0.0,0.0,9.727919012559887,0.0,0.0,0.22654065129818113,0.22654065129818113,0.0,0.0,0.0,0.2805945910898898,0.0,5008.422685606209,0.0,60462.25272164994,4078.388587027415,0.0,0.22654065129818113,0.22654065129818113,0.447,0.2280395991537092,136864.37105178754,5008.422685606209,4078.388587027415,80.75293707751372,37.12049726149613,0.0,0.2805945910898898,3.1460484927234807e+25,0.0,0.0,4.348379798614269,0.0014989478555280655,34325821.64444977,4335.565846671877,4329.076786306627,67.4813884050853,36.834136124267545,2.2750000000000004,0.025847295932577653,3.4076603641966504e+25,-0.5,-5.0,,,,,,,,,,,,,,,,,,,,,,,,,,,,,,,,,,,,,,,,,,,,,,,,,-2.5438753468597013,,9,,,1,40,sigma_box,curvature,,3,34325821.64445977,4029.0767863066267,9.999994025912288e-09,5.974087712391708e-15,True,completed_requested_steps,-0.5,-0.5,-0.45,direct_preferred_endpoint,49,sigma_box_lower_supported
4.348379798614269,0.447,0,0,60399.012166438726,5008.422685606209,4335.755679358962,0,0,4329.265319310468,4078.8560737916364,4086.277010737448,2.2750000000000004,0.0,0.2802091755254719,0.02581494260710003,50,50,0.0,-0.5,25,10.2,1306.0585007145396,5008.422685606212,80.75293707751347,0.1734697727255258,0.37530533787502696,0.6163516395254951,58.71226080107461,-13.204225441492131,0.2196592599939322,,3.915648535982449e-12,50,0.2263996680172935,0.2263996680172935,0.0,7.495913936649279e-05,2.76970915878595,0.0,-2.5433844499080225,136588.67235704183,1.0,3778.8560737916364,True,lbfgsb_seed_0,10.2,0.0,0.0,9.727919012559887,0.0,0.0,0.2263996680172935,0.2263996680172935,0.0,0.0,0.0,0.2802091755254719,0.0,5008.422685606209,0.0,60399.012166438726,4078.8560737916364,0.0,0.2263996680172935,0.2263996680172935,0.447,0.22789885080462335,136588.67234704184,5008.422685606209,4078.8560737916364,80.75293707751365,37.06536761825727,0.0,0.2802091755254719,3.1507278077327445e+25,0.0,0.0,4.348379798614269,0.0014991827873298558,34263155.66724955,4335.755679358962,4329.265319310468,67.51569830621763,36.781807451920734,2.2750000000000004,0.02581494260710003,3.412433662145591e+25,-0.5,-5.0,,,,,,,,,,,,,,,,,,,,,,,,,,,,,,,,,,,,,,,,,,,,,,,,,-2.5433844499080225,,9,,,1,40,sigma_box,curvature,,3,34263155.66725955,4029.265319310468,9.999992492972298e-09,7.50702770206034e-15,True,completed_requested_steps,-0.5,-0.5,-0.45,direct_preferred_endpoint,49,sigma_box_lower_supported
4.348379798614269,0.447,0,0,62735.365898854434,5014.922685606213,4341.436274886054,0,0,4334.9094755530605,4083.931434250378,4091.361223283163,2.2750000000000004,0.0,0.28041793394660613,0.02583140619379043,50,50,0.0,-0.5,26,10.2,1306.0585007145396,5014.922685606212,80.75293707751347,0.1734697727255258,0.37530533787502696,0.6163516395254951,58.71077454345727,-13.204225441492131,0.21917429400491528,,7.411418723901057e-12,50,0.2264588298538559,0.2264588298538559,0.0,7.528184117571169e-05,2.750833630263849,0.0,-2.524450082251169,141477.88072093285,1.0,3783.931434250378,True,lbfgsb_seed_0,10.2,0.0,0.0,9.727919012559887,0.0,0.0,0.2264588298538559,0.2264588298538559,0.0,0.0,0.0,0.28041793394660613,0.0,5014.922685606213,0.0,62735.365898854434,4083.931434250378,0.0,0.2264588298538559,0.2264588298538559,0.447,0.22796446667737014,141477.88071093286,5014.922685606213,4083.931434250378,80.752937077513,37.09643293570854,0.0,0.28041793394660613,3.1460484927234807e+25,0.0,0.0,4.348379798614269,0.0015056368235142337,35310566.50635513,4341.436274886054,4334.9094755530605,67.7062767168039,36.80955457082651,2.2750000000000004,0.02583140619379043,3.407629798798307e+25,-0.5,-5.0,,,,,,,,,,,,,,,,,,,,,,,,,,,,,,,,,,,,,,,,,,,,,,,,,-2.524450082251169,,9,,,1,40,sigma_box,curvature,,3,35310566.50636513,4034.9094755530605,9.999994961988196e-09,5.038011804948083e-15,True,completed_requested_steps,-0.5,-0.5,-0.45,direct_preferred_endpoint,49,sigma_box_lower_supported
4.348379798614269,0.447,0,0,59395.1517522615,5008.422685606209,4332.582048617962,0,0,4326.08542251136,4075.0839756289433,4082.525211578013,2.2750000000000004,0.0,0.28074199326780963,0.025855709670451234,50,50,0.0,-0.5,27,10.2,1306.0585007145396,5008.422685606212,80.92793707751346,0.1734697727255258,0.37530533787502696,0.6163516395254951,58.71077454345727,-13.204225441492131,0.23781029500241857,,4.0572349471017475e-12,50,0.2275337211753239,0.2275337211753239,0.0,7.508666001826425e-05,2.7802826245910732,0.0,-2.552823990075767,135966.40791670763,1.0,3775.0839756289433,True,lbfgsb_seed_0,10.2,0.0,0.0,9.727919012559887,0.0,0.0,0.2275337211753239,0.2275337211753239,0.0,0.0,0.0,0.28074199326780963,0.0,5008.422685606209,0.0,59395.1517522615,4075.0839756289433,0.0,0.2275337211753239,0.2275337211753239,0.447,0.22903545437568917,135966.40790670764,5008.422685606209,4075.0839756289433,80.92793707751345,37.12049726149613,0.0,0.28074199326780963,3.1460484927234807e+25,0.0,0.0,4.348379798614269,0.001501733200365285,33549127.20973489,4332.582048617962,4326.08542251136,67.55120947666519,36.841658121882396,2.2750000000000004,0.025855709670451234,3.40813758504203e+25,-0.5,-5.0,,,,,,,,,,,,,,,,,,,,,,,,,,,,,,,,,,,,,,,,,,,,,,,,,-2.552823990075767,,9,,,1,40,sigma_box,curvature,,3,33549127.20974489,4026.08542251136,9.99998990236139e-09,1.009763861022022e-14,True,completed_requested_steps,-0.5,-0.5,-0.45,direct_preferred_endpoint,49,sigma_box_lower_supported
4.348379798614269,0.447,0,0,59144.26868124768,5008.422685606209,4332.070999337961,0,0,4325.576073763997,4074.111126700486,4081.5621589742473,2.2750000000000004,0.0,0.28138671285061767,0.025909452620377294,50,50,0.0,-0.5,28,10.2,1309.0585007145396,5008.422685606212,80.75293707751347,0.1734697727255258,0.37530533787502696,0.6163516395254951,58.71077454345727,-13.204225441492131,0.24176953299320303,,4.078586001873205e-12,50,0.2278274164188241,0.2278274164188241,0.0,7.50758449650002e-05,2.7819871512494667,0.0,-2.5542348106756076,135703.81620886497,1.0,3774.111126700486,True,lbfgsb_seed_0,10.2,0.0,0.0,9.727919012559887,0.0,0.0,0.2278274164188241,0.2278274164188241,0.0,0.0,0.0,0.28138671285061767,0.0,5008.422685606209,0.0,59144.26868124768,4074.111126700486,0.0,0.2278274164188241,0.2278274164188241,0.447,0.2293289333181241,135703.81619886498,5008.422685606209,4074.111126700486,80.75293707751342,37.12049726149613,0.0,0.28138671285061767,3.1460484927234807e+25,0.0,0.0,4.348379798614269,0.0015015168993000039,33440001.28252197,4332.070999337961,4325.576073763997,67.34277563293152,36.838049692078066,2.2750000000000004,0.025909452620377294,3.408672466070955e+25,-0.5,-5.0,,,,,,,,,,,,,,,,,,,,,,,,,,,,,,,,,,,,,,,,,,,,,,,,,-2.5542348106756076,,9,,,1,40,sigma_box,curvature,,3,33440001.28253197,4025.5760737639966,9.999991858053632e-09,8.141946367955891e-15,True,completed_requested_steps,-0.5,-0.5,-0.45,direct_preferred_endpoint,49,sigma_box_lower_supported
4.348379798614269,0.447,0,0,65033.185600051955,5008.422685606209,4350.731688172659,0,0,4344.290272198554,4095.8650240742136,4103.251502838755,2.2750000000000004,0.0,0.27735212662023573,0.02558033092036016,50,50,0.0,-0.5,29,10.2,1306.0585007145396,5008.422685606212,80.75293707751347,0.1734697727255258,0.37530533787502696,0.6163516395254951,58.71077454345727,-13.19472544149213,0.24081243100226857,,6.394570663834284e-12,50,0.22131700829186296,0.22131700829186296,0.0,7.413657433674725e-05,2.7200859643978066,0.0,-2.4988430926802803,139097.8806468122,1.0,3795.8650240742136,True,lbfgsb_seed_0,10.2,0.0,0.0,9.727919012559887,0.0,0.0,0.22131700829186296,0.22131700829186296,0.0,0.0,0.0,0.27735212662023573,0.0,5008.422685606209,0.0,65033.185600051955,4095.8650240742136,0.0,0.22131700829186296,0.22131700829186296,0.447,0.2227997397785979,139097.88063681222,5008.422685606209,4095.8650240742136,80.75293707751342,37.12049726149613,0.0,0.27735212662023573,3.1460484927234807e+25,0.0,0.0,4.348379798614269,0.001482731486734945,37963637.37472356,4350.731688172659,4344.290272198554,67.89040543363502,36.80139878703168,2.2750000000000004,0.02558033092036016,3.404742001031124e+25,-0.5,-5.0,,,,,,,,,,,,,,,,,,,,,,,,,,,,,,,,,,,,,,,,,,,,,,,,,-2.4988430926802803,,9,,,1,40,sigma_box,curvature,,3,37963637.37473356,4044.290272198554,9.999993213199248e-09,6.786800752053275e-15,True,completed_requested_steps,-0.5,-0.5,-0.45,direct_preferred_endpoint,49,sigma_box_lower_supported
4.348379798614269,0.447,0,0,60462.21740222103,5008.4226847394075,4335.5657288152315,0,0,4329.076668121142,4078.388451123701,4085.815232313887,2.2750000000000004,0.0,0.2805946154701444,0.02584729792496213,50,50,0.0,-0.5,30,10.2,1306.0585070061693,5008.422684739404,80.7529373607573,0.1734697727255258,0.37530533787502696,0.6163516395254951,58.71077454311576,-13.20422550651329,0.24144379200879484,,3.927803825290775e-12,50,0.226540691890599,0.226540691890599,0.0,7.494739862052847e-05,2.770341443094371,0.0,-2.5438756986023927,136864.3514705772,1.0,3778.388451123701,True,lbfgsb_seed_0,10.2,0.0,0.0,9.727919012559887,0.0,0.0,0.226540691890599,0.226540691890599,0.0,0.0,0.0,0.2805946154701444,0.0,5008.4226847394075,0.0,60462.21740222103,4078.388451123701,0.0,0.226540691890599,0.226540691890599,0.447,0.22803963986300957,136864.35146057722,5008.4226847394075,4078.388451123701,80.75293736075682,37.120497277385276,0.0,0.2805946154701444,3.1460484916490796e+25,0.0,0.0,4.348379798614269,0.0014989479724105692,34325794.57917379,4335.5657288152315,4329.076668121142,67.48138527609025,36.834136387251235,2.2750000000000004,0.02584729792496213,3.4076603861834495e+25,-0.5,-5.0,,,,,,,,,,,,,,,,,,,,,,,,,,,,,,,,,,,,,,,,,,,,,,,,,-2.5438756986023927,,9,,,1,40,sigma_box,curvature,,3,34325794.57918379,4029.0766681211417,9.999988217391558e-09,1.1782608441602017e-14,True,completed_requested_steps,-0.5,-0.5,-0.45,direct_preferred_endpoint,49,sigma_box_lower_supported
4.348379798614269,0.447,0,0,60398.97690488306,5008.4226847394075,4335.755561540009,0,0,4329.265201160972,4078.8559379536855,4086.276875253127,2.2750000000000004,0.0,0.28020919986952014,0.025814944597239948,50,50,0.0,-0.5,31,10.2,1306.0585070061693,5008.422684739404,80.7529373607573,0.1734697727255258,0.37530533787502696,0.6163516395254951,58.7122608007331,-13.20422550651329,0.22408706400892697,,3.9164991752830255e-12,50,0.22639970858017655,0.22639970858017655,0.0,7.495914522973602e-05,2.7697095509450116,0.0,-2.5433848015100646,136588.65280346872,1.0,3778.8559379536855,True,lbfgsb_seed_0,10.2,0.0,0.0,9.727919012559887,0.0,0.0,0.22639970858017655,0.22639970858017655,0.0,0.0,0.0,0.28020919986952014,0.0,5008.4226847394075,0.0,60398.97690488306,4078.8559379536855,0.0,0.22639970858017655,0.22639970858017655,0.447,0.22789889148477127,136588.65279346873,5008.4226847394075,4078.8559379536855,80.75293736075731,37.06536763412308,0.0,0.28020919986952014,3.150727806656723e+25,0.0,0.0,4.348379798614269,0.0014991829045947203,34263128.64642726,4335.755561540009,4329.265201160972,67.51569518921598,36.781807714869394,2.2750000000000004,0.025814944597239948,3.412433684114913e+25,-0.5,-5.0,,,,,,,,,,,,,,,,,,,,,,,,,,,,,,,,,,,,,,,,,,,,,,,,,-2.5433848015100646,,9,,,1,40,sigma_box,curvature,,3,34263128.64643726,4029.2652011609716,9.9999920780553e-09,7.921944699835063e-15,True,completed_requested_steps,-0.5,-0.5,-0.45,direct_preferred_endpoint,49,sigma_box_lower_supported
4.348379798614269,0.447,0,0,62735.32937473449,5014.922684739401,4341.436156986965,0,0,4334.90935731034,4083.93129820372,4091.3610875910977,2.2750000000000004,0.0,0.2804179583105429,0.02583140818427808,50,50,0.0,-0.5,32,10.2,1306.0585070061693,5014.922684739404,80.7529373607573,0.1734697727255258,0.37530533787502696,0.6163516395254951,58.71077454311576,-13.20422550651329,0.22571958300250117,,7.412993188680765e-12,50,0.22645887042804258,0.22645887042804258,0.0,7.52818471926986e-05,2.7508340213501663,0.0,-2.5244504327693162,141477.86047602154,1.0,3783.93129820372,True,lbfgsb_seed_0,10.2,0.0,0.0,9.727919012559887,0.0,0.0,0.22645887042804258,0.22645887042804258,0.0,0.0,0.0,0.2804179583105429,0.0,5014.922684739401,0.0,62735.32937473449,4083.93129820372,0.0,0.22645887042804258,0.22645887042804258,0.447,0.22796450737189655,141477.86046602155,5014.922684739401,4083.93129820372,80.75293736075702,37.09643295158327,0.0,0.2804179583105429,3.1460484916490796e+25,0.0,0.0,4.348379798614269,0.0015056369438539718,35310538.57116517,4341.436156986965,4334.90935731034,67.70627367564376,36.80955483255251,2.2750000000000004,0.02583140818427808,3.407629820839121e+25,-0.5,-5.0,,,,,,,,,,,,,,,,,,,,,,,,,,,,,,,,,,,,,,,,,,,,,,,,,-2.5244504327693162,,9,,,1,40,sigma_box,curvature,,3,35310538.571175165,4034.90935731034,9.999992008487096e-09,7.991512904290086e-15,True,completed_requested_steps,-0.5,-0.5,-0.45,direct_preferred_endpoint,49,sigma_box_lower_supported
4.348379798614269,0.447,0,0,59395.116900538065,5008.4226847394075,4332.581930251881,0,0,4326.085303824438,4075.0838392534365,4082.5250755577754,2.2750000000000004,0.0,0.28074201768088264,0.025855711665083148,50,50,0.0,-0.5,33,10.2,1306.0585070061693,5008.422684739404,80.9279373607573,0.1734697727255258,0.37530533787502696,0.6163516395254951,58.71077454311576,-13.20422550651329,0.22977689499384724,,4.059496781524001e-12,50,0.22753376197777553,0.22753376197777553,0.0,7.50866657865057e-05,2.7802830193225425,0.0,-2.5528243440105536,135966.38846451297,1.0,3775.0838392534365,True,lbfgsb_seed_0,10.2,0.0,0.0,9.727919012559887,0.0,0.0,0.22753376197777553,0.22753376197777553,0.0,0.0,0.0,0.28074201768088264,0.0,5008.4226847394075,0.0,59395.116900538065,4075.0838392534365,0.0,0.22753376197777553,0.22753376197777553,0.447,0.22903549529350564,135966.38845451298,5008.4226847394075,4075.0838392534365,80.92793736075704,37.120497277385276,0.0,0.28074201768088264,3.1460484916490796e+25,0.0,0.0,4.348379798614269,0.0015017333157301138,33549100.699301463,4332.581930251881,4326.085303824438,67.55120628951894,36.841658387230346,2.2750000000000004,0.025855711665083148,3.4081376070504338e+25,-0.5,-5.0,,,,,,,,,,,,,,,,,,,,,,,,,,,,,,,,,,,,,,,,,,,,,,,,,-2.5528243440105536,,9,,,1,40,sigma_box,curvature,,3,33549100.69931146,4026.0853038244377,9.99999382998909e-09,6.170010910388005e-15,True,completed_requested_steps,-0.5,-0.5,-0.45,direct_preferred_endpoint,49,sigma_box_lower_supported
4.348379798614269,0.447,0,0,59144.2339365246,5008.4226847394075,4332.070880885388,0,0,4325.575954993827,4074.110990196327,4081.562022826898,2.2750000000000004,0.0,0.28138673732224934,0.025909454618570815,50,50,0.0,-0.5,34,10.2,1309.0585070061693,5008.422684739404,80.7529373607573,0.1734697727255258,0.37530533787502696,0.6163516395254951,58.71077454311576,-13.20422550651329,0.22773512300045695,,4.080173228776624e-12,50,0.22782745728040332,0.22782745728040332,0.0,7.507585069755908e-05,2.781987546390446,0.0,-2.5542351649607404,135703.79680007158,1.0,3774.110990196327,True,lbfgsb_seed_0,10.2,0.0,0.0,9.727919012559887,0.0,0.0,0.22782745728040332,0.22782745728040332,0.0,0.0,0.0,0.28138673732224934,0.0,5008.4226847394075,0.0,59144.2339365246,4074.110990196327,0.0,0.22782745728040332,0.22782745728040332,0.447,0.2293289742943545,135703.7967900716,5008.4226847394075,4074.110990196327,80.75293736075682,37.120497277385276,0.0,0.28138673732224934,3.1460484916490796e+25,0.0,0.0,4.348379798614269,0.0015015170139511813,33439974.865050778,4332.070880885388,4325.575954993827,67.3427724306177,36.838049956984555,2.2750000000000004,0.025909454618570815,3.4086724881607774e+25,-0.5,-5.0,,,,,,,,,,,,,,,,,,,,,,,,,,,,,,,,,,,,,,,,,,,,,,,,,-2.5542351649607404,,9,,,1,40,sigma_box,curvature,,3,33439974.865060776,4025.5759549938266,9.99999252332474e-09,7.476675258955486e-15,True,completed_requested_steps,-0.5,-0.5,-0.45,direct_preferred_endpoint,49,sigma_box_lower_supported
4.348379798614269,0.447,0,0,65033.14844378407,5008.4226847394075,4350.731572756554,0,0,4344.290156415602,4095.864890709722,4103.251369820932,2.2750000000000004,0.0,0.27735215061280805,0.025580332887139512,50,50,0.0,-0.5,35,10.2,1306.0585070061693,5008.422684739404,80.7529373607573,0.1734697727255258,0.37530533787502696,0.6163516395254951,58.71077454311576,-13.19472550651329,0.2265758889989229,,6.395768500255347e-12,50,0.2213170477715678,0.2213170477715678,0.0,7.413658053478933e-05,2.7200863451020703,0.0,-2.498843433911037,139097.86068735836,1.0,3795.864890709722,True,lbfgsb_seed_0,10.2,0.0,0.0,9.727919012559887,0.0,0.0,0.2213170477715678,0.2213170477715678,0.0,0.0,0.0,0.27735215061280805,0.0,5008.4226847394075,0.0,65033.14844378407,4095.864890709722,0.0,0.2213170477715678,0.2213170477715678,0.447,0.22279977938226359,139097.86067735837,5008.4226847394075,4095.864890709722,80.75293736075682,37.120497277385276,0.0,0.27735215061280805,3.1460484916490796e+25,0.0,0.0,4.348379798614269,0.0014827316106957866,37963607.764424995,4350.731572756554,4344.290156415602,67.89040256717144,36.80139904245462,2.2750000000000004,0.025580332887139512,3.4047420225607078e+25,-0.5,-5.0,,,,,,,,,,,,,,,,,,,,,,,,,,,,,,,,,,,,,,,,,,,,,,,,,-2.498843433911037,,9,,,1,40,sigma_box,curvature,,3,37963607.76443499,4044.290156415602,9.999987788679265e-09,1.221132073438944e-14,True,completed_requested_steps,-0.5,-0.5,-0.45,direct_preferred_endpoint,49,sigma_box_lower_supported
0.49154750824136806,0.447,0,0,374.3161119609101,5003.1042986556695,4319.264611015385,0,0,2797.93513330198,2738.4872983519554,2750.673503322723,0.09500000000000001,0.0,0.5266888774950836,0.4545698680127864,6,50,0.0,-0.25,36,10.2,1344.6614067267308,5003.104298655668,82.4908071987193,0.1734697727255258,0.37530533787502696,0.6163516395254951,58.708679171293724,-13.603169097374389,0.37814980901021045,reverse_rollout_failed,0.003337782390831965,6,0.2770819896659986,0.2770819896659986,1000000.0,0.027493855675494852,2.824871447785266,0.04543578937038894,-2.6207191031651513,60558.881520635034,1.0,2438.4872983519554,False,lbfgsb_seed_0,10.2,0.0,0.0,1.099658855126103,0.0,0.0,0.2770819896659986,0.2770819896659986,1000000.0,880.0,0.0,0.5266888774950836,0.0,5003.1042986556695,0.0,374.3161119609101,2738.4872983519554,0.0,-1000880.0,-879.722918010334,0.447,0.8269591031758956,60558.88151063503,5003.1042986556695,2738.4872983519554,82.49080719871901,37.218126066035644,0.0,0.5266888774950836,3.139463251961178e+25,0.0,0.0,0.49154750824136806,0.549877113509897,374.3161119609101,4319.264611015385,2786.843275099309,78.74303350961738,38.35082896918825,0.09500000000000001,0.4545698680127864,3.2790649835376677e+25,-0.2,-0.6000000000000001,0.003337772390831965,-0.03866730904539928,False,30,374.3161219609101,2486.843275099309,-0.003337772390831965,0.003337782390831965,0.03866730904539928,True,-0.2,0.003337772390831965,-0.03866730904539928,False,30,374.3161219609101,2486.843275099309,-0.003337772390831965,0.003337782390831965,0.03866730904539928,True,-0.2,0,0.005720667891994716,-0.03892158728077333,False,28,377.43256814076517,2487.256598544961,-0.005720667891994716,0.005720677891994716,0.03892158728077333,True,-0.3,41,0.003337772390831965,-0.03866730904539928,False,30,374.3161219609101,2486.843275099309,-0.003337772390831965,0.003337782390831965,0.03866730904539928,True,-0.2,-0.2,-0.3,-1000000.0,,5,1,,,,curvature,curvature,no feasible sigma on scan grid,30,374.3161219609101,2486.843275099309,-0.003337772390831965,0.003337782390831965,False,no_feasible_sigma,-0.2,-0.3,-0.2,legacy_scan,5,no_feasible_sigma
0.49154750824136806,0.447,0,0,387.084616835823,5003.1042986556695,4320.235332664263,0,0,2798.973633208006,2739.5943753045863,2751.7570220178463,0.09500000000000001,0.0,0.5258902099373628,0.4537658965326434,6,50,0.0,-0.25,37,10.2,1344.6614067267308,5003.104298655668,82.4908071987193,0.1734697727255258,0.37530533787502696,0.6163516395254951,58.71016542891107,-13.603169097374389,0.37307749599858653,reverse_rollout_failed,0.003254566365381123,6,0.2769351724458422,0.2769351724458422,1000000.0,0.027464282598900127,2.821609337629538,0.044717973870048854,-2.6168564216526446,60431.328080876985,1.0,2439.5943753045863,False,lbfgsb_seed_0,10.2,0.0,0.0,1.099658855126103,0.0,0.0,0.2769351724458422,0.2769351724458422,1000000.0,880.0,0.0,0.5258902099373628,0.0,5003.1042986556695,0.0,387.084616835823,2739.5943753045863,0.0,-1000880.0,-879.7230648275541,0.447,0.8262208244238447,60431.32807087698,5003.1042986556695,2739.5943753045863,82.490807198719,37.16285142901809,0.0,0.5258902099373628,3.14413277232932e+25,0.0,0.0,0.49154750824136806,0.5492856519780025,387.084616835823,4320.235332664263,2788.5337524094,78.74204376155568,38.28376727920687,0.09500000000000001,0.4537658965326434,3.2844398673191644e+25,-0.2,-0.6000000000000001,0.003254556365381123,-0.039267572528336014,False,27,387.084626835823,2488.5337524094,-0.003254556365381123,0.003254566365381123,0.039267572528336014,True,-0.2,0.003254556365381123,-0.039267572528336014,False,27,387.084626835823,2488.5337524094,-0.003254556365381123,0.003254566365381123,0.039267572528336014,True,-0.2,0,0.005627939785465821,-0.03953142370975993,False,28,390.02227335215207,2488.9462496173055,-0.005627939785465821,0.005627949785465821,0.03953142370975993,True,-0.3,41,0.003254556365381123,-0.039267572528336014,False,27,387.084626835823,2488.5337524094,-0.003254556365381123,0.003254566365381123,0.039267572528336014,True,-0.2,-0.2,-0.3,-1000000.0,,5,1,,,,curvature,curvature,no feasible sigma on scan grid,27,387.084626835823,2488.5337524094,-0.003254556365381123,0.003254566365381123,False,no_feasible_sigma,-0.2,-0.3,-0.2,legacy_scan,5,no_feasible_sigma
0.49154750824136806,0.447,0,0,464.362609191287,5009.604298655668,4326.2304156875025,0,0,2802.517581104955,2742.604990768,2754.8031774531983,0.09500000000000001,0.0,0.5263238454170934,0.4533824082850636,6,50,0.0,-0.25,38,10.2,1344.6614067267308,5009.604298655668,82.4908071987193,0.1734697727255258,0.37530533787502696,0.6163516395254951,58.708679171293724,-13.603169097374389,0.3716956270072842,reverse_rollout_failed,0.0029128395534826026,6,0.27839406985507686,0.27839406985507686,1000000.0,0.02740960414576339,2.801504621369631,0.04228133143178613,-2.5928014870921032,62625.00176977067,1.0,2442.604990768,False,lbfgsb_seed_0,10.2,0.0,0.0,1.099658855126103,0.0,0.0,0.27839406985507686,0.27839406985507686,1000000.0,880.0,0.0,0.5263238454170934,0.0,5009.604298655668,0.0,464.362609191287,2742.604990768,0.0,-1000880.0,-879.721605930145,0.447,0.8265861527703446,62625.00175977067,5009.604298655668,2742.604990768,82.49080719871911,37.19397282672731,0.0,0.5263238454170934,3.139463251961178e+25,0.0,0.0,0.49154750824136806,0.5481920829152678,464.362609191287,4326.2304156875025,2794.3757518389766,78.69802356375271,38.26923873613334,0.09500000000000001,0.4533824082850636,3.2834094099024505e+25,-0.2,-0.6000000000000001,0.0029128295534826027,-0.04184955281542657,False,30,464.36261919128697,2494.3757518389766,-0.0029128295534826027,0.0029128395534826026,0.04184955281542657,True,-0.2,0.0029128295534826027,-0.04184955281542657,False,30,464.36261919128697,2494.3757518389766,-0.0029128295534826027,0.0029128395534826026,0.04184955281542657,True,-0.2,0,0.0052949030304618025,-0.0421698211404693,False,23,466.9492522609453,2494.8220678783305,-0.0052949030304618025,0.005294913030461802,0.0421698211404693,True,-0.3,41,0.0029128295534826027,-0.04184955281542657,False,30,464.36261919128697,2494.3757518389766,-0.0029128295534826027,0.0029128395534826026,0.04184955281542657,True,-0.2,-0.2,-0.3,-1000000.0,,5,1,,,,curvature,curvature,no feasible sigma on scan grid,30,464.36261919128697,2494.3757518389766,-0.0029128295534826027,0.0029128395534826026,False,no_feasible_sigma,-0.2,-0.3,-0.2,legacy_scan,5,no_feasible_sigma
0.49154750824136806,0.447,0,0,310.48273575858775,5003.1042986556695,4315.194925209418,0,0,2789.90027239007,2730.5593110273785,2742.7780043253556,0.09500000000000001,0.0,0.5275157738656212,0.45580210787070485,6,50,0.0,-0.25,39,10.2,1344.6614067267308,5003.104298655668,82.66580719871929,0.1734697727255258,0.37530533787502696,0.6163516395254951,58.708679171293724,-13.603169097374389,0.3740342949895421,reverse_rollout_failed,0.0035757583510931923,6,0.27776654237404474,0.27776654237404474,1000000.0,0.027724850416951465,2.838568140040098,0.050201586412848574,-2.6387280344958537,60196.6187826349,1.0,2430.5593110273785,False,lbfgsb_seed_0,10.2,0.0,0.0,1.099658855126103,0.0,0.0,0.27776654237404474,0.27776654237404474,1000000.0,880.0,0.0,0.5275157738656212,0.0,5003.1042986556695,0.0,310.48273575858775,2730.5593110273785,0.0,-1000880.0,-879.722233457626,0.447,0.832263550713074,60196.618772634894,5003.1042986556695,2730.5593110273785,82.66580719871918,37.218126066035644,0.0,0.5275157738656212,3.139463251961178e+25,0.0,0.0,0.49154750824136806,0.5544970083390293,310.48273575858775,4315.194925209418,2775.9428947503593,78.97984160361304,38.39302953404211,0.09500000000000001,0.45580210787070485,3.2770049144346593e+25,-0.2,-0.6000000000000001,0.0035757483510931924,-0.036737888605772095,False,23,310.4827457585877,2475.9428947503593,-0.0035757483510931924,0.0035757583510931923,0.036737888605772095,True,-0.2,0.0035757483510931924,-0.036737888605772095,False,23,310.4827457585877,2475.9428947503593,-0.0035757483510931924,0.0035757583510931923,0.036737888605772095,True,-0.2,0,0.005971744664990674,-0.03697839514172396,False,26,313.75460338512175,2476.3764750912733,-0.005971744664990674,0.005971754664990674,0.03697839514172396,True,-0.3,41,0.0035757483510931924,-0.036737888605772095,False,23,310.4827457585877,2475.9428947503593,-0.0035757483510931924,0.0035757583510931923,0.036737888605772095,True,-0.2,-0.2,-0.3,-1000000.0,,5,1,,,,curvature,curvature,no feasible sigma on scan grid,23,310.4827457585877,2475.9428947503593,-0.0035757483510931924,0.0035757583510931923,False,no_feasible_sigma,-0.2,-0.3,-0.2,legacy_scan,5,no_feasible_sigma
0.49154750824136806,0.447,0,0,269.097131485983,5003.1042986556695,4312.027561967835,0,0,2787.8105191188206,2728.371101575166,2740.629160440693,0.09500000000000001,0.0,0.5288416400022723,0.4573742888707501,6,50,0.0,-0.25,40,10.2,1347.6614067267308,5003.104298655668,82.4908071987193,0.1734697727255258,0.37530533787502696,0.6163516395254951,58.708679171293724,-13.603169097374389,0.38763503699738067,reverse_rollout_failed,0.0037728725570174474,6,0.27766136088750315,0.27766136088750315,1000000.0,0.027803585134278497,2.849250951556251,0.05239601415944194,-2.6517891899624684,60097.25509097076,1.0,2428.371101575166,False,lbfgsb_seed_0,10.2,0.0,0.0,1.099658855126103,0.0,0.0,0.27766136088750315,0.27766136088750315,1000000.0,880.0,0.0,0.5288416400022723,0.0,5003.1042986556695,0.0,269.097131485983,2728.371101575166,0.0,-1000880.0,-879.7223386391125,0.447,0.8337330635730731,60097.25508097075,5003.1042986556695,2728.371101575166,82.49080719871932,37.218126066035644,0.0,0.5288416400022723,3.139463251961178e+25,0.0,0.0,0.49154750824136806,0.5560717026855699,269.097131485983,4312.027561967835,2771.0982434330353,78.82882443316942,38.42481963228926,0.09500000000000001,0.4573742888707501,3.275496073680407e+25,-0.2,-0.6000000000000001,0.0037728625570174474,-0.035092869589685716,False,28,269.097141485983,2471.0982434330353,-0.0037728625570174474,0.0037728725570174474,0.035092869589685716,True,-0.2,0.0037728625570174474,-0.035092869589685716,False,28,269.097141485983,2471.0982434330353,-0.0037728625570174474,0.0037728725570174474,0.035092869589685716,True,-0.2,0,0.006194578560540092,-0.03530564882124354,False,31,272.7306411096142,2471.5317341015225,-0.006194578560540092,0.006194588560540092,0.03530564882124354,True,-0.3,41,0.0037728625570174474,-0.035092869589685716,False,28,269.097141485983,2471.0982434330353,-0.0037728625570174474,0.0037728725570174474,0.035092869589685716,True,-0.2,-0.2,-0.3,-1000000.0,,5,1,,,,curvature,curvature,no feasible sigma on scan grid,28,269.097141485983,2471.0982434330353,-0.0037728625570174474,0.0037728725570174474,False,no_feasible_sigma,-0.2,-0.3,-0.2,legacy_scan,5,no_feasible_sigma
0.49154750824136806,0.447,0,0,600.4139676192653,5003.1042986556695,4333.450090770065,0,0,2845.489992303733,2781.0635407320938,2793.028417852527,0.09500000000000001,0.0,0.5177053887761006,0.4455007101342063,6,50,0.0,-0.25,41,10.2,1344.6614067267308,5003.104298655668,82.4908071987193,0.1734697727255258,0.37530533787502696,0.6163516395254951,58.708679171293724,-13.593669097374388,0.3841768160054926,reverse_rollout_failed,0.002243809940554472,6,0.27058144397852324,0.27058144397852324,1000000.0,0.026420406217856796,2.777388599954305,0.027135889258537303,-2.560363451452176,61372.7761385287,1.0,2481.0635407320938,False,lbfgsb_seed_0,10.2,0.0,0.0,1.099658855126103,0.0,0.0,0.27058144397852324,0.27058144397852324,1000000.0,880.0,0.0,0.5177053887761006,0.0,5003.1042986556695,0.0,600.4139676192653,2781.0635407320938,0.0,-1000880.0,-879.7294185560215,0.447,0.7989895683356592,61372.7761285287,5003.1042986556695,2781.0635407320938,82.49080719871901,37.218126066035644,0.0,0.5177053887761006,3.139463251961178e+25,0.0,0.0,0.49154750824136806,0.5284081243571359,600.4139676192653,4333.450090770065,2835.2702538746044,78.49435604110256,38.20963131662396,0.09500000000000001,0.4455007101342063,3.2857910179030234e+25,-0.2,-0.6000000000000001,0.002243799940554472,-0.0456176930310046,False,29,600.4139776192653,2535.2702538746044,-0.002243799940554472,0.002243809940554472,0.0456176930310046,True,-0.2,0.002243799940554472,-0.0456176930310046,False,29,600.4139776192653,2535.2702538746044,-0.002243799940554472,0.002243809940554472,0.0456176930310046,True,-0.2,0,0.004748439346137446,-0.04588450650328868,False,28,602.642279008732,2535.5576051772277,-0.004748439346137446,0.004748449346137446,0.04588450650328868,True,-0.3,41,0.002243799940554472,-0.0456176930310046,False,29,600.4139776192653,2535.2702538746044,-0.002243799940554472,0.002243809940554472,0.0456176930310046,True,-0.2,-0.2,-0.3,-1000000.0,,5,1,,,,curvature,curvature,no feasible sigma on scan grid,29,600.4139776192653,2535.2702538746044,-0.002243799940554472,0.002243809940554472,False,no_feasible_sigma,-0.2,-0.3,-0.2,legacy_scan,5,no_feasible_sigma
4.348379798614269,0.447,0,0,60462.208523382724,5008.422684521499,4335.565699187646,0,0,4329.07663841089,4078.3884169593243,4085.81519823867,2.2750000000000004,0.0,0.2805946215990126,0.025847298425820224,50,50,0.0,-0.5,42,10.2,1306.0585085877997,5008.4226845215,80.75293743196096,0.1734697727255258,0.37530533787502696,0.6163516395254951,58.710774543029906,-13.204225522858728,0.22784961899742484,,3.925772514978185e-12,50,0.226540702094989,0.226540702094989,0.0,7.494740008966439e-05,2.7703415417207102,0.0,-2.5438757870258106,136864.34654558904,1.0,3778.3884169593243,True,lbfgsb_seed_0,10.2,0.0,0.0,9.727919012559887,0.0,0.0,0.226540702094989,0.226540702094989,0.0,0.0,0.0,0.2805946215990126,0.0,5008.422684521499,0.0,60462.208523382724,4078.3884169593243,0.0,0.226540702094989,0.226540702094989,0.447,0.2280396500967823,136864.34653558905,5008.422684521499,4078.3884169593243,80.75293743196103,37.120497281379784,0.0,0.2805946215990126,3.146048491378976e+25,0.0,0.0,4.348379798614269,0.0014989480017932877,34325787.7753265,4335.565699187646,4329.07663841089,67.48138448949987,36.834136453361204,2.2750000000000004,0.025847298425820224,3.407660391710694e+25,-0.5,-5.0,,,,,,,,,,,,,,,,,,,,,,,,,,,,,,,,,,,,,,,,,,,,,,,,,-2.5438757870258106,,9,,,1,40,sigma_box,curvature,,3,34325787.7753365,4029.07663841089,9.999987665130338e-09,1.2334869661274455e-14,True,completed_requested_steps,-0.5,-0.5,-0.45,direct_preferred_endpoint,49,sigma_box_lower_supported
4.348379798614269,0.447,0,0,60398.96804061548,5008.422684521499,4335.755531921909,0,0,4329.265171459779,4078.8559038058547,4086.2768411941975,2.2750000000000004,0.0,0.2802092059892838,0.02581494509753388,50,50,0.0,-0.5,43,10.2,1306.0585085877997,5008.4226845215,80.75293743196096,0.1734697727255258,0.37530533787502696,0.6163516395254951,58.71226080064725,-13.204225522858728,0.22816503699868917,,3.918222684274489e-12,50,0.22639971877713783,0.22639971877713783,0.0,7.49591467036681e-05,2.769709649528528,0.0,-2.5433848898980935,136588.64788799756,1.0,3778.8559038058547,True,lbfgsb_seed_0,10.2,0.0,0.0,9.727919012559887,0.0,0.0,0.22639971877713783,0.22639971877713783,0.0,0.0,0.0,0.2802092059892838,0.0,5008.422684521499,0.0,60398.96804061548,4078.8559038058547,0.0,0.22639971877713783,0.22639971877713783,0.447,0.2278989017112112,136588.64787799757,5008.422684521499,4078.8559038058547,80.752937431961,37.06536763811137,0.0,0.2802092059892838,3.15072780638624e+25,0.0,0.0,4.348379798614269,0.001499182934073362,34263121.85376727,4335.755531921909,4329.265171459779,67.5156944056421,36.78180778097064,2.2750000000000004,0.02581494509753388,3.412433689637752e+25,-0.5,-5.0,,,,,,,,,,,,,,,,,,,,,,,,,,,,,,,,,,,,,,,,,,,,,,,,,-2.5433848898980935,,9,,,1,40,sigma_box,curvature,,3,34263121.85377727,4029.2651714597787,9.999987570114768e-09,1.2429885232303426e-14,True,completed_requested_steps,-0.5,-0.5,-0.45,direct_preferred_endpoint,49,sigma_box_lower_supported
4.348379798614269,0.447,0,0,62735.320193064676,5014.9226845215035,4341.436127348732,0,0,4334.909327585723,4083.931264003436,4091.361053479941,2.2750000000000004,0.0,0.28041796443530814,0.02583140868465907,50,50,0.0,-0.5,44,10.2,1306.0585085877997,5014.9226845215,80.75293743196096,0.1734697727255258,0.37530533787502696,0.6163516395254951,58.710774543029906,-13.204225522858728,0.22653301199898124,,7.414020229295955e-12,50,0.22645888062784492,0.22645888062784492,0.0,7.528184870528865e-05,2.7508341196639714,0.0,-2.5244505208848316,141477.85538668063,1.0,3783.931264003436,True,lbfgsb_seed_0,10.2,0.0,0.0,9.727919012559887,0.0,0.0,0.22645888062784492,0.22645888062784492,0.0,0.0,0.0,0.28041796443530814,0.0,5014.9226845215035,0.0,62735.320193064676,4083.931264003436,0.0,0.22645888062784492,0.22645888062784492,0.447,0.2279645176019507,141477.85537668064,5014.9226845215035,4083.931264003436,80.7529374319606,37.0964329555741,0.0,0.28041796443530814,3.146048491378976e+25,0.0,0.0,4.348379798614269,0.001505636974105773,35310531.54864001,4341.436127348732,4334.909327585723,67.70627291113315,36.809554898345915,2.2750000000000004,0.02583140868465907,3.4076298263799716e+25,-0.5,-5.0,,,,,,,,,,,,,,,,,,,,,,,,,,,,,,,,,,,,,,,,,,,,,,,,,-2.5244505208848316,,9,,,1,40,sigma_box,curvature,,3,35310531.54865001,4034.909327585723,9.999991753615846e-09,8.246384154292833e-15,True,completed_requested_steps,-0.5,-0.5,-0.45,direct_preferred_endpoint,49,sigma_box_lower_supported
4.348379798614269,0.447,0,0,59395.10813929902,5008.422684521499,4332.581900496272,0,0,4326.085273988173,4075.0838049704525,4082.5250413641056,2.2750000000000004,0.0,0.2807420238180012,0.025855712166506888,50,50,0.0,-0.5,45,10.2,1306.0585085877997,5008.4226845215,80.92793743196096,0.1734697727255258,0.37530533787502696,0.6163516395254951,58.710774543029906,-13.204225522858728,0.2276997239969205,,4.0556691104780294e-12,50,0.2275337722349664,0.2275337722349664,0.0,7.508666723656799e-05,2.7802831185526236,0.0,-2.552824432984894,135966.38357447053,1.0,3775.0838049704525,True,lbfgsb_seed_0,10.2,0.0,0.0,9.727919012559887,0.0,0.0,0.2275337722349664,0.2275337722349664,0.0,0.0,0.0,0.2807420238180012,0.0,5008.422684521499,0.0,59395.10813929902,4075.0838049704525,0.0,0.2275337722349664,0.2275337722349664,0.447,0.22903550557969776,135966.38356447054,5008.422684521499,4075.0838049704525,80.9279374319616,37.120497281379784,0.0,0.2807420238180012,3.146048491378976e+25,0.0,0.0,4.348379798614269,0.0015017333447313597,33549094.034941904,4332.581900496272,4326.085273988173,67.55120548831579,36.84165845393561,2.2750000000000004,0.025855712166506888,3.408137612583005e+25,-0.5,-5.0,,,,,,,,,,,,,,,,,,,,,,,,,,,,,,,,,,,,,,,,,,,,,,,,,-2.552824432984894,,9,,,1,40,sigma_box,curvature,,3,33549094.034951903,4026.085273988173,9.999989155708022e-09,1.0844291977706409e-14,True,completed_requested_steps,-0.5,-0.5,-0.45,direct_preferred_endpoint,49,sigma_box_lower_supported
4.348379798614269,0.447,0,0,59144.22520217078,5008.422684521499,4332.070851108017,0,0,4325.575925136616,4074.1109558810076,4081.561988601269,2.2750000000000004,0.0,0.28138674347408854,0.025909455120889265,50,50,0.0,-0.5,46,10.2,1309.0585085877997,5008.4226845215,80.75293743196096,0.1734697727255258,0.37530533787502696,0.6163516395254951,58.710774543029906,-13.204225522858728,0.22753718099556863,,4.082259390207533e-12,50,0.22782746755245653,0.22782746755245653,0.0,7.507585213865076e-05,2.7819876457235333,0.0,-2.554235254023215,135703.7919209411,1.0,3774.1109558810076,True,lbfgsb_seed_0,10.2,0.0,0.0,9.727919012559887,0.0,0.0,0.22782746755245653,0.22782746755245653,0.0,0.0,0.0,0.28138674347408854,0.0,5008.422684521499,0.0,59144.22520217078,4074.1109558810076,0.0,0.22782746755245653,0.22782746755245653,0.447,0.22932898459522955,135703.7919109411,5008.422684521499,4074.1109558810076,80.75293743196103,37.120497281379784,0.0,0.28138674347408854,3.146048491378976e+25,0.0,0.0,4.348379798614269,0.0015015170427730151,33439968.22405518,4332.070851108017,4325.575925136616,67.34277162559646,36.83805002357793,2.2750000000000004,0.025909455120889265,3.4086724937139077e+25,-0.5,-5.0,,,,,,,,,,,,,,,,,,,,,,,,,,,,,,,,,,,,,,,,,,,,,,,,,-2.554235254023215,,9,,,1,40,sigma_box,curvature,,3,33439968.224065177,4025.575925136616,9.99999171185828e-09,8.288141720682098e-15,True,completed_requested_steps,-0.5,-0.5,-0.45,direct_preferred_endpoint,49,sigma_box_lower_supported
4.348379798614269,0.447,0,0,65033.13910320231,5008.422684521499,4350.73154374257,0,0,4344.290127309398,4095.8648571836798,4103.251336382024,2.2750000000000004,0.0,0.27735215664421775,0.025580333381560683,50,50,0.0,-0.5,47,10.2,1306.0585085877997,5008.4226845215,80.75293743196096,0.1734697727255258,0.37530533787502696,0.6163516395254951,58.710774543029906,-13.194725522858729,0.22690064201015048,,6.394515997297374e-12,50,0.22131705769623444,0.22131705769623444,0.0,7.413658209288744e-05,2.7200864408057677,0.0,-2.498843519691626,139097.85566983424,1.0,3795.8648571836798,True,lbfgsb_seed_0,10.2,0.0,0.0,9.727919012559887,0.0,0.0,0.22131705769623444,0.22131705769623444,0.0,0.0,0.0,0.27735215664421775,0.0,5008.422684521499,0.0,65033.13910320231,4095.8648571836798,0.0,0.22131705769623444,0.22131705769623444,0.447,0.2227997893380922,139097.85565983425,5008.422684521499,4095.8648571836798,80.75293743196073,37.120497281379784,0.0,0.27735215664421775,3.146048491378976e+25,0.0,0.0,4.348379798614269,0.0014827316418577485,37963600.32081866,4350.73154374257,4344.290127309398,67.89040184657978,36.80139910666374,2.2750000000000004,0.025580333381560683,3.404742027972999e+25,-0.5,-5.0,,,,,,,,,,,,,,,,,,,,,,,,,,,,,,,,,,,,,,,,,,,,,,,,,-2.498843519691626,,9,,,1,40,sigma_box,curvature,,3,37963600.32082866,4044.2901273093976,9.999993046709885e-09,6.953290116375076e-15,True,completed_requested_steps,-0.5,-0.5,-0.45,direct_preferred_endpoint,49,sigma_box_lower_supported
4.348379798614269,0.447,0,0,60462.19964457114,5008.4226843036,4335.5656695601,0,0,4329.076608700678,4078.388382794976,4085.815164163452,2.2750000000000004,0.0,0.2805946277278781,0.025847298926679706,50,50,0.0,-0.5,48,10.2,1306.05851016943,5008.422684303597,80.75293750316462,0.1734697727255258,0.37530533787502696,0.6163516395254951,58.71077454294406,-13.204225539204167,0.23052852199180052,,3.926072444546851e-12,50,0.22654071229937323,0.22654071229937323,0.0,7.494740155880032e-05,2.770341640346918,0.0,-2.5438758754491033,136864.3416206267,1.0,3778.388382794976,True,lbfgsb_seed_0,10.2,0.0,0.0,9.727919012559887,0.0,0.0,0.22654071229937323,0.22654071229937323,0.0,0.0,0.0,0.2805946277278781,0.0,5008.4226843036,0.0,60462.19964457114,4078.388382794976,0.0,0.22654071229937323,0.22654071229937323,0.447,0.22803966033054923,136864.34161062673,5008.4226843036,4078.388382794976,80.7529375031642,37.120497285373986,0.0,0.2805946277278781,3.1460484911088947e+25,0.0,0.0,4.348379798614269,0.0014989480311760062,34325780.9714907,4335.5656695601,4329.076608700678,67.4813837029194,36.834136519473105,2.2750000000000004,0.025847298926679706,3.4076603972377444e+25,-0.5,-5.0,,,,,,,,,,,,,,,,,,,,,,,,,,,,,,,,,,,,,,,,,,,,,,,,,-2.5438758754491033,,9,,,1,40,sigma_box,curvature,,3,34325780.9715007,4029.0766087006778,9.999994336867362e-09,5.663132637657578e-15,True,completed_requested_steps,-0.5,-0.5,-0.45,direct_preferred_endpoint,49,sigma_box_lower_supported
4.348379798614269,0.447,0,0,60398.959176334654,5008.4226843036,4335.755502303764,0,0,4329.265141758538,4078.855869658033,4086.276807135275,2.2750000000000004,0.0,0.28020921210904887,0.02581494559782976,50,50,0.0,-0.5,49,10.2,1306.05851016943,5008.422684303597,80.75293750316462,0.1734697727255258,0.37530533787502696,0.6163516395254951,58.712260800561396,-13.204225539204167,0.22828109200054314,,3.913547766891098e-12,50,0.22639972897409866,0.22639972897409866,0.0,7.495914817762239e-05,2.7697097481121973,0.0,-2.543384978286276,136588.64297252757,1.0,3778.855869658033,True,lbfgsb_seed_0,10.2,0.0,0.0,9.727919012559887,0.0,0.0,0.22639972897409866,0.22639972897409866,0.0,0.0,0.0,0.28020921210904887,0.0,5008.4226843036,0.0,60398.959176334654,4078.855869658033,0.0,0.22639972897409866,0.22639972897409866,0.447,0.2278989119376511,136588.64296252758,5008.4226843036,4078.855869658033,80.7529375031646,37.065367642099915,0.0,0.28020921210904887,3.150727806115735e+25,0.0,0.0,4.348379798614269,0.0014991829635524478,34263115.061082,4335.755502303764,4329.265141758538,67.51569362207566,36.78180784707469,2.2750000000000004,0.02581494559782976,3.4124336951603486e+25,-0.5,-5.0,,,,,,,,,,,,,,,,,,,,,,,,,,,,,,,,,,,,,,,,,,,,,,,,,-2.543384978286276,,9,,,1,40,sigma_box,curvature,,3,34263115.061092,4029.2651417585384,9.999991896217028e-09,8.103782972295772e-15,True,completed_requested_steps,-0.5,-0.5,-0.45,direct_preferred_endpoint,49,sigma_box_lower_supported
4.348379798614269,0.447,0,0,62735.31101140334,5014.9226843035985,4341.436097710513,0,0,4334.909297861121,4083.9312298031446,4091.361019368791,2.2750000000000004,0.0,0.2804179705600718,0.025831409185040767,50,50,0.0,-0.5,50,10.2,1306.05851016943,5014.922684303597,80.75293750316462,0.1734697727255258,0.37530533787502696,0.6163516395254951,58.71077454294406,-13.204225539204167,0.22667812800500542,,7.414983611888855e-12,50,0.2264588908276477,0.2264588908276477,0.0,7.52818502178676e-05,2.7508342179777294,0.0,-2.5244506090002994,141477.85029740096,1.0,3783.9312298031446,True,lbfgsb_seed_0,10.2,0.0,0.0,9.727919012559887,0.0,0.0,0.2264588908276477,0.2264588908276477,0.0,0.0,0.0,0.2804179705600718,0.0,5014.9226843035985,0.0,62735.31101140334,4083.9312298031446,0.0,0.2264588908276477,0.2264588908276477,0.447,0.22796452783200505,141477.85028740097,5014.9226843035985,4083.9312298031446,80.75293750316433,37.09643295956469,0.0,0.2804179705600718,3.1460484911088947e+25,0.0,0.0,4.348379798614269,0.001505637004357352,35310524.52612965,4341.436097710513,4334.909297861121,67.70627214662746,36.80955496414032,2.2750000000000004,0.025831409185040767,3.4076298319207255e+25,-0.5,-5.0,,,,,,,,,,,,,,,,,,,,,,,,,,,,,,,,,,,,,,,,,,,,,,,,,-2.5244506090002994,,9,,,1,40,sigma_box,curvature,,3,35310524.52613965,4034.9092978611206,9.999993449627908e-09,6.550372091331131e-15,True,completed_requested_steps,-0.5,-0.5,-0.45,direct_preferred_endpoint,49,sigma_box_lower_supported
4.348379798614269,0.447,0,0,59395.09937805414,5008.4226843036,4332.5818707406415,0,0,4326.085244151886,4075.0837706875045,4082.5250071704495,2.2750000000000004,0.0,0.28074202995511666,0.025855712667929978,50,50,0.0,-0.5,51,10.2,1306.05851016943,5008.422684303597,80.92793750316461,0.1734697727255258,0.37530533787502696,0.6163516395254951,58.71077454294406,-13.204225539204167,0.2279832490021363,,4.055257835774751e-12,50,0.22753378249214928,0.22753378249214928,0.0,7.508666868663028e-05,2.7802832177827783,0.0,-2.552824521959316,135966.37868445565,1.0,3775.0837706875045,True,lbfgsb_seed_0,10.2,0.0,0.0,9.727919012559887,0.0,0.0,0.22753378249214928,0.22753378249214928,0.0,0.0,0.0,0.28074202995511666,0.0,5008.4226843036,0.0,59395.09937805414,4075.0837706875045,0.0,0.22753378249214928,0.22753378249214928,0.447,0.2290355158658819,135966.37867445566,5008.4226843036,4075.0837706875045,80.9279375031648,37.120497285373986,0.0,0.28074202995511666,3.1460484911088947e+25,0.0,0.0,4.348379798614269,0.0015017333737326055,33549087.370578554,4332.5818707406415,4326.085244151886,67.55120468710817,36.84165852063992,2.2750000000000004,0.025855712667929978,3.4081376181156727e+25,-0.5,-5.0,,,,,,,,,,,,,,,,,,,,,,,,,,,,,,,,,,,,,,,,,,,,,,,,,-2.552824521959316,,9,,,1,40,sigma_box,curvature,,3,33549087.370588552,4026.0852441518864,9.999989458580655e-09,1.0541419344933434e-14,True,completed_requested_steps,-0.5,-0.5,-0.45,direct_preferred_endpoint,49,sigma_box_lower_supported
4.348379798614269,0.447,0,0,59144.21646782672,5008.4226843036,4332.0708213306325,0,0,4325.575895279392,4074.110921565706,4081.5619543756684,2.2750000000000004,0.0,0.28138674962592525,0.02590945562320833,50,50,0.0,-0.5,52,10.2,1309.05851016943,5008.422684303597,80.75293750316462,0.1734697727255258,0.37530533787502696,0.6163516395254951,58.71077454294406,-13.204225539204167,0.22788848300115205,,4.0825684753509e-12,50,0.22782747782450707,0.22782747782450707,0.0,7.507585357973135e-05,2.781987745056671,0.0,-2.5542353430857436,135703.7870418335,1.0,3774.110921565706,True,lbfgsb_seed_0,10.2,0.0,0.0,9.727919012559887,0.0,0.0,0.22782747782450707,0.22782747782450707,0.0,0.0,0.0,0.28138674962592525,0.0,5008.4226843036,0.0,59144.21646782672,4074.110921565706,0.0,0.22782747782450707,0.22782747782450707,0.447,0.2293289948961017,135703.78703183352,5008.4226843036,4074.110921565706,80.75293750316482,37.120497285373986,0.0,0.28138674962592525,3.1460484911088947e+25,0.0,0.0,4.348379798614269,0.0015015170715946269,33439961.5830694,4332.0708213306325,4325.575895279392,67.34277082057933,36.83805009017217,2.2750000000000004,0.02590945562320833,3.408672499266965e+25,-0.5,-5.0,,,,,,,,,,,,,,,,,,,,,,,,,,,,,,,,,,,,,,,,,,,,,,,,,-2.5542353430857436,,9,,,1,40,sigma_box,curvature,,3,33439961.583079398,4025.575895279392,9.999988943555918e-09,1.1056444082225266e-14,True,completed_requested_steps,-0.5,-0.5,-0.45,direct_preferred_endpoint,49,sigma_box_lower_supported
4.348379798614269,0.447,0,0,65033.12976261393,5008.4226843036,4350.731514728478,0,0,4344.290098203086,4095.864823657653,4103.2513029431475,2.2750000000000004,0.0,0.2773521626756247,0.02558033387598198,50,50,0.0,-0.5,53,10.2,1306.05851016943,5008.422684303597,80.75293750316462,0.1734697727255258,0.37530533787502696,0.6163516395254951,58.71077454294406,-13.194725539204166,0.2273490759980632,,6.39320267415612e-12,50,0.2213170676208991,0.2213170676208991,0.0,7.413658365098553e-05,2.720086536509821,0.0,-2.498843605472573,139097.85065227415,1.0,3795.864823657653,True,lbfgsb_seed_0,10.2,0.0,0.0,9.727919012559887,0.0,0.0,0.2213170676208991,0.2213170676208991,0.0,0.0,0.0,0.2773521626756247,0.0,5008.4226843036,0.0,65033.12976261393,4095.864823657653,0.0,0.2213170676208991,0.2213170676208991,0.447,0.2227997992939188,139097.85064227416,5008.4226843036,4095.864823657653,80.75293750316452,37.120497285373986,0.0,0.2773521626756247,3.1460484911088947e+25,0.0,0.0,4.348379798614269,0.0014827316730197104,37963592.877188735,4350.731514728478,4344.290098203086,67.89040112598617,36.801399170873054,2.2750000000000004,0.02558033387598198,3.4047420333853147e+25,-0.5,-5.0,,,,,,,,,,,,,,,,,,,,,,,,,,,,,,,,,,,,,,,,,,,,,,,,,-2.498843605472573,,9,,,1,40,sigma_box,curvature,,3,37963592.87719873,4044.290098203086,9.999990955276605e-09,9.044723394892593e-15,True,completed_requested_steps,-0.5,-0.5,-0.45,direct_preferred_endpoint,49,sigma_box_lower_supported
4.348379798614269,0.447,0,0,1622.0151729025602,5005.76349147963,3829.6028480020195,0,0,3826.492657385516,3554.1619087945164,3563.069141684243,2.2750000000000004,0.0,0.37280698895586417,0.03345105688511134,50,50,0.0,-0.5,54,10.2,1325.3599584480803,5005.763491479632,81.62187235094196,0.1734697727255258,0.37530533787502696,0.6163516395254951,58.709726857118895,-13.403697318289277,0.23597386899928097,,7.339639833706335e-12,50,0.4076102273657223,0.4076102273657223,0.0,4.064022716077087e-05,4.710623797400944,0.0,-4.303054210262383,89499.87888390575,1.0,3254.1619087945164,True,lbfgsb_seed_0,10.2,0.0,0.0,9.727919012559887,0.0,0.0,0.4076102273657223,0.4076102273657223,0.0,0.0,0.0,0.37280698895586417,0.0,5005.76349147963,0.0,1622.0151729025602,3554.1619087945164,0.0,0.4076102273657223,0.4076102273657223,0.447,0.4084230319089377,89499.87887390575,5005.76349147963,3554.1619087945164,81.62187235094174,37.16927699946024,0.0,0.37280698895586417,3.142754146719778e+25,0.0,0.0,4.348379798614269,0.0008128045432154174,5114588.292260663,3829.6028480020195,3826.492657385516,21.700215629808387,38.48752560950187,2.2750000000000004,0.03345105688511134,3.4700267699323477e+25,-0.5,-5.0,,,,,,,,,,,,,,,,,,,,,,,,,,,,,,,,,,,,,,,,,,,,,,,,,-4.303054210262383,,9,,,1,40,sigma_box,curvature,,3,5114588.292270662,3526.492657385516,9.999997783877485e-09,2.2161225157604932e-15,True,completed_requested_steps,-0.5,-0.5,-0.45,direct_preferred_endpoint,49,sigma_box_lower_supported
4.348379798614269,0.447,0,0,1643.3413878214878,5005.76349147963,3830.365658181845,0,0,3827.242329190413,3554.881520511024,3563.7785331994646,2.2750000000000004,0.0,0.37227887824790956,0.03340616070156119,50,50,0.0,-0.5,55,10.2,1325.3599584480803,5005.763491479632,81.62187235094196,0.1734697727255258,0.37530533787502696,0.6163516395254951,58.71121311473623,-13.403697318289277,0.23589179100235924,,7.032778212669501e-12,50,0.4073218478135683,0.4073218478135683,0.0,4.080390948347779e-05,4.707313177196698,0.0,-4.300032133292613,89315.75083794043,1.0,3254.881520511024,True,lbfgsb_seed_0,10.2,0.0,0.0,9.727919012559887,0.0,0.0,0.4073218478135683,0.4073218478135683,0.0,0.0,0.0,0.37227887824790956,0.0,5005.76349147963,0.0,1643.3413878214878,3554.881520511024,0.0,0.4073218478135683,0.4073218478135683,0.447,0.40813792600323784,89315.75082794043,5005.76349147963,3554.881520511024,81.62187235094171,37.11407491081412,0.0,0.37227887824790956,3.1474285618418318e+25,0.0,0.0,4.348379798614269,0.0008160781896695557,5089151.093054825,3830.365658181845,3827.242329190413,21.97965298515525,38.42927725079451,2.2750000000000004,0.03340616070156119,3.474940323487605e+25,-0.5,-5.0,,,,,,,,,,,,,,,,,,,,,,,,,,,,,,,,,,,,,,,,,,,,,,,,,-4.300032133292613,,9,,,1,40,sigma_box,curvature,,3,5089151.093064825,3527.242329190413,9.999998807878707e-09,1.1921212937200352e-15,True,completed_requested_steps,-0.5,-0.5,-0.45,direct_preferred_endpoint,49,sigma_box_lower_supported
4.348379798614269,0.447,0,0,1825.142018831275,5012.263491479632,3838.4924848220276,0,0,3835.241562053845,3559.15032913266,3568.061194685847,2.2750000000000004,0.0,0.3725657493127298,0.033392588442800304,50,50,0.0,-0.5,56,10.2,1325.3599584480803,5012.263491479632,81.62187235094196,0.1734697727255258,0.37530533787502696,0.6163516395254951,58.709726857118895,-13.403697318289277,0.23645490499620792,,6.898535788404816e-12,50,0.4074276534547432,0.4074276534547432,0.0,4.2382242625171874e-05,4.672114738170853,0.0,-4.264729466958735,92532.47889842596,1.0,3259.15032913266,True,lbfgsb_seed_0,10.2,0.0,0.0,9.727919012559887,0.0,0.0,0.4074276534547432,0.4074276534547432,0.0,0.0,0.0,0.3725657493127298,0.0,5012.263491479632,0.0,1825.142018831275,3559.15032913266,0.0,0.4074276534547432,0.4074276534547432,0.447,0.4082752983072466,92532.47888842596,5012.263491479632,3559.15032913266,81.62187235094243,37.14516826298674,0.0,0.3725657493127298,3.142754146719778e+25,0.0,0.0,4.348379798614269,0.0008476448525034375,5010462.10506328,3838.4924848220276,3835.241562053845,23.735779739296554,38.417511452882984,2.2750000000000004,0.033392588442800304,3.4723229285899532e+25,-0.5,-5.0,,,,,,,,,,,,,,,,,,,,,,,,,,,,,,,,,,,,,,,,,,,,,,,,,-4.264729466958735,,9,,,1,40,sigma_box,curvature,,3,5010462.10507328,3535.241562053845,9.999997426443352e-09,2.573556648127453e-15,True,completed_requested_steps,-0.5,-0.5,-0.45,direct_preferred_endpoint,49,sigma_box_lower_supported
4.348379798614269,0.447,0,0,1419.458385262417,5005.76349147963,3821.3835113783102,0,0,3818.3821233822155,3549.0423019092286,3557.9675837301734,2.2750000000000004,0.0,0.3731203754648347,0.033504521887721433,50,50,0.0,-0.5,57,10.2,1325.3599584480803,5005.763491479632,81.79687235094195,0.1734697727255258,0.37530533787502696,0.6163516395254951,58.709726857118895,-13.403697318289277,0.2386722569935955,,6.556979107776602e-12,50,0.4096686905484943,0.4096686905484943,0.0,3.93018286163116e-05,4.746369804494301,0.0,-4.336740415774424,88936.14002863244,1.0,3249.0423019092286,True,lbfgsb_seed_0,10.2,0.0,0.0,9.727919012559887,0.0,0.0,0.4096686905484943,0.4096686905484943,0.0,0.0,0.0,0.3731203754648347,0.0,5005.76349147963,0.0,1419.458385262417,3549.0423019092286,0.0,0.4096686905484943,0.4096686905484943,0.447,0.41045472712082054,88936.14001863243,5005.76349147963,3549.0423019092286,81.79687235094235,37.16927699946024,0.0,0.3731203754648347,3.142754146719778e+25,0.0,0.0,4.348379798614269,0.0007860365723262319,5155754.055921037,3821.3835113783102,3818.3821233822155,19.979470716128183,38.54494902462464,2.2750000000000004,0.033504521887721433,3.468581444732207e+25,-0.5,-5.0,,,,,,,,,,,,,,,,,,,,,,,,,,,,,,,,,,,,,,,,,,,,,,,,,-4.336740415774424,,9,,,1,40,sigma_box,curvature,,3,5155754.055931036,3518.3821233822155,9.999997491839022e-09,2.5081609774276074e-15,True,completed_requested_steps,-0.5,-0.5,-0.45,direct_preferred_endpoint,49,sigma_box_lower_supported
4.348379798614269,0.447,0,0,1365.0072441332384,5005.76349147963,3819.5302094390213,0,0,3816.5552590104667,3547.5829664491225,3556.525274701139,2.2750000000000004,0.0,0.37399715562691654,0.03358173054214269,50,50,0.0,-0.5,58,10.2,1328.3599584480803,5005.763491479632,81.62187235094196,0.1734697727255258,0.37530533787502696,0.6163516395254951,58.709726857118895,-13.403697318289277,0.2374466140026925,,6.903005888698139e-12,50,0.41025544671819647,0.41025544671819647,0.0,3.897428736988618e-05,4.754448507549039,0.0,-4.344232035118212,88776.4868209507,1.0,3247.5829664491225,True,lbfgsb_seed_0,10.2,0.0,0.0,9.727919012559887,0.0,0.0,0.41025544671819647,0.41025544671819647,0.0,0.0,0.0,0.37399715562691654,0.0,5005.76349147963,0.0,1365.0072441332384,3547.5829664491225,0.0,0.41025544671819647,0.41025544671819647,0.447,0.4110349324655942,88776.4868109507,5005.76349147963,3547.5829664491225,81.62187235094235,37.16927699946024,0.0,0.37399715562691654,3.142754146719778e+25,0.0,0.0,4.348379798614269,0.0007794857473977235,5171943.976500074,3819.5302094390213,3816.5552590104667,19.34278184948899,38.55125481873933,2.2750000000000004,0.03358173054214269,3.468855360072486e+25,-0.5,-5.0,,,,,,,,,,,,,,,,,,,,,,,,,,,,,,,,,,,,,,,,,,,,,,,,,-4.344232035118212,,9,,,1,40,sigma_box,curvature,,3,5171943.976510074,3516.5552590104667,9.999999767771694e-09,2.3222830733874035e-16,True,completed_requested_steps,-0.5,-0.5,-0.45,direct_preferred_endpoint,49,sigma_box_lower_supported
4.348379798614269,0.447,0,0,2439.5933737294226,5005.76349147963,3865.277447861526,0,0,3861.6808289619785,3581.446738552357,3590.2743703970636,2.2750000000000004,0.0,0.36787728759931204,0.032964356203412336,50,50,0.0,-0.5,59,10.2,1325.3599584480803,5005.763491479632,81.62187235094196,0.1734697727255258,0.37530533787502696,0.6163516395254951,58.709726857118895,-13.394197318289278,0.23586291700485162,,6.521693659541444e-12,50,0.39676176608545455,0.39676176608545455,0.0,4.6568049754058816e-05,4.5570403746086,0.0,-4.1603251765729,90847.48099425212,1.0,3281.446738552357,True,lbfgsb_seed_0,10.2,0.0,0.0,9.727919012559887,0.0,0.0,0.39676176608545455,0.39676176608545455,0.0,0.0,0.0,0.36787728759931204,0.0,5005.76349147963,0.0,2439.5933737294226,3581.446738552357,0.0,0.39676176608545455,0.39676176608545455,0.447,0.3976931270805357,90847.48098425212,5005.76349147963,3581.446738552357,81.62187235094144,37.16927699946024,0.0,0.36787728759931204,3.142754146719778e+25,0.0,0.0,4.348379798614269,0.0009313609950811763,4955170.887201361,3865.277447861526,3861.6808289619785,28.80852267412292,38.28683343273839,2.2750000000000004,0.032964356203412336,3.472081409925975e+25,-0.5,-5.0,,,,,,,,,,,,,,,,,,,,,,,,,,,,,,,,,,,,,,,,,,,,,,,,,-4.1603251765729,,9,,,1,40,sigma_box,curvature,,3,4955170.887211361,3561.6808289619785,9.999992917373904e-09,7.082626095857056e-15,True,completed_requested_steps,-0.5,-0.5,-0.45,direct_preferred_endpoint,49,sigma_box_lower_supported
4.348379798614269,0.447,0,0,1622.0142028266557,5005.763491366586,3829.602808201562,0,0,3826.4926181009473,3554.1618812213983,3563.069114197041,2.2750000000000004,0.0,0.3728069938139288,0.03345105740296351,50,50,0.0,-0.5,60,10.2,1325.3599592686448,5005.763491366582,81.62187238788309,0.1734697727255258,0.37530533787502696,0.6163516395254951,58.70972685707435,-13.403697326769443,0.23555737599963322,,7.334972461239118e-12,50,0.40761023838691024,0.40761023838691024,0.0,4.064022083698493e-05,4.710623970166545,0.0,-4.303054372000472,89499.87732757349,1.0,3254.1618812213983,True,lbfgsb_seed_0,10.2,0.0,0.0,9.727919012559887,0.0,0.0,0.40761023838691024,0.40761023838691024,0.0,0.0,0.0,0.3728069938139288,0.0,5005.763491366586,0.0,1622.0142028266557,3554.1618812213983,0.0,0.40761023838691024,0.40761023838691024,0.447,0.40842304280364994,89499.87731757348,5005.763491366586,3554.1618812213983,81.62187238788304,37.1692770015356,0.0,0.3728069938139288,3.1427541465797872e+25,0.0,0.0,4.348379798614269,0.0008128044167396986,5114588.493525797,3829.602808201562,3826.4926181009473,21.700207052559165,38.48752585722941,2.2750000000000004,0.03345105740296351,3.4700267656290087e+25,-0.5,-5.0,,,,,,,,,,,,,,,,,,,,,,,,,,,,,,,,,,,,,,,,,,,,,,,,,-4.303054372000472,,9,,,1,40,sigma_box,curvature,,3,5114588.493535796,3526.4926181009473,9.999996897690688e-09,3.1023093130256948e-15,True,completed_requested_steps,-0.5,-0.5,-0.45,direct_preferred_endpoint,49,sigma_box_lower_supported
4.348379798614269,0.447,0,0,1643.3404251138672,5005.763491366586,3830.365618703424,0,0,3827.242290227607,3554.8814929511036,3563.7785057251913,2.2750000000000004,0.0,0.3722788830981204,0.03340616121581294,50,50,0.0,-0.5,61,10.2,1325.3599592686448,5005.763491366582,81.62187238788309,0.1734697727255258,0.37530533787502696,0.6163516395254951,58.711213114691695,-13.403697326769443,0.2372963020025054,,7.030592015741817e-12,50,0.40732185882505023,0.40732185882505023,0.0,4.0803903162756065e-05,4.707313348504176,0.0,-4.300032293582289,89315.74928462756,1.0,3254.8814929511036,True,lbfgsb_seed_0,10.2,0.0,0.0,9.727919012559887,0.0,0.0,0.40732185882505023,0.40732185882505023,0.0,0.0,0.0,0.3722788830981204,0.0,5005.763491366586,0.0,1643.3404251138672,3554.8814929511036,0.0,0.40732185882505023,0.40732185882505023,0.447,0.40813793688830535,89315.74927462755,5005.763491366586,3554.8814929511036,81.62187238788277,37.11407491288613,0.0,0.3722788830981204,3.147428561701655e+25,0.0,0.0,4.348379798614269,0.0008160780632551212,5089151.297999032,3830.365618703424,3827.242290227607,21.979644521294407,38.42927749480222,2.2750000000000004,0.03340616121581294,3.47494031933096e+25,-0.5,-5.0,,,,,,,,,,,,,,,,,,,,,,,,,,,,,,,,,,,,,,,,,,,,,,,,,-4.300032293582289,,9,,,1,40,sigma_box,curvature,,3,5089151.298009031,3527.242290227607,9.999995904200837e-09,4.095799162776753e-15,True,completed_requested_steps,-0.5,-0.5,-0.45,direct_preferred_endpoint,49,sigma_box_lower_supported
4.348379798614269,0.447,0,0,1825.141244888164,5012.263491366583,3838.4924472183397,0,0,3835.2415249607475,3559.1503015302687,3568.0611671694055,2.2750000000000004,0.0,0.37256575416722526,0.033392588938143,50,50,0.0,-0.5,62,10.2,1325.3599592686448,5012.263491366582,81.62187238788309,0.1734697727255258,0.37530533787502696,0.6163516395254951,58.70972685707435,-13.403697326769443,0.2332762570003979,,6.902889401162694e-12,50,0.4074276644695556,0.4074276644695556,0.0,4.238223637852423e-05,4.672114900732162,0.0,-4.2647296184989845,92532.47729012338,1.0,3259.1503015302687,True,lbfgsb_seed_0,10.2,0.0,0.0,9.727919012559887,0.0,0.0,0.4074276644695556,0.4074276644695556,0.0,0.0,0.0,0.37256575416722526,0.0,5012.263491366583,0.0,1825.141244888164,3559.1503015302687,0.0,0.4074276644695556,0.4074276644695556,0.447,0.40827530919712607,92532.47728012338,5012.263491366583,3559.1503015302687,81.62187238788285,37.145168265060235,0.0,0.37256575416722526,3.1427541465797872e+25,0.0,0.0,4.348379798614269,0.0008476447275704846,5010462.297885467,3838.4924472183397,3835.2415249607475,23.7357719566389,38.41751167526781,2.2750000000000004,0.033392588938143,3.4723229254982133e+25,-0.5,-5.0,,,,,,,,,,,,,,,,,,,,,,,,,,,,,,,,,,,,,,,,,,,,,,,,,-4.2647296184989845,,9,,,1,40,sigma_box,curvature,,3,5010462.297895467,3535.2415249607475,9.999997753027784e-09,2.2469722164585335e-15,True,completed_requested_steps,-0.5,-0.5,-0.45,direct_preferred_endpoint,49,sigma_box_lower_supported
4.348379798614269,0.447,0,0,1419.457374391534,5005.763491366586,3821.3834686351192,0,0,3818.3820811705905,3549.042274240909,3557.967556147969,2.2750000000000004,0.0,0.3731203803340692,0.033504522433455294,50,50,0.0,-0.5,63,10.2,1325.3599592686448,5005.763491366582,81.79687238788307,0.1734697727255258,0.37530533787502696,0.6163516395254951,58.70972685707435,-13.403697326769443,0.23633236000023317,,6.559092751480567e-12,50,0.4096687016430647,0.4096687016430647,0.0,3.9301822090165306e-05,4.746369990736345,0.0,-4.336740590915371,88936.13848320955,1.0,3249.042274240909,True,lbfgsb_seed_0,10.2,0.0,0.0,9.727919012559887,0.0,0.0,0.4096687016430647,0.4096687016430647,0.0,0.0,0.0,0.3731203803340692,0.0,5005.763491366586,0.0,1419.457374391534,3549.042274240909,0.0,0.4096687016430647,0.4096687016430647,0.447,0.410454738084868,88936.13847320955,5005.763491366586,3549.042274240909,81.79687238788263,37.1692770015356,0.0,0.3731203803340692,3.1427541465797872e+25,0.0,0.0,4.348379798614269,0.0007860364418033061,5155754.259072863,3821.3834686351192,3818.3820811705905,19.979461150049385,38.54494930392444,2.2750000000000004,0.033504522433455294,3.468581438997091e+25,-0.5,-5.0,,,,,,,,,,,,,,,,,,,,,,,,,,,,,,,,,,,,,,,,,,,,,,,,,-4.336740590915371,,9,,,1,40,sigma_box,curvature,,3,5155754.259082862,3518.3820811705905,9.999997836435208e-09,2.1635647923710223e-15,True,completed_requested_steps,-0.5,-0.5,-0.45,direct_preferred_endpoint,49,sigma_box_lower_supported
4.348379798614269,0.447,0,0,1365.0062163251732,5005.763491366586,3819.5301656021757,0,0,3816.5552157087104,3547.5829387556546,3556.525247094258,2.2750000000000004,0.0,0.37399716050900134,0.03358173109870547,50,50,0.0,-0.5,64,10.2,1328.3599592686448,5005.763491366582,81.62187238788309,0.1734697727255258,0.37530533787502696,0.6163516395254951,58.70972685707435,-13.403697326769443,0.2370740860060323,,6.89618826714456e-12,50,0.4102554578326403,0.4102554578326403,0.0,3.89742808019733e-05,4.754448698718875,0.0,-4.344232215167036,88776.48527883351,1.0,3247.5829387556546,True,lbfgsb_seed_0,10.2,0.0,0.0,9.727919012559887,0.0,0.0,0.4102554578326403,0.4102554578326403,0.0,0.0,0.0,0.37399716050900134,0.0,5005.763491366586,0.0,1365.0062163251732,3547.5829387556546,0.0,0.4102554578326403,0.4102554578326403,0.447,0.41103494344867975,88776.48526883351,5005.763491366586,3547.5829387556546,81.62187238788273,37.1692770015356,0.0,0.37399716050900134,3.1427541465797872e+25,0.0,0.0,4.348379798614269,0.0007794856160394659,5171944.165829634,3819.5301656021757,3816.5552157087104,19.34277195226977,38.55125510914193,2.2750000000000004,0.03358173109870547,3.46885535384803e+25,-0.5,-5.0,,,,,,,,,,,,,,,,,,,,,,,,,,,,,,,,,,,,,,,,,,,,,,,,,-4.344232215167036,,9,,,1,40,sigma_box,curvature,,3,5171944.165839634,3516.5552157087104,9.999996976719932e-09,3.0232800683946066e-15,True,completed_requested_steps,-0.5,-0.5,-0.45,direct_preferred_endpoint,49,sigma_box_lower_supported
4.348379798614269,0.447,0,0,2439.59251590214,5005.763491366586,3865.2774147824593,0,0,3861.6807963553256,3581.446711495669,3590.2743434236054,2.2750000000000004,0.0,0.3678772923557055,0.03296435665118244,50,50,0.0,-0.5,65,10.2,1325.3599592686448,5005.763491366582,81.62187238788309,0.1734697727255258,0.37530533787502696,0.6163516395254951,58.70972685707435,-13.394197326769444,0.2335664749989519,,6.523258832453431e-12,50,0.39676177672748647,0.39676177672748647,0.0,4.656804403057047e-05,4.55704051583786,0.0,-4.160325307154404,90847.4794089776,1.0,3281.446711495669,True,lbfgsb_seed_0,10.2,0.0,0.0,9.727919012559887,0.0,0.0,0.39676177672748647,0.39676177672748647,0.0,0.0,0.0,0.3678772923557055,0.0,5005.763491366586,0.0,2439.59251590214,3581.446711495669,0.0,0.39676177672748647,0.39676177672748647,0.447,0.3976931376080979,90847.4793989776,5005.763491366586,3581.446711495669,81.62187238788304,37.1692770015356,0.0,0.3678772923557055,3.1427541465797872e+25,0.0,0.0,4.348379798614269,0.0009313608806114093,4955170.997078925,3865.2774147824593,3861.6807963553256,28.808516544527645,38.2868336063016,2.2750000000000004,0.03296435665118244,3.4720814090432603e+25,-0.5,-5.0,,,,,,,,,,,,,,,,,,,,,,,,,,,,,,,,,,,,,,,,,,,,,,,,,-4.160325307154404,,9,,,1,40,sigma_box,curvature,,3,4955170.997088925,3561.6807963553256,9.999993430721673e-09,6.569278327811762e-15,True,completed_requested_steps,-0.5,-0.5,-0.45,direct_preferred_endpoint,49,sigma_box_lower_supported
4.348379798614269,0.447,0,0,1622.0132327522233,5005.763491253532,3829.6027684011456,0,0,3826.4925788164196,3554.1618536482824,3563.0690867098338,2.2750000000000004,0.0,0.37280699867199035,0.033451057920814285,50,50,0.0,-0.5,66,10.2,1325.3599600892094,5005.76349125353,81.6218724248242,0.1734697727255258,0.37530533787502696,0.6163516395254951,58.709726857029814,-13.403697335249607,0.23389321500144433,,7.337659326124845e-12,50,0.4076102494080942,0.4076102494080942,0.0,4.0640214513210096e-05,4.71062414293197,0.0,-4.303054533738389,89499.87577121105,1.0,3254.1618536482824,True,lbfgsb_seed_0,10.2,0.0,0.0,9.727919012559887,0.0,0.0,0.4076102494080942,0.4076102494080942,0.0,0.0,0.0,0.37280699867199035,0.0,5005.763491253532,0.0,1622.0132327522233,3554.1618536482824,0.0,0.4076102494080942,0.4076102494080942,0.447,0.4084230536983584,89499.87576121105,5005.763491253532,3554.1618536482824,81.62187242482425,37.16927700361073,0.0,0.37280699867199035,3.142754146439819e+25,0.0,0.0,4.348379798614269,0.0008128042902642019,5114588.69478966,3829.6027684011456,3826.4925788164196,21.700198475315744,38.487526104955364,2.2750000000000004,0.033451057920814285,3.4700267613257933e+25,-0.5,-5.0,,,,,,,,,,,,,,,,,,,,,,,,,,,,,,,,,,,,,,,,,,,,,,,,,-4.303054533738389,,9,,,1,40,sigma_box,curvature,,3,5114588.69479966,3526.4925788164196,9.99999601529816e-09,3.984701839680801e-15,True,completed_requested_steps,-0.5,-0.5,-0.45,direct_preferred_endpoint,49,sigma_box_lower_supported
4.348379798614269,0.447,0,0,1643.3394624004823,5005.763491253532,3830.3655792247655,0,0,3827.242251264567,3554.8814653911636,3563.778478250856,2.2750000000000004,0.0,0.37227888794833425,0.033406161730068246,50,50,0.0,-0.5,67,10.2,1325.3599600892094,5005.76349125353,81.6218724248242,0.1734697727255258,0.37530533787502696,0.6163516395254951,58.71121311464715,-13.403697335249607,0.23393288000079338,,7.0357584719246465e-12,50,0.4073218698365384,0.4073218698365384,0.0,4.080389684198993e-05,4.707313519812687,0.0,-4.300032453872991,89315.7477313129,1.0,3254.8814653911636,True,lbfgsb_seed_0,10.2,0.0,0.0,9.727919012559887,0.0,0.0,0.4073218698365384,0.4073218698365384,0.0,0.0,0.0,0.37227888794833425,0.0,5005.763491253532,0.0,1643.3394624004823,3554.8814653911636,0.0,0.4073218698365384,0.4073218698365384,0.447,0.4081379477733782,89315.7477213129,5005.763491253532,3554.8814653911636,81.62187242482423,37.114074914958444,0.0,0.37227888794833425,3.1474285615614563e+25,0.0,0.0,4.348379798614269,0.0008160779368397986,5089151.50294656,3830.3655792247655,3827.242251264567,21.979636057384923,38.429277738814136,2.2750000000000004,0.033406161730068246,3.4749403151740433e+25,-0.5,-5.0,,,,,,,,,,,,,,,,,,,,,,,,,,,,,,,,,,,,,,,,,,,,,,,,,-4.300032453872991,,9,,,1,40,sigma_box,curvature,,3,5089151.50295656,3527.242251264567,9.999998446101467e-09,1.553898532718028e-15,True,completed_requested_steps,-0.5,-0.5,-0.45,direct_preferred_endpoint,49,sigma_box_lower_supported
4.348379798614269,0.447,0,0,1825.1404709455107,5012.263491253526,3838.492409614673,0,0,3835.241487867671,3559.1502739278376,3568.061139652943,2.2750000000000004,0.0,0.3725657590217203,0.03339258943348394,50,50,0.0,-0.5,68,10.2,1325.3599600892094,5012.26349125353,81.6218724248242,0.1734697727255258,0.37530533787502696,0.6163516395254951,58.709726857029814,-13.403697335249607,0.2343333739991067,,6.902584725335833e-12,50,0.4074276754843815,0.4074276754843815,0.0,4.2382230131865484e-05,4.672115063293383,0.0,-4.264729770039133,92532.47568178437,1.0,3259.1502739278376,True,lbfgsb_seed_0,10.2,0.0,0.0,9.727919012559887,0.0,0.0,0.4074276754843815,0.4074276754843815,0.0,0.0,0.0,0.3725657590217203,0.0,5012.263491253526,0.0,1825.1404709455107,3559.1502739278376,0.0,0.4074276754843815,0.4074276754843815,0.447,0.40827532008701883,92532.47567178437,5012.263491253526,3559.1502739278376,81.6218724248246,37.14516826713348,0.0,0.3725657590217203,3.142754146439819e+25,0.0,0.0,4.348379798614269,0.0008476446026373097,5010462.490710704,3838.492409614673,3835.241487867671,23.735764173981092,38.41751189765063,2.2750000000000004,0.03339258943348394,3.472322922406646e+25,-0.5,-5.0,,,,,,,,,,,,,,,,,,,,,,,,,,,,,,,,,,,,,,,,,,,,,,,,,-4.264729770039133,,9,,,1,40,sigma_box,curvature,,3,5010462.490720703,3535.241487867671,9.999998739501777e-09,1.260498223324695e-15,True,completed_requested_steps,-0.5,-0.5,-0.45,direct_preferred_endpoint,49,sigma_box_lower_supported
4.348379798614269,0.447,0,0,1419.4563635147495,5005.763491253532,3821.383425891657,0,0,3818.382038958698,3549.042246572558,3557.9675285658013,2.2750000000000004,0.0,0.37312038520330265,0.033504522979191056,50,50,0.0,-0.5,69,10.2,1325.3599600892094,5005.76349125353,81.7968724248242,0.1734697727255258,0.37530533787502696,0.6163516395254951,58.709726857029814,-13.403697335249607,0.23674746901087929,,6.549543467465387e-12,50,0.40966871273764616,0.40966871273764616,0.0,3.930181556397461e-05,4.746370176979573,0.0,-4.33674076605749,88936.13693775283,1.0,3249.042246572558,True,lbfgsb_seed_0,10.2,0.0,0.0,9.727919012559887,0.0,0.0,0.40966871273764616,0.40966871273764616,0.0,0.0,0.0,0.37312038520330265,0.0,5005.763491253532,0.0,1419.4563635147495,3549.042246572558,0.0,0.40966871273764616,0.40966871273764616,0.447,0.41045474904892565,88936.13692775283,5005.763491253532,3549.042246572558,81.79687242482404,37.16927700361073,0.0,0.37312038520330265,3.142754146439819e+25,0.0,0.0,4.348379798614269,0.0007860363112794921,5155754.462226698,3821.383425891657,3818.382038958698,19.979451583907366,38.544949583226426,2.2750000000000004,0.033504522979191056,3.4685814332619008e+25,-0.5,-5.0,,,,,,,,,,,,,,,,,,,,,,,,,,,,,,,,,,,,,,,,,,,,,,,,,-4.33674076605749,,9,,,1,40,sigma_box,curvature,,3,5155754.462236698,3518.382038958698,9.999998944524972e-09,1.0554750287430796e-15,True,completed_requested_steps,-0.5,-0.5,-0.45,direct_preferred_endpoint,49,sigma_box_lower_supported
4.348379798614269,0.447,0,0,1365.0051885185708,5005.763491253532,3819.530121765344,0,0,3816.5551724069683,3547.5829110621535,3556.525219487414,2.2750000000000004,0.0,0.3739971653910851,0.03358173165526796,50,50,0.0,-0.5,70,10.2,1328.3599600892094,5005.76349125353,81.6218724248242,0.1734697727255258,0.37530533787502696,0.6163516395254951,58.709726857029814,-13.403697335249607,0.23595684199244715,,6.8923621773300846e-12,50,0.4102554689470945,0.4102554689470945,0.0,3.897427423406042e-05,4.754448889888656,0.0,-4.344232395215795,88776.48373668251,1.0,3247.5829110621535,True,lbfgsb_seed_0,10.2,0.0,0.0,9.727919012559887,0.0,0.0,0.4102554689470945,0.4102554689470945,0.0,0.0,0.0,0.3739971653910851,0.0,5005.763491253532,0.0,1365.0051885185708,3547.5829110621535,0.0,0.4102554689470945,0.4102554689470945,0.447,0.41103495443177573,88776.4837266825,5005.763491253532,3547.5829110621535,81.62187242482425,37.16927700361073,0.0,0.3739971653910851,3.142754146439819e+25,0.0,0.0,4.348379798614269,0.0007794854846812083,5171944.355159727,3819.530121765344,3816.5551724069683,19.342762055051875,38.55125539954419,2.2750000000000004,0.03358173165526796,3.4688553476235984e+25,-0.5,-5.0,,,,,,,,,,,,,,,,,,,,,,,,,,,,,,,,,,,,,,,,,,,,,,,,,-4.344232395215795,,9,,,1,40,sigma_box,curvature,,3,5171944.355169727,3516.5551724069683,9.999993834865155e-09,6.165134846013983e-15,True,completed_requested_steps,-0.5,-0.5,-0.45,direct_preferred_endpoint,49,sigma_box_lower_supported
4.348379798614269,0.447,0,0,2439.5916580751045,5005.763491253532,3865.2773817033376,0,0,3861.6807637486186,3581.4466844389935,3590.274316450178,2.2750000000000004,0.0,0.3678772971120953,0.03296435709895344,50,50,0.0,-0.5,71,10.2,1325.3599600892094,5005.76349125353,81.6218724248242,0.1734697727255258,0.37530533787502696,0.6163516395254951,58.709726857029814,-13.394197335249608,0.23165359799168073,,6.519227164723358e-12,50,0.39676178736951107,0.39676178736951107,0.0,4.656803830708212e-05,4.557040657067358,0.0,-4.160325437736153,90847.47782373618,1.0,3281.4466844389935,True,lbfgsb_seed_0,10.2,0.0,0.0,9.727919012559887,0.0,0.0,0.39676178736951107,0.39676178736951107,0.0,0.0,0.0,0.3678772971120953,0.0,5005.763491253532,0.0,2439.5916580751045,3581.4466844389935,0.0,0.39676178736951107,0.39676178736951107,0.447,0.3976931481356527,90847.47781373617,5005.763491253532,3581.4466844389935,81.62187242482425,37.16927700361073,0.0,0.3678772971120953,3.142754146439819e+25,0.0,0.0,4.348379798614269,0.0009313607661416423,4955171.106954995,3865.2773817033376,3861.6807637486186,28.808510414923884,38.28683377986591,2.2750000000000004,0.03296435709895344,3.4720814081604715e+25,-0.5,-5.0,,,,,,,,,,,,,,,,,,,,,,,,,,,,,,,,,,,,,,,,,,,,,,,,,-4.160325437736153,,9,,,1,40,sigma_box,curvature,,3,4955171.106964994,3561.6807637486186,9.999994038702558e-09,5.961297441703133e-15,True,completed_requested_steps,-0.5,-0.5,-0.45,direct_preferred_endpoint,49,sigma_box_lower_supported
0.5298312685402033,0.447,0,0,762.6620698334943,5004.433894954595,4265.6419828291055,0,0,3286.195335468797,3191.2311333041444,3201.3823115052546,0.17,0.0,0.4381381353283879,0.3479580815671571,8,50,0.0,-0.35,72,10.2,1335.0106834079702,5004.433894954599,82.05633981177175,0.1734697727255258,0.37530533787502696,0.6163516395254951,58.70920301416177,-13.503433216311999,0.4523825450014556,reverse_rollout_failed,0.0047740753576930636,8,0.26562109525535726,0.26562109525535726,1000000.0,0.015128087131211677,3.007997731724957,0.0,-2.7575047236008117,73270.33852802656,1.0,2891.2311333041444,False,lbfgsb_seed_0,10.2,0.0,0.0,1.1853048513203654,0.0,0.0,0.26562109525535726,0.26562109525535726,1000000.0,840.0,0.0,0.4381381353283879,0.0,5004.433894954595,0.0,762.6620698334943,3191.2311333041444,0.0,-1000840.0,-839.7343789047446,0.447,0.5681828378795908,73270.33851802656,5004.433894954595,3191.2311333041444,82.05633981177223,37.193692858860075,0.0,0.4381381353283879,3.141108268222619e+25,0.0,0.0,0.5298312685402033,0.3025617426242335,762.6620698334943,4265.6419828291055,3274.8098176407666,75.61394571936962,38.41620175640911,0.17,0.3479580815671571,3.293995944984676e+25,-0.3,-0.8,0.004774065357693064,-0.038723346893574595,False,30,762.6620798334943,2974.8098176407666,-0.004774065357693064,0.0047740753576930636,0.038723346893574595,True,-0.3,0.004774065357693064,-0.038723346893574595,False,30,762.6620798334943,2974.8098176407666,-0.004774065357693064,0.0047740753576930636,0.038723346893574595,True,-0.3,0,0.010586081433325088,-0.033743749064572226,False,35,1067.7701850179553,2979.3925079851456,-0.010586081433325088,0.010586091433325088,0.033743749064572226,True,-0.39999999999999997,41,0.004774065357693064,-0.038723346893574595,False,30,762.6620798334943,2974.8098176407666,-0.004774065357693064,0.0047740753576930636,0.038723346893574595,True,-0.3,-0.3,-0.39999999999999997,-1000000.0,,7,1,,,,curvature,curvature,no feasible sigma on scan grid,30,762.6620798334943,2974.8098176407666,-0.004774065357693064,0.0047740753576930636,False,no_feasible_sigma,-0.3,-0.39999999999999997,-0.3,legacy_scan,7,no_feasible_sigma
0.5298312685402033,0.447,0,0,766.2561474650788,5004.433894954595,4265.781093744236,0,0,3287.140599064382,3192.123756530864,3202.260253497355,0.17,0.0,0.43750078032957107,0.3473749273842861,8,50,0.0,-0.35,73,10.2,1335.0106834079702,5004.433894954599,82.05633981177175,0.1734697727255258,0.37530533787502696,0.6163516395254951,58.71068927177911,-13.503433216311999,0.4488822330022231,reverse_rollout_failed,0.004591610103550727,8,0.26555819693107474,0.26555819693107474,1000000.0,0.015109306261779643,3.007515214814937,0.0,-2.757066324145642,73117.85679444912,1.0,2892.123756530864,False,lbfgsb_seed_0,10.2,0.0,0.0,1.1853048513203654,0.0,0.0,0.26555819693107474,0.26555819693107474,1000000.0,840.0,0.0,0.43750078032957107,0.0,5004.433894954595,0.0,766.2561474650788,3192.123756530864,0.0,-1000840.0,-839.7344418030689,0.447,0.5677443221666676,73117.85678444912,5004.433894954595,3192.123756530864,82.05633981177172,37.13845450891043,0.0,0.43750078032957107,3.145780235326477e+25,0.0,0.0,0.5298312685402033,0.30218612523559285,766.2561474650788,4265.781093744236,3275.8612698107704,75.59994798862095,38.35081629719235,0.17,0.3473749273842861,3.2995581755828258e+25,-0.3,-0.8,0.004591600103550727,-0.03915585503090191,False,30,766.2561574650788,2975.8612698107704,-0.004591600103550727,0.004591610103550727,0.03915585503090191,True,-0.3,0.004591600103550727,-0.03915585503090191,False,30,766.2561574650788,2975.8612698107704,-0.004591600103550727,0.004591610103550727,0.03915585503090191,True,-0.3,0,0.009502906734373718,-0.03583467462106871,False,30,771.7567650910898,2969.0547515250473,-0.009502906734373718,0.009502916734373718,0.03583467462106871,True,-0.39999999999999997,41,0.004591600103550727,-0.03915585503090191,False,30,766.2561574650788,2975.8612698107704,-0.004591600103550727,0.004591610103550727,0.03915585503090191,True,-0.3,-0.3,-0.39999999999999997,-1000000.0,,7,1,,,,curvature,curvature,no feasible sigma on scan grid,30,766.2561574650788,2975.8612698107704,-0.004591600103550727,0.004591610103550727,False,no_feasible_sigma,-0.3,-0.39999999999999997,-0.3,legacy_scan,7,no_feasible_sigma
0.5298312685402033,0.447,0,0,926.7304572296125,5010.933894954595,4276.057059639877,0,0,3292.4570169932995,3195.8330440436057,3205.989564014905,0.17,0.0,0.4378471062232462,0.34668682087637626,8,50,0.0,-0.35,74,10.2,1335.0106834079702,5010.933894954599,82.05633981177175,0.1734697727255258,0.37530533787502696,0.6163516395254951,58.70920301416177,-13.503433216311999,0.43966418600757606,reverse_rollout_failed,0.003615827474180413,8,0.26632607867156466,0.26632607867156466,1000000.0,0.015081625900303031,2.971979261617508,0.0,-2.720734808846246,75761.01124975478,1.0,2895.8330440436057,False,lbfgsb_seed_0,10.2,0.0,0.0,1.1853048513203654,0.0,0.0,0.26632607867156466,0.26632607867156466,1000000.0,840.0,0.0,0.4378471062232462,0.0,5010.933894954595,0.0,926.7304572296125,3195.8330440436057,0.0,-1000840.0,-839.7336739213284,0.447,0.5679585966776253,75761.01123975478,5010.933894954595,3195.8330440436057,82.05633981177203,37.16956188250226,0.0,0.4378471062232462,3.141108268222619e+25,0.0,0.0,0.5298312685402033,0.3016325180060606,926.7304572296125,4276.057059639877,3285.149226442395,75.59032546126413,38.287362762522484,0.17,0.34668682087637626,3.301052913460185e+25,-0.3,-0.8,0.003615817474180413,-0.04093671158384882,False,29,926.7304672296125,2985.149226442395,-0.003615817474180413,0.003615827474180413,0.04093671158384882,True,-0.3,0.003615817474180413,-0.04093671158384882,False,29,926.7304672296125,2985.149226442395,-0.003615817474180413,0.003615827474180413,0.04093671158384882,True,-0.3,0,0.009317630152809432,-0.037823954865056075,False,31,1101.2774438469557,2986.7082467867804,-0.009317630152809432,0.009317640152809432,0.037823954865056075,True,-0.39999999999999997,41,0.003615817474180413,-0.04093671158384882,False,29,926.7304672296125,2985.149226442395,-0.003615817474180413,0.003615827474180413,0.04093671158384882,True,-0.3,-0.3,-0.39999999999999997,-1000000.0,,7,1,,,,curvature,curvature,no feasible sigma on scan grid,29,926.7304672296125,2985.149226442395,-0.003615817474180413,0.003615827474180413,False,no_feasible_sigma,-0.3,-0.39999999999999997,-0.3,legacy_scan,7,no_feasible_sigma
0.5298312685402033,0.447,0,0,720.005836774149,5004.433894954595,4264.467899946,0,0,3278.9506819361595,3184.8598984166606,3195.0334248570784,0.17,0.0,0.43862849738204235,0.3487187371106381,8,50,0.0,-0.35,75,10.2,1335.0106834079702,5004.433894954599,82.23133981177175,0.1734697727255258,0.37530533787502696,0.6163516395254951,58.70920301416177,-13.503433216311999,0.42578545901051257,reverse_rollout_failed,0.005346525323229905,8,0.2660545524959115,0.2660545524959115,1000000.0,0.015263269853500539,3.0120716703178467,0.0,-2.761280387675436,72819.9501100137,1.0,2884.8598984166606,False,lbfgsb_seed_0,10.2,0.0,0.0,1.1853048513203654,0.0,0.0,0.2660545524959115,0.2660545524959115,1000000.0,840.0,0.0,0.43862849738204235,0.0,5004.433894954595,0.0,720.005836774149,3184.8598984166606,0.0,-1000840.0,-839.7339454475041,0.447,0.5713199495659222,72819.9501000137,5004.433894954595,3184.8598984166606,82.23133981177149,37.193692858860075,0.0,0.43862849738204235,3.141108268222619e+25,0.0,0.0,0.5298312685402033,0.30526539707001077,720.005836774149,4264.467899946,3267.1270605339323,75.91936151208041,38.455698235868134,0.17,0.3487187371106381,3.2910657495090556e+25,-0.3,-0.8,0.005346515323229905,-0.03722478369333082,False,29,720.005846774149,2967.1270605339323,-0.005346515323229905,0.005346525323229905,0.03722478369333082,True,-0.3,0.005346515323229905,-0.03722478369333082,False,29,720.005846774149,2967.1270605339323,-0.005346515323229905,0.005346525323229905,0.03722478369333082,True,-0.3,0,0.010042485337813118,-0.03386948121470579,False,31,725.182747577305,2960.2809420674507,-0.010042485337813118,0.010042495337813118,0.03386948121470579,True,-0.39999999999999997,41,0.005346515323229905,-0.03722478369333082,False,29,720.005846774149,2967.1270605339323,-0.005346515323229905,0.005346525323229905,0.03722478369333082,True,-0.3,-0.3,-0.39999999999999997,-1000000.0,,7,1,,,,curvature,curvature,no feasible sigma on scan grid,29,720.005846774149,2967.1270605339323,-0.005346515323229905,0.005346525323229905,False,no_feasible_sigma,-0.3,-0.39999999999999997,-0.3,legacy_scan,7,no_feasible_sigma
0.5298312685402033,0.447,0,0,707.4844886607775,5004.433894954595,4264.06841011388,0,0,3276.968735272529,3183.0728163361546,3193.270796202913,0.17,0.0,0.43968509014803825,0.3497038382748053,8,50,0.0,-0.35,76,10.2,1338.0106834079702,5004.433894954599,82.05633981177175,0.1734697727255258,0.37530533787502696,0.6163516395254951,58.70920301416177,-13.503433216311999,0.41938532299536746,reverse_rollout_failed,0.005648083812502162,8,0.2661921359359518,0.2661921359359518,1000000.0,0.015300500224173752,3.013458484764551,0.0,-2.7625668490527735,72694.42346219445,1.0,2883.0728163361546,False,lbfgsb_seed_0,10.2,0.0,0.0,1.1853048513203654,0.0,0.0,0.2661921359359518,0.2661921359359518,1000000.0,840.0,0.0,0.43968509014803825,0.0,5004.433894954595,0.0,707.4844886607775,3183.0728163361546,0.0,-1000840.0,-839.733807864064,0.447,0.5722021404194269,72694.42345219445,5004.433894954595,3183.0728163361546,82.05633981177161,37.193692858860075,0.0,0.43968509014803825,3.141108268222619e+25,0.0,0.0,0.5298312685402033,0.30601000448347504,707.4844886607775,4264.06841011388,3264.9584578031718,75.78465800165493,38.47148605055783,0.17,0.3497038382748053,3.28986927063419e+25,-0.3,-0.8,0.005648073812502162,-0.036430853507113836,False,28,707.4844986607775,2964.9584578031718,-0.005648073812502162,0.005648083812502162,0.036430853507113836,True,-0.3,0.005648073812502162,-0.036430853507113836,False,28,707.4844986607775,2964.9584578031718,-0.005648073812502162,0.005648083812502162,0.036430853507113836,True,-0.3,0,0.010281037990956454,-0.03304374872696858,False,29,712.7196646036755,2958.0634572304575,-0.010281037990956454,0.010281047990956454,0.03304374872696858,True,-0.39999999999999997,41,0.005648073812502162,-0.036430853507113836,False,28,707.4844986607775,2964.9584578031718,-0.005648073812502162,0.005648083812502162,0.036430853507113836,True,-0.3,-0.3,-0.39999999999999997,-1000000.0,,7,1,,,,curvature,curvature,no feasible sigma on scan grid,28,707.4844986607775,2964.9584578031718,-0.005648073812502162,0.005648083812502162,False,no_feasible_sigma,-0.3,-0.39999999999999997,-0.3,legacy_scan,7,no_feasible_sigma
0.5298312685402033,0.447,0,0,965.7793618022381,5004.433894954595,4272.522428849109,0,0,3322.748317664298,3225.3168120434207,3235.3442557628787,0.17,0.0,0.43170101971737407,0.341050622910717,8,50,0.0,-0.35,77,10.2,1335.0106834079702,5004.433894954599,82.05633981177175,0.1734697727255258,0.37530533787502696,0.6163516395254951,58.70920301416177,-13.493933216311998,0.40658269099367317,reverse_rollout_failed,0.0009378952606608983,8,0.2627180823350195,0.2627180823350195,1000000.0,0.014444597064836884,2.9841787588293816,0.0,-2.735905273559199,74317.51865926967,1.0,2925.3168120434207,False,lbfgsb_seed_0,10.2,0.0,0.0,1.1853048513203654,0.0,0.0,0.2627180823350195,0.2627180823350195,1000000.0,840.0,0.0,0.43170101971737407,0.0,5004.433894954595,0.0,965.7793618022381,3225.3168120434207,0.0,-1000840.0,-839.737281917665,0.447,0.5516100236317572,74317.51864926967,5004.433894954595,3225.3168120434207,82.05633981177192,37.193692858860075,0.0,0.43170101971737407,3.141108268222619e+25,0.0,0.0,0.5298312685402033,0.2888919412967377,965.7793618022381,4272.522428849109,3314.8802408917068,74.92518847590945,38.213618979316145,0.17,0.341050622910717,3.3087910335105205e+25,-0.3,-0.8,0.0009378852606608982,-0.04595346785253995,False,24,965.7793718022381,3014.8802408917068,-0.0009378852606608982,0.0009378952606608983,0.04595346785253995,True,-0.3,0.0009378852606608982,-0.04595346785253995,False,24,965.7793718022381,3014.8802408917068,-0.0009378852606608982,0.0009378952606608983,0.04595346785253995,True,-0.3,0,0.007097536865450256,-0.04387497056086853,False,27,1149.9621902475942,3018.9213548795938,-0.007097536865450256,0.007097546865450256,0.04387497056086853,True,-0.39999999999999997,41,0.0009378852606608982,-0.04595346785253995,False,24,965.7793718022381,3014.8802408917068,-0.0009378852606608982,0.0009378952606608983,0.04595346785253995,True,-0.3,-0.3,-0.39999999999999997,-1000000.0,,7,1,,,,curvature,curvature,no feasible sigma on scan grid,24,965.7793718022381,3014.8802408917068,-0.0009378852606608982,0.0009378952606608983,False,no_feasible_sigma,-0.3,-0.39999999999999997,-0.3,legacy_scan,7,no_feasible_sigma
4.348379798614269,0.447,0,0,1622.0129902190945,5005.763491225265,3829.602758450477,0,0,3826.4925689947304,3554.161846754722,3563.0690798377273,2.2750000000000004,0.0,0.37280699988655713,0.03345105805028377,50,50,0.0,-0.5,78,10.2,1325.3599602943589,5005.763491225267,81.62187243405985,0.1734697727255258,0.37530533787502696,0.6163516395254951,58.70972685701867,-13.403697337369733,0.232198342011543,,7.339762856726367e-12,50,0.4076102521635028,0.4076102521635028,0.0,4.064021293217479e-05,4.71062418612578,0.0,-4.303054574175209,89499.87538210489,1.0,3254.161846754722,True,lbfgsb_seed_0,10.2,0.0,0.0,9.727919012559887,0.0,0.0,0.4076102521635028,0.4076102521635028,0.0,0.0,0.0,0.37280699988655713,0.0,5005.763491225265,0.0,1622.0129902190945,3554.161846754722,0.0,0.4076102521635028,0.4076102521635028,0.447,0.40842305642214627,89499.87537210489,5005.763491225265,3554.161846754722,81.62187243405988,37.169277004129796,0.0,0.37280699988655713,3.1427541464048043e+25,0.0,0.0,4.348379798614269,0.0008128042586434958,5114588.745108811,3829.602758450477,3826.4925689947304,21.700196330881706,38.4875261668912,2.2750000000000004,0.03345105805028377,3.4700267602498538e+25,-0.5,-5.0,,,,,,,,,,,,,,,,,,,,,,,,,,,,,,,,,,,,,,,,,,,,,,,,,-4.303054574175209,,9,,,1,40,sigma_box,curvature,,3,5114588.745118811,3526.4925689947304,9.999996008262197e-09,3.991737803020391e-15,True,completed_requested_steps,-0.5,-0.5,-0.45,direct_preferred_endpoint,49,sigma_box_lower_supported
4.348379798614269,0.447,0,0,1643.3392217147807,5005.763491225265,3830.365569354805,0,0,3827.242241523515,3554.881458500896,3563.7784713819788,2.2750000000000004,0.0,0.3722788891609361,0.03340616185863512,50,50,0.0,-0.5,79,10.2,1325.3599602943589,5005.763491225267,81.62187243405985,0.1734697727255258,0.37530533787502696,0.6163516395254951,58.71121311463602,-13.403697337369733,0.23327416800020728,,7.035160374650026e-12,50,0.40732187258952224,0.40732187258952224,0.0,4.080389526175399e-05,4.707313562641101,0.0,-4.300032493946841,89315.74734295324,1.0,3254.881458500896,True,lbfgsb_seed_0,10.2,0.0,0.0,9.727919012559887,0.0,0.0,0.40732187258952224,0.40732187258952224,0.0,0.0,0.0,0.3722788891609361,0.0,5005.763491225265,0.0,1643.3392217147807,3554.881458500896,0.0,0.40732187258952224,0.40732187258952224,0.447,0.4081379504947573,89315.74733295324,5005.763491225265,3554.881458500896,81.62187243406014,37.11407491547647,0.0,0.3722788891609361,3.1474285615264124e+25,0.0,0.0,4.348379798614269,0.0008160779052350797,5089151.554184071,3830.365569354805,3827.242241523515,21.97963394134117,38.42927779981709,2.2750000000000004,0.03340616185863512,3.47494031413495e+25,-0.5,-5.0,,,,,,,,,,,,,,,,,,,,,,,,,,,,,,,,,,,,,,,,,,,,,,,,,-4.300032493946841,,9,,,1,40,sigma_box,curvature,,3,5089151.55419407,3527.242241523515,9.999999174571728e-09,8.254282724403421e-16,True,completed_requested_steps,-0.5,-0.5,-0.45,direct_preferred_endpoint,49,sigma_box_lower_supported
4.348379798614269,0.447,0,0,1825.1402774540827,5012.263491225266,3838.4924002134785,0,0,3835.2414785941273,3559.1502670269724,3568.0611327735915,2.2750000000000004,0.0,0.37256576023539395,0.033392589557324534,50,50,0.0,-0.5,80,10.2,1325.3599602943589,5012.263491225267,81.62187243405985,0.1734697727255258,0.37530533787502696,0.6163516395254951,58.70972685701867,-13.403697337369733,0.23298332799458876,,6.902674881374621e-12,50,0.4074276782381916,0.4074276782381916,0.0,4.2382228570170266e-05,4.67211510393489,0.0,-4.264729807925269,92532.47527970256,1.0,3259.1502670269724,True,lbfgsb_seed_0,10.2,0.0,0.0,9.727919012559887,0.0,0.0,0.4074276782381916,0.4074276782381916,0.0,0.0,0.0,0.37256576023539395,0.0,5012.263491225266,0.0,1825.1402774540827,3559.1502670269724,0.0,0.4074276782381916,0.4074276782381916,0.447,0.408275322809595,92532.47526970255,5012.263491225266,3559.1502670269724,81.62187243405972,37.145168267652046,0.0,0.37256576023539395,3.1427541464048043e+25,0.0,0.0,4.348379798614269,0.0008476445714034053,5010462.538915325,3838.4924002134785,3835.2414785941273,23.735762228262548,38.41751195324901,2.2750000000000004,0.033392589557324534,3.472322921633637e+25,-0.5,-5.0,,,,,,,,,,,,,,,,,,,,,,,,,,,,,,,,,,,,,,,,,,,,,,,,,-4.264729807925269,,9,,,1,40,sigma_box,curvature,,3,5010462.538925325,3535.2414785941273,9.999995319894455e-09,4.6801055449053125e-15,True,completed_requested_steps,-0.5,-0.5,-0.45,direct_preferred_endpoint,49,sigma_box_lower_supported
4.348379798614269,0.447,0,0,1419.4561107856193,5005.763491225265,3821.383415205366,0,0,3818.382028405304,3549.042239655179,3557.9675216699306,2.2750000000000004,0.0,0.3731203864206631,0.03350452311563079,50,50,0.0,-0.5,81,10.2,1325.3599602943589,5005.763491225267,81.79687243405985,0.1734697727255258,0.37530533787502696,0.6163516395254951,58.70972685701867,-13.403697337369733,0.23530913499416783,,6.548681153386209e-12,50,0.4096687155114074,0.4096687155114074,0.0,3.930181393236865e-05,4.746370223542234,0.0,-4.336740809844759,88936.13655137231,1.0,3249.042239655179,True,lbfgsb_seed_0,10.2,0.0,0.0,9.727919012559887,0.0,0.0,0.4096687155114074,0.4096687155114074,0.0,0.0,0.0,0.3731203864206631,0.0,5005.763491225265,0.0,1419.4561107856193,3549.042239655179,0.0,0.4096687155114074,0.4096687155114074,0.447,0.41045475179005475,88936.13654137231,5005.763491225265,3549.042239655179,81.79687243405998,37.169277004129796,0.0,0.3731203864206631,3.1427541464048043e+25,0.0,0.0,4.348379798614269,0.0007860362786473729,5155754.513015483,3821.383415205366,3818.382028405304,19.97944919227696,38.54494965305509,2.2750000000000004,0.03350452311563079,3.468581431828011e+25,-0.5,-5.0,,,,,,,,,,,,,,,,,,,,,,,,,,,,,,,,,,,,,,,,,,,,,,,,,-4.336740809844759,,9,,,1,40,sigma_box,curvature,,3,5155754.513025482,3518.382028405304,9.99999745834747e-09,2.5416525299653877e-15,True,completed_requested_steps,-0.5,-0.5,-0.45,direct_preferred_endpoint,49,sigma_box_lower_supported
4.348379798614269,0.447,0,0,1365.0049315580309,5005.763491225265,3819.5301108057647,0,0,3816.5551615811655,3547.582904138497,3556.5252125854113,2.2750000000000004,0.0,0.3739971666116576,0.03358173179441374,50,50,0.0,-0.5,82,10.2,1328.3599602943589,5005.763491225267,81.62187243405985,0.1734697727255258,0.37530533787502696,0.6163516395254951,58.70972685701867,-13.403697337369733,0.23538451999775134,,6.891545066066132e-12,50,0.41025547172582044,0.41025547172582044,0.0,3.897427259201836e-05,4.75444893768272,0.0,-4.344232440229492,88776.4833511295,1.0,3247.582904138497,True,lbfgsb_seed_0,10.2,0.0,0.0,9.727919012559887,0.0,0.0,0.41025547172582044,0.41025547172582044,0.0,0.0,0.0,0.3739971666116576,0.0,5005.763491225265,0.0,1365.0049315580309,3547.582904138497,0.0,0.41025547172582044,0.41025547172582044,0.447,0.4110349571776608,88776.4833411295,5005.763491225265,3547.582904138497,81.62187243405988,37.169277004129796,0.0,0.3739971666116576,3.1427541464048043e+25,0.0,0.0,4.348379798614269,0.0007794854518403671,5171944.402496321,3819.5301108057647,3816.5551615811655,19.342759580663937,38.55125547214717,2.2750000000000004,0.03358173179441374,3.468855346067441e+25,-0.5,-5.0,,,,,,,,,,,,,,,,,,,,,,,,,,,,,,,,,,,,,,,,,,,,,,,,,-4.344232440229492,,9,,,1,40,sigma_box,curvature,,3,5171944.402506321,3516.5551615811655,9.999999061679185e-09,9.383208148691943e-16,True,completed_requested_steps,-0.5,-0.5,-0.45,direct_preferred_endpoint,49,sigma_box_lower_supported
4.348379798614269,0.447,0,0,2439.5914436096477,5005.763491225265,3865.277373433243,0,0,3861.680755596632,3581.4466776745467,3590.27430970652,2.2750000000000004,0.0,0.3678772983012433,0.03296435721090129,50,50,0.0,-0.5,83,10.2,1325.3599602943589,5005.763491225267,81.62187243405985,0.1734697727255258,0.37530533787502696,0.6163516395254951,58.70972685701867,-13.394197337369734,0.23169929199502803,,6.5217928208930214e-12,50,0.3967617900301259,0.3967617900301259,0.0,4.656803687614897e-05,4.557040692376073,0.0,-4.160325470382823,90847.47742737463,1.0,3281.4466776745467,True,lbfgsb_seed_0,10.2,0.0,0.0,9.727919012559887,0.0,0.0,0.3967617900301259,0.3967617900301259,0.0,0.0,0.0,0.3678772983012433,0.0,5005.763491225265,0.0,2439.5914436096477,3581.4466776745467,0.0,0.3967617900301259,0.3967617900301259,0.447,0.3976931507676489,90847.47741737463,5005.763491225265,3581.4466776745467,81.62187243405988,37.169277004129796,0.0,0.3678772983012433,3.1427541464048043e+25,0.0,0.0,4.348379798614269,0.0009313607375229793,4955171.134426684,3865.277373433243,3861.680755596632,28.80850888246619,38.28683382325943,2.2750000000000004,0.03296435721090129,3.472081407939694e+25,-0.5,-5.0,,,,,,,,,,,,,,,,,,,,,,,,,,,,,,,,,,,,,,,,,,,,,,,,,-4.160325470382823,,9,,,1,40,sigma_box,curvature,,3,4955171.134436684,3561.680755596632,9.999997947576542e-09,2.052423458641955e-15,True,completed_requested_steps,-0.5,-0.5,-0.45,direct_preferred_endpoint,49,sigma_box_lower_supported
4.348379798614269,0.447,0,0,1622.012747690476,5005.763491197006,3829.6027484999377,0,0,3826.4925591731685,3554.161839861184,3563.069072965671,2.2750000000000004,0.0,0.37280700110112003,0.0334510581797527,50,50,0.0,-0.5,84,10.2,1325.3599604995081,5005.7634911970035,81.6218724432955,0.1734697727255258,0.37530533787502696,0.6163516395254951,58.70972685700754,-13.40369733948986,0.2330220570001984,,7.337465065672432e-12,50,0.407610254918904,0.407610254918904,0.0,4.0640211351161694e-05,4.710624229319025,0.0,-4.303054614611472,89499.87499303187,1.0,3254.161839861184,True,lbfgsb_seed_0,10.2,0.0,0.0,9.727919012559887,0.0,0.0,0.407610254918904,0.407610254918904,0.0,0.0,0.0,0.37280700110112003,0.0,5005.763491197006,0.0,1622.012747690476,3554.161839861184,0.0,0.407610254918904,0.407610254918904,0.447,0.40842305914592725,89499.87498303187,5005.763491197006,3554.161839861184,81.62187244329509,37.169277004648556,0.0,0.37280700110112003,3.1427541463698123e+25,0.0,0.0,4.348379798614269,0.0008128042270232338,5114588.795427265,3829.6027484999377,3826.4925591731685,21.70019418647846,38.48752622882638,2.2750000000000004,0.0334510581797527,3.470026759173914e+25,-0.5,-5.0,,,,,,,,,,,,,,,,,,,,,,,,,,,,,,,,,,,,,,,,,,,,,,,,,-4.303054614611472,,9,,,1,40,sigma_box,curvature,,3,5114588.795437264,3526.4925591731685,9.99999606191741e-09,3.93808259140019e-15,True,completed_requested_steps,-0.5,-0.5,-0.45,direct_preferred_endpoint,49,sigma_box_lower_supported
4.348379798614269,0.447,0,0,1643.338981027543,5005.763491197006,3830.3655594847696,0,0,3827.242231782389,3554.8814516106568,3563.778464513173,2.2750000000000004,0.0,0.3722788903735363,0.033406161987203954,50,50,0.0,-0.5,85,10.2,1325.3599604995081,5005.7634911970035,81.6218724432955,0.1734697727255258,0.37530533787502696,0.6163516395254951,58.71121311462488,-13.40369733948986,0.23527391300012823,,7.035753236178821e-12,50,0.4073218753424974,0.4073218753424974,0.0,4.0803893681506946e-05,4.707313605469837,0.0,-4.300032534021021,89315.74695461174,1.0,3254.8814516106568,True,lbfgsb_seed_0,10.2,0.0,0.0,9.727919012559887,0.0,0.0,0.4073218753424974,0.4073218753424974,0.0,0.0,0.0,0.3722788903735363,0.0,5005.763491197006,0.0,1643.338981027543,3554.8814516106568,0.0,0.4073218753424974,0.4073218753424974,0.447,0.40813795321612756,89315.74694461173,5005.763491197006,3554.8814516106568,81.62187244329525,37.11407491599446,0.0,0.3722788903735363,3.147428561491368e+25,0.0,0.0,4.348379798614269,0.0008160778736301388,5089151.605422093,3830.3655594847696,3827.242231782389,21.979631825284727,38.42927786082234,2.2750000000000004,0.033406161987203954,3.4749403130956837e+25,-0.5,-5.0,,,,,,,,,,,,,,,,,,,,,,,,,,,,,,,,,,,,,,,,,,,,,,,,,-4.300032534021021,,9,,,1,40,sigma_box,curvature,,3,5089151.605432092,3527.242231782389,9.999993882086165e-09,6.117913834932188e-15,True,completed_requested_steps,-0.5,-0.5,-0.45,direct_preferred_endpoint,49,sigma_box_lower_supported
4.348379798614269,0.447,0,0,1825.1400839588837,5012.263491197006,3838.4923908120727,0,0,3835.241469320376,3559.1502601260854,3568.061125894171,2.2750000000000004,0.0,0.37256576144906645,0.033392589681165576,50,50,0.0,-0.5,86,10.2,1325.3599604995081,5012.2634911970035,81.6218724432955,0.1734697727255258,0.37530533787502696,0.6163516395254951,58.70972685700754,-13.40369733948986,0.23307734499394428,,6.902414566894711e-12,50,0.40742768099201165,0.40742768099201165,0.0,4.238222700841954e-05,4.67211514457731,0.0,-4.264729845812307,92532.4748776182,1.0,3259.1502601260854,True,lbfgsb_seed_0,10.2,0.0,0.0,9.727919012559887,0.0,0.0,0.40742768099201165,0.40742768099201165,0.0,0.0,0.0,0.37256576144906645,0.0,5012.263491197006,0.0,1825.1400839588837,3559.1502601260854,0.0,0.40742768099201165,0.40742768099201165,0.447,0.40827532553218004,92532.47486761819,5012.263491197006,3559.1502601260854,81.6218724432958,37.145168268170345,0.0,0.37256576144906645,3.1427541463698123e+25,0.0,0.0,4.348379798614269,0.0008476445401683907,5010462.5871251905,3838.4923908120727,3835.241469320376,23.73576028249617,38.41751200884792,2.2750000000000004,0.033392589681165576,3.4723229208606773e+25,-0.5,-5.0,,,,,,,,,,,,,,,,,,,,,,,,,,,,,,,,,,,,,,,,,,,,,,,,,-4.264729845812307,,9,,,1,40,sigma_box,curvature,,3,5010462.58713519,3535.241469320376,9.999998989186523e-09,1.0108134776037503e-15,True,completed_requested_steps,-0.5,-0.5,-0.45,direct_preferred_endpoint,49,sigma_box_lower_supported
4.348379798614269,0.447,0,0,1419.455858060249,5005.763491197006,3821.3834045192443,0,0,3818.3820178520778,3549.042232737816,3557.967514774123,2.2750000000000004,0.0,0.37312038763802,0.03350452325206909,50,50,0.0,-0.5,87,10.2,1325.3599604995081,5005.7634911970035,81.7968724432955,0.1734697727255258,0.37530533787502696,0.6163516395254951,58.70972685700754,-13.40369733948986,0.2351643830043031,,6.56450076482567e-12,50,0.40966871828516394,0.40966871828516394,0.0,3.930181230078489e-05,4.746370270104158,0.0,-4.336740853631295,88936.136165024,1.0,3249.042232737816,True,lbfgsb_seed_0,10.2,0.0,0.0,9.727919012559887,0.0,0.0,0.40966871828516394,0.40966871828516394,0.0,0.0,0.0,0.37312038763802,0.0,5005.763491197006,0.0,1419.455858060249,3549.042232737816,0.0,0.40966871828516394,0.40966871828516394,0.447,0.41045475453117963,88936.136155024,5005.763491197006,3549.042232737816,81.79687244329577,37.169277004648556,0.0,0.37312038763802,3.1427541463698123e+25,0.0,0.0,4.348379798614269,0.0007860362460156978,5155754.563804753,3821.3834045192443,3818.3820178520778,19.979446800685295,38.54494972288209,2.2750000000000004,0.03350452325206909,3.468581430394195e+25,-0.5,-5.0,,,,,,,,,,,,,,,,,,,,,,,,,,,,,,,,,,,,,,,,,,,,,,,,,-4.336740853631295,,9,,,1,40,sigma_box,curvature,,3,5155754.563814753,3518.3820178520778,9.99999564570094e-09,4.3542990600189926e-15,True,completed_requested_steps,-0.5,-0.5,-0.45,direct_preferred_endpoint,49,sigma_box_lower_supported
4.348379798614269,0.447,0,0,1365.0046745982866,5005.763491197006,3819.530099846213,0,0,3816.5551507553896,3547.5828972148643,3556.5252056834365,2.2750000000000004,0.0,0.37399716783222614,0.03358173193356011,50,50,0.0,-0.5,88,10.2,1328.3599604995081,5005.7634911970035,81.6218724432955,0.1734697727255258,0.37530533787502696,0.6163516395254951,58.70972685700754,-13.40369733948986,0.23508933700213674,,6.902333935959644e-12,50,0.41025547450453836,0.41025547450453836,0.0,3.8974270949998505e-05,4.7544489854766665,0.0,-4.3442324852430785,88776.4829656095,1.0,3247.5828972148643,True,lbfgsb_seed_0,10.2,0.0,0.0,9.727919012559887,0.0,0.0,0.41025547450453836,0.41025547450453836,0.0,0.0,0.0,0.37399716783222614,0.0,5005.763491197006,0.0,1365.0046745982866,3547.5828972148643,0.0,0.41025547450453836,0.41025547450453836,0.447,0.41103495992353833,88776.48295560949,5005.763491197006,3547.5828972148643,81.62187244329509,37.169277004648556,0.0,0.37399716783222614,3.1427541463698123e+25,0.0,0.0,4.348379798614269,0.00077948541899997,5171944.449828095,3819.530099846213,3816.5551507553896,19.34275710628365,38.55125554475085,2.2750000000000004,0.03358173193356011,3.46885534451121e+25,-0.5,-5.0,,,,,,,,,,,,,,,,,,,,,,,,,,,,,,,,,,,,,,,,,,,,,,,,,-4.3442324852430785,,9,,,1,40,sigma_box,curvature,,3,5171944.449838094,3516.5551507553896,9.999998892653177e-09,1.1073468228511008e-15,True,completed_requested_steps,-0.5,-0.5,-0.45,direct_preferred_endpoint,49,sigma_box_lower_supported
4.348379798614269,0.447,0,0,2439.591229145355,5005.763491197006,3865.2773651631555,0,0,3861.6807474446523,3581.4466709101152,3590.2743029628873,2.2750000000000004,0.0,0.36787729949038783,0.032964357322848165,50,50,0.0,-0.5,89,10.2,1325.3599604995081,5005.7634911970035,81.6218724432955,0.1734697727255258,0.37530533787502696,0.6163516395254951,58.70972685700754,-13.39419733948986,0.23171798400289845,,6.5194566009686295e-12,50,0.39676179269073675,0.39676179269073675,0.0,4.656803544522692e-05,4.557040727684759,0.0,-4.160325503029468,90847.47703103007,1.0,3281.4466709101152,True,lbfgsb_seed_0,10.2,0.0,0.0,9.727919012559887,0.0,0.0,0.39676179269073675,0.39676179269073675,0.0,0.0,0.0,0.36787729949038783,0.0,5005.763491197006,0.0,2439.591229145355,3581.4466709101152,0.0,0.39676179269073675,0.39676179269073675,0.447,0.3976931533996413,90847.47702103006,5005.763491197006,3581.4466709101152,81.6218724432954,37.169277004648556,0.0,0.36787729949038783,3.1427541463698123e+25,0.0,0.0,4.348379798614269,0.0009313607089045384,4955171.1618960155,3865.2773651631555,3861.6807474446523,28.808507350007385,38.286833866651826,2.2750000000000004,0.032964357322848165,3.4720814077190154e+25,-0.5,-5.0,,,,,,,,,,,,,,,,,,,,,,,,,,,,,,,,,,,,,,,,,,,,,,,,,-4.160325503029468,,9,,,1,40,sigma_box,curvature,,3,4955171.161906015,3561.6807474446523,9.999994924919531e-09,5.0750804692183875e-15,True,completed_requested_steps,-0.5,-0.5,-0.45,direct_preferred_endpoint,49,sigma_box_lower_supported
0.5826336461729309,0.447,0,0,948.8896850871974,5005.098693075801,4174.961967940661,0,0,3549.508785074513,3382.7163287302556,3392.1805929416796,0.265,0.0,0.4032653421961272,0.2830754941451088,10,50,0.0,-0.44999999999999996,90,10.2,1330.185321953739,5005.098693075801,81.83910612753363,0.1734697727255258,0.37530533787502696,0.6163516395254951,58.709464935584656,-13.453565277900928,1.1465137280029012,reverse_rollout_failed,0.021593081095841245,10,0.3034009682762375,0.3034009682762375,1000000.0,0.00881041885987357,3.330763818463023,0.0,-3.0361732690466585,80888.0443682191,1.0,3082.7163287302556,False,lbfgsb_seed_0,10.2,0.0,0.0,1.3034309757783689,0.0,0.0,0.3034009682762375,0.3034009682762375,1000000.0,800.0,0.0,0.4032653421961272,0.0,5005.098693075801,0.0,948.8896850871974,3382.7163287302556,0.0,-1000800.0,-799.6965990317237,0.447,0.4796093454737089,80888.0443582191,5005.098693075801,3382.7163287302556,81.8391061275332,37.18148276362717,0.0,0.4032653421961272,3.1419310995235295e+25,0.0,0.0,0.5826336461729309,0.1762083771974714,948.8896850871974,4174.961967940661,3549.508785074513,68.80307375952421,38.15553228771445,0.265,0.2830754941451088,3.352323384109186e+25,-0.39999999999999997,-1.0,0.021593071095841243,-0.03868422919990078,False,71,948.8896950871974,3249.508785074513,-0.021593071095841243,0.021593081095841245,0.03868422919990078,True,-0.39999999999999997,0.021593071095841243,-0.03868422919990078,False,71,948.8896950871974,3249.508785074513,-0.021593071095841243,0.021593081095841245,0.03868422919990078,True,-0.39999999999999997,0,0.024244097728772698,-0.04953083576470241,False,74,1027.498883108555,3274.6063771781187,-0.024244097728772698,0.0242441077287727,0.04953083576470241,True,-0.49999999999999994,41,0.021593071095841243,-0.03868422919990078,False,71,948.8896950871974,3249.508785074513,-0.021593071095841243,0.021593081095841245,0.03868422919990078,True,-0.39999999999999997,-0.39999999999999997,-0.49999999999999994,-1000000.0,,9,1,,,,"sigma_box,curvature",curvature,no feasible sigma on scan grid,71,948.8896950871974,3249.508785074513,-0.021593071095841243,0.021593081095841245,False,no_feasible_sigma,-0.39999999999999997,-0.49999999999999994,-0.39999999999999997,legacy_scan,9,no_feasible_sigma
0.5826336461729309,0.447,0,0,947.4753174115824,5005.098693075801,4175.85018435147,0,0,3548.1954381114797,3383.5178053791237,3392.9699421688547,0.265,0.0,0.40268723652726734,0.28294799650747043,10,50,0.0,-0.44999999999999996,91,10.2,1330.185321953739,5005.098693075801,81.83910612753363,0.1734697727255258,0.37530533787502696,0.6163516395254951,58.71095119320199,-13.453565277900928,1.0715987019939348,reverse_rollout_failed,0.02045183204936814,10,0.30236478648751386,0.30236478648751386,1000000.0,0.008844703697805012,3.327522549930568,0.0,-3.0340024671408594,80720.68660826552,1.0,3083.5178053791237,False,lbfgsb_seed_0,10.2,0.0,0.0,1.3034309757783689,0.0,0.0,0.30236478648751386,0.30236478648751386,1000000.0,800.0,0.0,0.40268723652726734,0.0,5005.098693075801,0.0,947.4753174115824,3383.5178053791237,0.0,-1000800.0,-799.6976352135125,0.447,0.4792588604436141,80720.68659826551,5005.098693075801,3383.5178053791237,81.83910612753378,37.12626254754542,0.0,0.40268723652726734,3.1466042904759285e+25,0.0,0.0,0.5826336461729309,0.17689407395610024,947.4753174115824,4175.85018435147,3548.1954381114797,68.9740881074969,38.120749385113285,0.265,0.28294799650747043,3.355025309462169e+25,-0.39999999999999997,-1.0,0.02045182204936814,-0.03878000198646392,False,61,947.4753274115824,3248.1954381114797,-0.02045182204936814,0.02045183204936814,0.03878000198646392,True,-0.39999999999999997,0.02045182204936814,-0.03878000198646392,False,61,947.4753274115824,3248.1954381114797,-0.02045182204936814,0.02045183204936814,0.03878000198646392,True,-0.39999999999999997,0,0.02349986601489521,-0.04903614725520278,False,64,1034.496255001249,3272.6167627797313,-0.02349986601489521,0.023499876014895213,0.04903614725520278,True,-0.49999999999999994,41,0.02045182204936814,-0.03878000198646392,False,61,947.4753274115824,3248.1954381114797,-0.02045182204936814,0.02045183204936814,0.03878000198646392,True,-0.39999999999999997,-0.39999999999999997,-0.49999999999999994,-1000000.0,,9,1,,,,"sigma_box,curvature",curvature,no feasible sigma on scan grid,61,947.4753274115824,3248.1954381114797,-0.02045182204936814,0.02045183204936814,False,no_feasible_sigma,-0.39999999999999997,-0.49999999999999994,-0.39999999999999997,legacy_scan,9,no_feasible_sigma
0.5826336461729309,0.447,0,0,969.7104649993912,5011.598693075802,4180.149711430956,0,0,3544.2805554353627,3387.5223796655905,3396.990872961058,0.265,0.0,0.403001352009238,0.2839567017790786,10,50,0.0,-0.44999999999999996,92,10.2,1330.185321953739,5011.598693075801,81.83910612753363,0.1734697727255258,0.37530533787502696,0.6163516395254951,58.709464935584656,-13.453565277900928,0.8722273720049998,reverse_rollout_failed,0.01562791667490077,10,0.3000218377547572,0.3000218377547572,1000000.0,0.00897035584584932,3.3118550728048333,0.0,-3.0208035908959254,83633.09937505706,1.0,3087.5223796655905,False,lbfgsb_seed_0,10.2,0.0,0.0,1.3034309757783689,0.0,0.0,0.3000218377547572,0.3000218377547572,1000000.0,800.0,0.0,0.403001352009238,0.0,5011.598693075802,0.0,969.7104649993912,3387.5223796655905,0.0,-1000800.0,-799.6999781622452,0.447,0.4794289546717436,83633.09936505706,5011.598693075802,3387.5223796655905,81.83910612753378,37.15736291009119,0.0,0.403001352009238,3.1419310995235295e+25,0.0,0.0,0.5826336461729309,0.1794071169169864,969.7104649993912,4180.149711430956,3544.2805554353627,69.48365134501799,38.22026790348879,0.265,0.2839567017790786,3.3445680738301484e+25,-0.39999999999999997,-1.0,0.015627906674900768,-0.039700180851936606,False,51,969.7104749993912,3244.2805554353627,-0.015627906674900768,0.01562791667490077,0.039700180851936606,True,-0.39999999999999997,0.015627906674900768,-0.039700180851936606,False,51,969.7104749993912,3244.2805554353627,-0.015627906674900768,0.01562791667490077,0.039700180851936606,True,-0.39999999999999997,0,0.019851024042789052,-0.04801384916738893,False,60,1084.0501905130345,3266.322574679356,-0.019851024042789052,0.019851034042789054,0.04801384916738893,True,-0.49999999999999994,41,0.015627906674900768,-0.039700180851936606,False,51,969.7104749993912,3244.2805554353627,-0.015627906674900768,0.01562791667490077,0.039700180851936606,True,-0.39999999999999997,-0.39999999999999997,-0.49999999999999994,-1000000.0,,9,1,,,,"sigma_box,curvature",curvature,no feasible sigma on scan grid,51,969.7104749993912,3244.2805554353627,-0.015627906674900768,0.01562791667490077,False,no_feasible_sigma,-0.39999999999999997,-0.49999999999999994,-0.39999999999999997,legacy_scan,9,no_feasible_sigma
0.58097497731259,0.447,0,0,924.9646782945408,5005.098693075801,4176.682470983523,0,0,3543.4868121610434,3377.0050142717414,3386.4890874111443,0.2621490930020809,0.0,0.403654409104888,0.2842111013289814,10,50,0.0,-0.43574546501040445,93,10.2,1330.185321953739,5005.098693075801,82.01410612753362,0.1734697727255258,0.37530533787502696,0.6163516395254951,58.709464935584656,-13.453565277900928,1.536841210006969,reverse_rollout_failed,0.025173090891053296,10,0.303418892763764,0.303418892763764,1000000.0,0.008934641108997332,3.324486811618752,0.0,-3.0300025599639855,80384.55214270414,1.0,3077.0050142717414,False,lbfgsb_seed_0,10.2,0.0,0.0,1.299720307187002,0.0,0.0,0.303418892763764,0.303418892763764,1000000.0,800.0,0.0,0.403654409104888,0.0,5005.098693075801,0.0,924.9646782945408,3377.0050142717414,0.0,-1000800.0,-799.6965811072363,0.447,0.48211171494371063,80384.55213270414,5005.098693075801,3377.0050142717414,82.01410612753367,37.18148276362717,0.0,0.403654409104888,3.1419310995235295e+25,0.0,0.0,0.58097497731259,0.17869282217994664,924.9646782945408,4176.682470983523,3543.4868121610434,69.09084968052353,38.15470473678465,0.2621490930020809,0.2842111013289814,3.3517055455613368e+25,-0.38574546501040446,-1.0,0.025173080891053294,-0.03570163001720639,False,80,924.9646882945408,3243.4868121610434,-0.025173080891053294,0.025173090891053296,0.03570163001720639,False,-0.38574546501040446,0.025173080891053294,-0.03570163001720639,False,80,924.9646882945408,3243.4868121610434,-0.025173080891053294,0.025173090891053296,0.03570163001720639,False,-0.38574546501040446,0,0.027010502331929954,-0.048974239813601717,False,80,986.2418812119156,3272.523319218085,-0.027010502331929954,0.027010512331929956,0.048974239813601717,False,-0.48574546501040444,41,0.025173080891053294,-0.03570163001720639,False,80,924.9646882945408,3243.4868121610434,-0.025173080891053294,0.025173090891053296,0.03570163001720639,False,-0.38574546501040446,-0.38574546501040446,-0.48574546501040444,-1000000.0,,8,1,1,,,curvature,curvature,no feasible sigma on scan grid,80,924.9646882945408,3243.4868121610434,-0.025173080891053294,0.025173090891053296,False,no_feasible_sigma,-0.38574546501040446,-0.48574546501040444,-0.38574546501040446,legacy_scan,9,no_feasible_sigma
0.5799920674392842,0.447,0,0,924.9053001421621,5005.098693075801,4178.987378907974,0,0,3539.8451202888837,3375.390078001886,3384.894346219149,0.26045583200454714,0.0,0.40461322752761,0.2856653736342079,10,50,0.0,-0.4272791600227355,94,10.2,1333.185321953739,5005.098693075801,81.83910612753363,0.1734697727255258,0.37530533787502696,0.6163516395254951,58.709464935584656,-13.453565277900928,1.5524091150000459,reverse_rollout_failed,0.025274154201777213,10,0.3022642626846874,0.3022642626846874,1000000.0,0.009027828010833006,3.316086966176451,0.0,-3.0228505315025966,80243.09784573822,1.0,3075.390078001886,False,lbfgsb_seed_0,10.2,0.0,0.0,1.2975214036673024,0.0,0.0,0.3022642626846874,0.3022642626846874,1000000.0,800.0,0.0,0.40461322752761,0.0,5005.098693075801,0.0,924.9053001421621,3375.390078001886,0.0,-1000800.0,-799.6977357373153,0.447,0.48282082290134753,80243.09783573821,5005.098693075801,3375.390078001886,81.8391061275335,37.18148276362717,0.0,0.40461322752761,3.1419310995235295e+25,0.0,0.0,0.5799920674392842,0.1805565602166601,924.9053001421621,4178.987378907974,3539.8451202888837,69.13097349208668,38.173299452881615,0.26045583200454714,0.2856653736342079,3.349148896981784e+25,-0.37727916002273554,-1.0,0.02527414420177721,-0.03432562523361615,False,80,924.9053101421621,3239.8451202888837,-0.02527414420177721,0.025274154201777213,0.03432562523361615,False,-0.37727916002273554,0.02527414420177721,-0.03432562523361615,False,80,924.9053101421621,3239.8451202888837,-0.02527414420177721,0.025274154201777213,0.03432562523361615,False,-0.37727916002273554,0,0.027372329763068866,-0.047823510203453656,False,80,991.491108930491,3269.695387197258,-0.027372329763068866,0.027372339763068868,0.047823510203453656,False,-0.4772791600227355,41,0.02527414420177721,-0.03432562523361615,False,80,924.9053101421621,3239.8451202888837,-0.02527414420177721,0.025274154201777213,0.03432562523361615,False,-0.37727916002273554,-0.37727916002273554,-0.4772791600227355,-1000000.0,,8,1,1,,,curvature,curvature,no feasible sigma on scan grid,80,924.9053101421621,3239.8451202888837,-0.02527414420177721,0.025274154201777213,False,no_feasible_sigma,-0.37727916002273554,-0.4772791600227355,-0.37727916002273554,legacy_scan,9,no_feasible_sigma
0.5826336461729309,0.447,0,0,970.8906721498095,5005.098693075801,4177.846900013424,0,0,3553.524570946928,3413.213077117858,3422.5793484478695,0.265,0.0,0.39766860828545914,0.2814849022004782,10,50,0.0,-0.44999999999999996,95,10.2,1330.185321953739,5005.098693075801,81.83910612753363,0.1734697727255258,0.37530533787502696,0.6163516395254951,58.709464935584656,-13.444065277900929,0.5574000220076414,reverse_rollout_failed,0.007343784370661516,10,0.29069815826324263,0.29069815826324263,1000000.0,0.008784550614492148,3.3202419197906896,0.0,-3.038328312141939,82075.94209580451,1.0,3113.213077117858,False,lbfgsb_seed_0,10.2,0.0,0.0,1.3034309757783689,0.0,0.0,0.29069815826324263,0.29069815826324263,1000000.0,800.0,0.0,0.39766860828545914,0.0,5005.098693075801,0.0,970.8906721498095,3413.213077117858,0.0,-1000800.0,-799.7093018417368,0.447,0.4663891705530856,82075.9420858045,5005.098693075801,3413.213077117858,81.8391061275332,37.18148276362717,0.0,0.39766860828545914,3.1419310995235295e+25,0.0,0.0,0.5826336461729309,0.17569101228984296,970.8906721498095,4177.846900013424,3553.524570946928,69.4735500799628,38.311271198480576,0.265,0.2814849022004782,3.3375429398469498e+25,-0.39999999999999997,-1.0,0.007343774370661516,-0.04150976890744307,False,38,970.8906821498094,3253.524570946928,-0.007343774370661516,0.007343784370661516,0.04150976890744307,True,-0.39999999999999997,0.007343774370661516,-0.04150976890744307,False,38,970.8906821498094,3253.524570946928,-0.007343774370661516,0.007343784370661516,0.04150976890744307,True,-0.39999999999999997,0,0.012156273241613925,-0.04801919677545485,False,38,1099.885699630711,3272.648274396628,-0.012156273241613925,0.012156283241613925,0.04801919677545485,True,-0.49999999999999994,41,0.007343774370661516,-0.04150976890744307,False,38,970.8906821498094,3253.524570946928,-0.007343774370661516,0.007343784370661516,0.04150976890744307,True,-0.39999999999999997,-0.39999999999999997,-0.49999999999999994,-1000000.0,,9,1,,,,"sigma_box,curvature",curvature,no feasible sigma on scan grid,38,970.8906821498094,3253.524570946928,-0.007343774370661516,0.007343784370661516,False,no_feasible_sigma,-0.39999999999999997,-0.49999999999999994,-0.39999999999999997,legacy_scan,9,no_feasible_sigma
4.348379798614269,0.447,0,0,1622.0126870582271,5005.763491189937,3829.6027460123114,0,0,3826.492556717787,3554.1618381377257,3563.0690712475935,2.2750000000000004,0.0,0.3728070014047737,0.03345105821211934,50,50,0.0,-0.5,96,10.2,1325.3599605507975,5005.763491189937,81.62187244560451,0.1734697727255258,0.37530533787502696,0.6163516395254951,58.70972685700475,-13.403697340019912,0.23697349400026724,,7.337353730959977e-12,50,0.4076102556077823,0.4076102556077823,0.0,4.06402109559112e-05,4.7106242401172995,0.0,-4.303054624720473,89499.8748957285,1.0,3254.1618381377257,True,lbfgsb_seed_0,10.2,0.0,0.0,9.727919012559887,0.0,0.0,0.4076102556077823,0.4076102556077823,0.0,0.0,0.0,0.3728070014047737,0.0,5005.763491189937,0.0,1622.0126870582271,3554.1618381377257,0.0,0.4076102556077823,0.4076102556077823,0.447,0.4084230598269005,89499.8748857285,5005.763491189937,3554.1618381377257,81.62187244560404,37.16927700477833,0.0,0.3728070014047737,3.1427541463610587e+25,0.0,0.0,4.348379798614269,0.0008128042191182239,5114588.808006334,3829.6027460123114,3826.492556717787,21.700193650376804,38.487526244308626,2.2750000000000004,0.03345105821211934,3.4700267589050647e+25,-0.5,-5.0,,,,,,,,,,,,,,,,,,,,,,,,,,,,,,,,,,,,,,,,,,,,,,,,,-4.303054624720473,,9,,,1,40,sigma_box,curvature,,3,5114588.808016334,3526.492556717787,9.999993901118715e-09,6.098881284448553e-15,True,completed_requested_steps,-0.5,-0.5,-0.45,direct_preferred_endpoint,49,sigma_box_lower_supported
4.348379798614269,0.447,0,0,1643.338920854523,5005.763491189937,3830.365557017223,0,0,3827.24222934707,3554.881449888012,3563.778462795873,2.2750000000000004,0.0,0.3722788906766998,0.033406162019347374,50,50,0.0,-0.5,97,10.2,1325.3599605507975,5005.763491189937,81.62187244560451,0.1734697727255258,0.37530533787502696,0.6163516395254951,58.7112131146221,-13.403697340019912,0.23672723201161716,,7.032322469062599e-12,50,0.4073218760307735,0.4073218760307735,0.0,4.080389328644518e-05,4.707313616177185,0.0,-4.300032544039698,89315.74685751328,1.0,3254.881449888012,True,lbfgsb_seed_0,10.2,0.0,0.0,9.727919012559887,0.0,0.0,0.4073218760307735,0.4073218760307735,0.0,0.0,0.0,0.3722788906766998,0.0,5005.763491189937,0.0,1643.338920854523,3554.881449888012,0.0,0.4073218760307735,0.4073218760307735,0.447,0.4081379538965024,89315.74684751328,5005.763491189937,3554.881449888012,81.6218724456046,37.114074916124046,0.0,0.3722788906766998,3.1474285614826016e+25,0.0,0.0,4.348379798614269,0.0008160778657289036,5089151.618230423,3830.365557017223,3827.24222934707,21.97963129626411,38.429277876074174,2.2750000000000004,0.033406162019347374,3.4749403128358365e+25,-0.5,-5.0,,,,,,,,,,,,,,,,,,,,,,,,,,,,,,,,,,,,,,,,,,,,,,,,,-4.300032544039698,,9,,,1,40,sigma_box,curvature,,3,5089151.618240423,3527.24222934707,9.999994916578768e-09,5.0834212326075386e-15,True,completed_requested_steps,-0.5,-0.5,-0.45,direct_preferred_endpoint,49,sigma_box_lower_supported
4.348379798614269,0.447,0,0,1825.1400355842952,5012.263491189937,3838.492388461711,0,0,3835.2414670019284,3559.150258400803,3568.0611241742654,2.2750000000000004,0.0,0.3725657617524966,0.033392589712125366,50,50,0.0,-0.5,98,10.2,1325.3599605507975,5012.263491189937,81.62187244560451,0.1734697727255258,0.37530533787502696,0.6163516395254951,58.70972685700475,-13.403697340019912,0.23583006499393377,,6.898041374076651e-12,50,0.4074276816804894,0.4074276816804894,0.0,4.2382226617976305e-05,4.67211515473796,0.0,-4.264729855284089,92532.47477707821,1.0,3259.150258400803,True,lbfgsb_seed_0,10.2,0.0,0.0,9.727919012559887,0.0,0.0,0.4074276816804894,0.4074276816804894,0.0,0.0,0.0,0.3725657617524966,0.0,5012.263491189937,0.0,1825.1400355842952,3559.150258400803,0.0,0.4074276816804894,0.4074276816804894,0.447,0.4082753262128489,92532.47476707821,5012.263491189937,3559.150258400803,81.62187244560447,37.1451682683,0.0,0.3725657617524966,3.1427541463610587e+25,0.0,0.0,4.348379798614269,0.0008476445323595261,5010462.599178499,3838.492388461711,3835.2414670019284,23.735759796048868,38.41751202274627,2.2750000000000004,0.033392589712125366,3.472322920667567e+25,-0.5,-5.0,,,,,,,,,,,,,,,,,,,,,,,,,,,,,,,,,,,,,,,,,,,,,,,,,-4.264729855284089,,9,,,1,40,sigma_box,curvature,,3,5010462.599188498,3535.2414670019284,9.999998451884915e-09,1.5481150846372854e-15,True,completed_requested_steps,-0.5,-0.5,-0.45,direct_preferred_endpoint,49,sigma_box_lower_supported
4.348379798614269,0.447,0,0,1419.455794874603,5005.763491189937,3821.383401847534,0,0,3818.3820152135936,3549.042231008414,3557.9675130501305,2.2750000000000004,0.0,0.37312038794237135,0.03350452328618131,50,50,0.0,-0.5,99,10.2,1325.3599605507975,5005.763491189937,81.7968724456045,0.1734697727255258,0.37530533787502696,0.6163516395254951,58.70972685700475,-13.403697340019912,0.23906009299389552,,6.553125271376974e-12,50,0.40966871897862656,0.40966871897862656,0.0,3.930181189286675e-05,4.746370281745424,0.0,-4.33674086457869,88936.13606840347,1.0,3249.042231008414,True,lbfgsb_seed_0,10.2,0.0,0.0,9.727919012559887,0.0,0.0,0.40966871897862656,0.40966871897862656,0.0,0.0,0.0,0.37312038794237135,0.0,5005.763491189937,0.0,1419.455794874603,3549.042231008414,0.0,0.40966871897862656,0.40966871897862656,0.447,0.4104547552164839,88936.13605840347,5005.763491189937,3549.042231008414,81.7968724456044,37.16927700477833,0.0,0.37312038794237135,3.1427541463610587e+25,0.0,0.0,4.348379798614269,0.0007860362378573349,5155754.5765016405,3821.383401847534,3818.3820152135936,19.979446202748782,38.54494974034104,2.2750000000000004,0.03350452328618131,3.468581430035624e+25,-0.5,-5.0,,,,,,,,,,,,,,,,,,,,,,,,,,,,,,,,,,,,,,,,,,,,,,,,,-4.33674086457869,,9,,,1,40,sigma_box,curvature,,3,5155754.57651164,3518.3820152135936,9.999996616818454e-09,3.383181546107396e-15,True,completed_requested_steps,-0.5,-0.5,-0.45,direct_preferred_endpoint,49,sigma_box_lower_supported
4.348379798614269,0.447,0,0,1365.004610351724,5005.763491189937,3819.53009710605,0,0,3816.5551480486747,3547.5828954838635,3556.5252039578518,2.2750000000000004,0.0,0.3739971681373824,0.03358173196834824,50,50,0.0,-0.5,100,10.2,1328.3599605507975,5005.763491189937,81.62187244560451,0.1734697727255258,0.37530533787502696,0.6163516395254951,58.70972685700475,-13.403697340019912,0.24005499499617144,,6.89219273867576e-12,50,0.4102554751992544,0.4102554751992544,0.0,3.897427053944913e-05,4.754448997426351,0.0,-4.344232496497637,88776.48286919271,1.0,3247.5828954838635,True,lbfgsb_seed_0,10.2,0.0,0.0,9.727919012559887,0.0,0.0,0.4102554751992544,0.4102554751992544,0.0,0.0,0.0,0.3739971681373824,0.0,5005.763491189937,0.0,1365.004610351724,3547.5828954838635,0.0,0.4102554751992544,0.4102554751992544,0.447,0.4110349606100434,88776.4828591927,5005.763491189937,3547.5828954838635,81.62187244560465,37.16927700477833,0.0,0.3739971681373824,3.1427541463610587e+25,0.0,0.0,4.348379798614269,0.0007794854107889826,5171944.461662611,3819.53009710605,3816.5551480486747,19.342756487623024,38.55125556290267,2.2750000000000004,0.03358173196834824,3.4688553441221955e+25,-0.5,-5.0,,,,,,,,,,,,,,,,,,,,,,,,,,,,,,,,,,,,,,,,,,,,,,,,,-4.344232496497637,,9,,,1,40,sigma_box,curvature,,3,5171944.461672611,3516.5551480486747,9.99999911209452e-09,8.879054803128518e-16,True,completed_requested_steps,-0.5,-0.5,-0.45,direct_preferred_endpoint,49,sigma_box_lower_supported
4.348379798614269,0.447,0,0,2439.5911755253683,5005.763491189937,3865.2773630954875,0,0,3861.680745406514,3581.446669218927,3590.274301276906,2.2750000000000004,0.0,0.3678772997876871,0.032964357350836415,50,50,0.0,-0.5,101,10.2,1325.3599605507975,5005.763491189937,81.62187244560451,0.1734697727255258,0.37530533787502696,0.6163516395254951,58.70972685700475,-13.394197340019913,0.2348934509936953,,6.519700507905376e-12,50,0.39676179335592,0.39676179335592,0.0,4.6568035087468655e-05,4.557040736512554,0.0,-4.160325511191721,90847.47693196218,1.0,3281.446669218927,True,lbfgsb_seed_0,10.2,0.0,0.0,9.727919012559887,0.0,0.0,0.39676179335592,0.39676179335592,0.0,0.0,0.0,0.3678772997876871,0.0,5005.763491189937,0.0,2439.5911755253683,3581.446669218927,0.0,0.39676179335592,0.39676179335592,0.447,0.39769315405766936,90847.47692196218,5005.763491189937,3581.446669218927,81.62187244560465,37.16927700477833,0.0,0.3678772997876871,3.1427541463610587e+25,0.0,0.0,4.348379798614269,0.000931360701749373,4955171.168764269,3865.2773630954875,3861.680745406514,28.808506966865156,38.28683387750085,2.2750000000000004,0.032964357350836415,3.4720814076638272e+25,-0.5,-5.0,,,,,,,,,,,,,,,,,,,,,,,,,,,,,,,,,,,,,,,,,,,,,,,,,-4.160325511191721,,9,,,1,40,sigma_box,curvature,,3,4955171.168774269,3561.680745406514,9.999998486431518e-09,1.5135684817191896e-15,True,completed_requested_steps,-0.5,-0.5,-0.45,direct_preferred_endpoint,49,sigma_box_lower_supported
4.348379798614269,0.447,0,0,1622.012626422832,5005.763491182867,3829.6027435245487,0,0,3826.4925542622705,3554.1618364142596,3563.0690695295193,2.2750000000000004,0.0,0.37280700170842535,0.03345105824448755,50,50,0.0,-0.5,102,10.2,1325.3599606020869,5005.763491182871,81.6218724479135,0.1734697727255258,0.37530533787502696,0.6163516395254951,58.709726857001975,-13.403697340549964,0.2350169710116461,,7.338136854384144e-12,50,0.40761025629666414,0.40761025629666414,0.0,4.064021056062739e-05,4.710624250916166,0.0,-4.303054634830063,89499.87479842443,1.0,3254.1618364142596,True,lbfgsb_seed_0,10.2,0.0,0.0,9.727919012559887,0.0,0.0,0.40761025629666414,0.40761025629666414,0.0,0.0,0.0,0.37280700170842535,0.0,5005.763491182867,0.0,1622.012626422832,3554.1618364142596,0.0,0.40761025629666414,0.40761025629666414,0.447,0.4084230605078767,89499.87478842442,5005.763491182867,3554.1618364142596,81.6218724479134,37.169277004907855,0.0,0.37280700170842535,3.1427541463523275e+25,0.0,0.0,4.348379798614269,0.0008128042112125478,5114588.82058903,3829.6027435245487,3826.4925542622705,21.70019311424799,38.487526259792666,2.2750000000000004,0.03345105824448755,3.470026758636117e+25,-0.5,-5.0,,,,,,,,,,,,,,,,,,,,,,,,,,,,,,,,,,,,,,,,,,,,,,,,,-4.303054634830063,,9,,,1,40,sigma_box,curvature,,3,5114588.82059903,3526.4925542622705,9.999998824129068e-09,1.1758709322904872e-15,True,completed_requested_steps,-0.5,-0.5,-0.45,direct_preferred_endpoint,49,sigma_box_lower_supported
4.348379798614269,0.447,0,0,1643.3388606789565,5005.763491182867,3830.365554549548,0,0,3827.2422269116246,3554.8814481653762,3563.778461078584,2.2750000000000004,0.0,0.3722788909798628,0.03340616205149111,50,50,0.0,-0.5,103,10.2,1325.3599606020869,5005.763491182871,81.6218724479135,0.1734697727255258,0.37530533787502696,0.6163516395254951,58.71121311461931,-13.403697340549964,0.2354345580097288,,7.033626333939006e-12,50,0.4073218767190465,0.4073218767190465,0.0,4.080389289135011e-05,4.70731362688509,0.0,-4.300032554058935,89315.746760416,1.0,3254.8814481653762,True,lbfgsb_seed_0,10.2,0.0,0.0,9.727919012559887,0.0,0.0,0.4073218767190465,0.4073218767190465,0.0,0.0,0.0,0.3722788909798628,0.0,5005.763491182867,0.0,1643.3388606789565,3554.8814481653762,0.0,0.4073218767190465,0.4073218767190465,0.447,0.4081379545768735,89315.746750416,5005.763491182867,3554.8814481653762,81.62187244791357,37.11407491625362,0.0,0.3722788909798628,3.147428561473835e+25,0.0,0.0,4.348379798614269,0.0008160778578270023,5089151.631042264,3830.365554549548,3827.2422269116246,21.979630767212797,38.42927789132639,2.2750000000000004,0.03340616205149111,3.4749403125760137e+25,-0.5,-5.0,,,,,,,,,,,,,,,,,,,,,,,,,,,,,,,,,,,,,,,,,,,,,,,,,-4.300032554058935,,9,,,1,40,sigma_box,curvature,,3,5089151.631052264,3527.2422269116246,9.99999750888244e-09,2.4911175607632515e-15,True,completed_requested_steps,-0.5,-0.5,-0.45,direct_preferred_endpoint,49,sigma_box_lower_supported
4.348379798614269,0.447,0,0,1825.1399872077175,5012.263491182867,3838.4923861112266,0,0,3835.241464683359,3559.1502566755134,3568.061122454381,2.2750000000000004,0.0,0.3725657620559249,0.03339258974308834,50,50,0.0,-0.5,104,10.2,1325.3599606020869,5012.263491182871,81.6218724479135,0.1734697727255258,0.37530533787502696,0.6163516395254951,58.709726857001975,-13.403697340549964,0.23588060999463778,,6.9007358052215525e-12,50,0.4074276823689704,0.4074276823689704,0.0,4.2382226227521974e-05,4.672115164899139,0.0,-4.264729864756395,92532.47467656978,1.0,3259.1502566755134,True,lbfgsb_seed_0,10.2,0.0,0.0,9.727919012559887,0.0,0.0,0.4074276823689704,0.4074276823689704,0.0,0.0,0.0,0.3725657620559249,0.0,5012.263491182867,0.0,1825.1399872077175,3559.1502566755134,0.0,0.4074276823689704,0.4074276823689704,0.447,0.40827532689352086,92532.47466656977,5012.263491182867,3559.1502566755134,81.62187244791359,37.1451682684294,0.0,0.3725657620559249,3.1427541463523275e+25,0.0,0.0,4.348379798614269,0.0008476445245504394,5010462.611230519,3838.4923861112266,3835.241464683359,23.735759309583592,38.417512036648226,2.2750000000000004,0.03339258974308834,3.472322920474185e+25,-0.5,-5.0,,,,,,,,,,,,,,,,,,,,,,,,,,,,,,,,,,,,,,,,,,,,,,,,,-4.264729864756395,,9,,,1,40,sigma_box,curvature,,3,5010462.611240518,3535.241464683359,9.999997241368865e-09,2.758631134654143e-15,True,completed_requested_steps,-0.5,-0.5,-0.45,direct_preferred_endpoint,49,sigma_box_lower_supported
4.348379798614269,0.447,0,0,1419.4557316910198,5005.763491182867,3821.383399175919,0,0,3818.3820125752036,3549.042229279005,3557.9675113261,2.2750000000000004,0.0,0.37312038824672095,0.03350452332029054,50,50,0.0,-0.5,105,10.2,1325.3599606020869,5005.763491182871,81.7968724479135,0.1734697727255258,0.37530533787502696,0.6163516395254951,58.709726857001975,-13.403697340549964,0.23818694900546689,,6.557537458552476e-12,50,0.40966871967209206,0.40966871967209206,0.0,3.93018114849486e-05,4.746370293386273,0.0,-4.336740875525667,88936.13597178219,1.0,3249.042229279005,True,lbfgsb_seed_0,10.2,0.0,0.0,9.727919012559887,0.0,0.0,0.40966871967209206,0.40966871967209206,0.0,0.0,0.0,0.37312038824672095,0.0,5005.763491182867,0.0,1419.4557316910198,3549.042229279005,0.0,0.40966871967209206,0.40966871967209206,0.447,0.41045475590179104,88936.13596178219,5005.763491182867,3549.042229279005,81.79687244791344,37.169277004907855,0.0,0.37312038824672095,3.1427541463523275e+25,0.0,0.0,4.348379798614269,0.000786036229698972,5155754.589201349,3821.383399175919,3818.3820125752036,19.97944560482794,38.54494975779651,2.2750000000000004,0.03350452332029054,3.468581429677324e+25,-0.5,-5.0,,,,,,,,,,,,,,,,,,,,,,,,,,,,,,,,,,,,,,,,,,,,,,,,,-4.336740875525667,,9,,,1,40,sigma_box,curvature,,3,5155754.589211348,3518.3820125752036,9.999997258157159e-09,2.7418428404273574e-15,True,completed_requested_steps,-0.5,-0.5,-0.45,direct_preferred_endpoint,49,sigma_box_lower_supported
4.348379798614269,0.447,0,0,1365.0045461085028,5005.763491182867,3819.5300943660027,0,0,3816.555145342073,3547.5828937528913,3556.525202232275,2.2750000000000004,0.0,0.37399716844253444,0.03358173200313731,50,50,0.0,-0.5,106,10.2,1328.3599606020869,5005.763491182871,81.6218724479135,0.1734697727255258,0.37530533787502696,0.6163516395254951,58.709726857001975,-13.403697340549964,0.23851986401132308,,6.89358297628822e-12,50,0.4102554758939585,0.4102554758939585,0.0,3.897427012892197e-05,4.7544490093755325,0.0,-4.344232507751703,88776.48277277904,1.0,3247.5828937528913,True,lbfgsb_seed_0,10.2,0.0,0.0,9.727919012559887,0.0,0.0,0.4102554758939585,0.4102554758939585,0.0,0.0,0.0,0.37399716844253444,0.0,5005.763491182867,0.0,1365.0045461085028,3547.5828937528913,0.0,0.4102554758939585,0.4102554758939585,0.447,0.41103496129653694,88776.48276277904,5005.763491182867,3547.5828937528913,81.6218724479134,37.169277004907855,0.0,0.37399716844253444,3.1427541463523275e+25,0.0,0.0,4.348379798614269,0.0007794854025784392,5171944.473495998,3819.5300943660027,3816.555145342073,19.342755868995212,38.55125558105556,2.2750000000000004,0.03358173200313731,3.468855343733033e+25,-0.5,-5.0,,,,,,,,,,,,,,,,,,,,,,,,,,,,,,,,,,,,,,,,,,,,,,,,,-4.344232507751703,,9,,,1,40,sigma_box,curvature,,3,5171944.473505998,3516.555145342073,9.999994155011617e-09,5.84498838372441e-15,True,completed_requested_steps,-0.5,-0.5,-0.45,direct_preferred_endpoint,49,sigma_box_lower_supported
4.348379798614269,0.447,0,0,2439.5911219075338,5005.763491182867,3865.277361027909,0,0,3861.6807433684626,3581.446667527759,3590.2742995909157,2.2750000000000004,0.0,0.36787730008498276,0.032964357378824305,50,50,0.0,-0.5,107,10.2,1325.3599606020869,5005.763491182871,81.6218724479135,0.1734697727255258,0.37530533787502696,0.6163516395254951,58.709726857001975,-13.394197340549965,0.23501962100272067,,6.522823023390903e-12,50,0.396761794021095,0.396761794021095,0.0,4.656803472973259e-05,4.557040745339967,0.0,-4.160325519353602,90847.47683288103,1.0,3281.446667527759,True,lbfgsb_seed_0,10.2,0.0,0.0,9.727919012559887,0.0,0.0,0.396761794021095,0.396761794021095,0.0,0.0,0.0,0.36787730008498276,0.0,5005.763491182867,0.0,2439.5911219075338,3581.446667527759,0.0,0.396761794021095,0.396761794021095,0.447,0.39769315471568967,90847.47682288103,5005.763491182867,3581.446667527759,81.6218724479134,37.169277004907855,0.0,0.36787730008498276,3.1427541463523275e+25,0.0,0.0,4.348379798614269,0.0009313606945946518,4955171.175630946,3865.277361027909,3861.6807433684626,28.808506583741448,38.286833888349435,2.2750000000000004,0.032964357378824305,3.472081407608639e+25,-0.5,-5.0,,,,,,,,,,,,,,,,,,,,,,,,,,,,,,,,,,,,,,,,,,,,,,,,,-4.160325519353602,,9,,,1,40,sigma_box,curvature,,3,4955171.175640945,3561.6807433684626,9.99999519050514e-09,4.809494861121247e-15,True,completed_requested_steps,-0.5,-0.5,-0.45,direct_preferred_endpoint,49,sigma_box_lower_supported
0.6155761106581729,0.447,0,0,874.7408660641806,5005.431092129335,4107.477839973597,0,0,3632.6254131681494,3470.8073604203,3479.979457237029,0.32,0.0,0.3875462018328835,0.2571007257150035,11,50,0.0,-0.49999999999999994,108,10.2,1327.772641277913,5005.431092129336,81.73048928772357,0.1734697727255258,0.37530533787502696,0.6163516395254951,58.709595896293315,-13.428631309225446,0.45664422000118066,reverse_rollout_failed,0.00703492387403714,11,0.31143300505375326,0.31143300505375326,1000000.0,0.006535939889151832,3.5816401261910022,0.0,-3.2767430610264006,85061.70457987642,1.0,3170.8073604203,False,lbfgsb_seed_0,10.2,0.0,0.0,1.3771277643359572,0.0,0.0,0.31143300505375326,0.31143300505375326,1000000.0,780.0,0.0,0.3875462018328835,0.0,5005.431092129335,0.0,874.7408660641806,3470.8073604203,0.0,-1000780.0,-779.6885669949462,0.447,0.4421518028367899,85061.70456987641,5005.431092129335,3470.8073604203,81.73048928772342,37.17537934234362,0.0,0.3875462018328835,3.1423425959912296e+25,0.0,0.0,0.6155761106581729,0.13071879778303663,874.7408660641806,4107.477839973597,3632.6254131681494,64.11184571340841,38.35638269830826,0.32,0.2571007257150035,3.3620520069511933e+25,-0.44999999999999996,-1.1,0.00703491387403714,-0.04216193101254517,False,24,874.7408760641806,3332.6254131681494,-0.00703491387403714,0.00703492387403714,0.04216193101254517,True,-0.44999999999999996,0.00703491387403714,-0.04216193101254517,False,24,874.7408760641806,3332.6254131681494,-0.00703491387403714,0.00703492387403714,0.04216193101254517,True,-0.44999999999999996,0,0.008789081926045062,-0.045309981175768455,False,29,905.1253409045983,3339.3980832241236,-0.008789081926045062,0.008789091926045062,0.045309981175768455,True,-0.5,41,0.00703491387403714,-0.04216193101254517,False,24,874.7408760641806,3332.6254131681494,-0.00703491387403714,0.00703492387403714,0.04216193101254517,True,-0.44999999999999996,-0.44999999999999996,-0.5,-1000000.0,,9,1,,1,,sigma_box,curvature,no feasible sigma on scan grid,24,874.7408760641806,3332.6254131681494,-0.00703491387403714,0.00703492387403714,False,no_feasible_sigma,-0.44999999999999996,-0.5,-0.44999999999999996,legacy_scan,10,no_feasible_sigma
0.6155761106581729,0.447,0,0,875.0804362034853,5005.431092129335,4108.376676871685,0,0,3632.03594256957,3471.56680570562,3480.727793568387,0.32,0.0,0.3869940935420484,0.25689467763421003,11,50,0.0,-0.49999999999999994,109,10.2,1327.772641277913,5005.431092129336,81.73048928772357,0.1734697727255258,0.37530533787502696,0.6163516395254951,58.71108215391065,-13.428631309225446,0.43735136098985095,reverse_rollout_failed,0.0066197775444675295,11,0.3106865301299071,0.3106865301299071,1000000.0,0.006557489268197003,3.5782387966030096,0.0,-3.2741097557412995,84886.2134019078,1.0,3171.56680570562,False,lbfgsb_seed_0,10.2,0.0,0.0,1.3771277643359572,0.0,0.0,0.3106865301299071,0.3106865301299071,1000000.0,780.0,0.0,0.3869940935420484,0.0,5005.431092129335,0.0,875.0804362034853,3471.56680570562,0.0,-1000780.0,-779.6893134698701,0.447,0.44183631549384716,84886.21339190779,5005.431092129335,3471.56680570562,81.7304892877236,37.12016819078049,0.0,0.3869940935420484,3.1470163989881034e+25,0.0,0.0,0.6155761106581729,0.13114978536394006,875.0804362034853,4108.376676871685,3632.03594256957,64.26841852541557,38.311826800010145,0.32,0.25689467763421003,3.3655937817838735e+25,-0.44999999999999996,-1.1,0.00661976754446753,-0.042053892238255175,False,35,875.0804462034853,3332.03594256957,-0.00661976754446753,0.0066197775444675295,0.042053892238255175,True,-0.44999999999999996,0.00661976754446753,-0.042053892238255175,False,35,875.0804462034853,3332.03594256957,-0.00661976754446753,0.0066197775444675295,0.042053892238255175,True,-0.44999999999999996,0,0.008365757786019782,-0.04518194925396668,False,29,906.145544537465,3338.8302042441105,-0.008365757786019782,0.008365767786019782,0.04518194925396668,True,-0.5,41,0.00661976754446753,-0.042053892238255175,False,35,875.0804462034853,3332.03594256957,-0.00661976754446753,0.0066197775444675295,0.042053892238255175,True,-0.44999999999999996,-0.44999999999999996,-0.5,-1000000.0,,9,1,,1,,sigma_box,curvature,no feasible sigma on scan grid,35,875.0804462034853,3332.03594256957,-0.00661976754446753,0.0066197775444675295,False,no_feasible_sigma,-0.44999999999999996,-0.5,-0.44999999999999996,legacy_scan,10,no_feasible_sigma
0.6155761106581729,0.447,0,0,916.4841109536455,5011.931092129341,4115.556533881819,0,0,3629.572665319282,3475.7071670941486,3484.8831494210417,0.32,0.0,0.3872940495618242,0.2577974120260051,11,50,0.0,-0.49999999999999994,110,10.2,1327.772641277913,5011.931092129336,81.73048928772357,0.1734697727255258,0.37530533787502696,0.6163516395254951,58.709595896293315,-13.428631309225446,0.4008012790000066,reverse_rollout_failed,0.004173487846016804,11,0.30809326582727414,0.30809326582727414,1000000.0,0.006694780809957779,3.551127176995505,0.0,-3.2497286919781887,87946.12053543543,1.0,3175.7071670941486,False,lbfgsb_seed_0,10.2,0.0,0.0,1.3771277643359572,0.0,0.0,0.30809326582727414,0.30809326582727414,1000000.0,780.0,0.0,0.3872940495618242,0.0,5011.931092129341,0.0,916.4841109536455,3475.7071670941486,0.0,-1000780.0,-779.6919067341727,0.447,0.4419888820264297,87946.12052543543,5011.931092129341,3475.7071670941486,81.73048928772334,37.151265048056686,0.0,0.3872940495618242,3.1423425959912296e+25,0.0,0.0,0.6155761106581729,0.13389561619915558,916.4841109536455,4115.556533881819,3629.572665319282,65.05728363808473,38.40431183714716,0.32,0.2577974120260051,3.354558821101098e+25,-0.44999999999999996,-1.1,0.0041734778460168044,-0.04158804126548765,False,29,916.4841209536455,3329.572665319282,-0.0041734778460168044,0.004173487846016804,0.04158804126548765,True,-0.44999999999999996,0.0041734778460168044,-0.04158804126548765,False,29,916.4841209536455,3329.572665319282,-0.0041734778460168044,0.004173487846016804,0.04158804126548765,True,-0.44999999999999996,0,0.005857553253670927,-0.044601789855627016,False,27,952.2462361612988,3336.4884212957404,-0.005857553253670927,0.005857563253670927,0.044601789855627016,True,-0.5,41,0.0041734778460168044,-0.04158804126548765,False,29,916.4841209536455,3329.572665319282,-0.0041734778460168044,0.004173487846016804,0.04158804126548765,True,-0.44999999999999996,-0.44999999999999996,-0.5,-1000000.0,,9,1,,1,,sigma_box,curvature,no feasible sigma on scan grid,29,916.4841209536455,3329.572665319282,-0.0041734778460168044,0.004173487846016804,False,no_feasible_sigma,-0.44999999999999996,-0.5,-0.44999999999999996,legacy_scan,10,no_feasible_sigma
0.6155761106581729,0.447,0,0,835.8353208391736,5005.431092129335,4102.347179958403,0,0,3633.1261018180785,3465.399968604393,3474.590919517198,0.32,0.0,0.3878947847618861,0.25659975812571756,11,50,0.0,-0.49999999999999994,111,10.2,1327.772641277913,5005.431092129336,81.90548928772357,0.1734697727255258,0.37530533787502696,0.6163516395254951,58.709595896293315,-13.428631309225446,0.4728438720048871,reverse_rollout_failed,0.009369990621782833,11,0.3152513466249274,0.3152513466249274,1000000.0,0.006457539113568323,3.6010862254118257,0.0,-3.2922924179004665,84529.04031761563,1.0,3165.399968604393,False,lbfgsb_seed_0,10.2,0.0,0.0,1.3771277643359572,0.0,0.0,0.3152513466249274,0.3152513466249274,1000000.0,780.0,0.0,0.3878947847618861,0.0,5005.431092129335,0.0,835.8353208391736,3465.399968604393,0.0,-1000780.0,-779.6847486533751,0.447,0.4444021288962938,84529.04030761562,5005.431092129335,3465.399968604393,81.90548928772354,37.17537934234362,0.0,0.3878947847618861,3.1423425959912296e+25,0.0,0.0,0.6155761106581729,0.12915078227136645,835.8353208391736,4102.347179958403,3633.1261018180785,63.64893610054435,38.30363895907005,0.32,0.25659975812571756,3.3687861566468794e+25,-0.44999999999999996,-1.1,0.009369980621782834,-0.04278756217902702,False,32,835.8353308391736,3333.1261018180785,-0.009369980621782834,0.009369990621782833,0.04278756217902702,True,-0.44999999999999996,0.009369980621782834,-0.04278756217902702,False,32,835.8353308391736,3333.1261018180785,-0.009369980621782834,0.009369990621782833,0.04278756217902702,True,-0.44999999999999996,0,0.01117793848296265,-0.046046265023717226,False,28,862.6427417585323,3339.8473557331977,-0.01117793848296265,0.011177948482962649,0.046046265023717226,True,-0.5,41,0.009369980621782834,-0.04278756217902702,False,32,835.8353308391736,3333.1261018180785,-0.009369980621782834,0.009369990621782833,0.04278756217902702,True,-0.44999999999999996,-0.44999999999999996,-0.5,-1000000.0,,9,1,,1,,sigma_box,curvature,no feasible sigma on scan grid,32,835.8353308391736,3333.1261018180785,-0.009369980621782834,0.009369990621782833,False,no_feasible_sigma,-0.44999999999999996,-0.5,-0.44999999999999996,legacy_scan,10,no_feasible_sigma
0.6155761106581729,0.447,0,0,823.0652964093492,5005.431092129335,4099.555246031665,0,0,3634.256475516226,3463.8647979694765,3473.0742506006195,0.32,0.0,0.38881089125026336,0.25683878061076354,11,50,0.0,-0.49999999999999994,112,10.2,1330.772641277913,5005.431092129336,81.73048928772357,0.1734697727255258,0.37530533787502696,0.6163516395254951,58.709595896293315,-13.428631309225446,0.4909925639949506,reverse_rollout_failed,0.010427462800693439,11,0.3170109298592203,0.3170109298592203,1000000.0,0.0064015676060582005,3.611690262885766,0.0,-3.301080900632604,84378.79018044603,1.0,3163.8647979694765,False,lbfgsb_seed_0,10.2,0.0,0.0,1.3771277643359572,0.0,0.0,0.3170109298592203,0.3170109298592203,1000000.0,780.0,0.0,0.38881089125026336,0.0,5005.431092129335,0.0,823.0652964093492,3463.8647979694765,0.0,-1000780.0,-779.6829890701408,0.447,0.4450422819803843,84378.79017044602,5005.431092129335,3463.8647979694765,81.73048928772342,37.17537934234362,0.0,0.38881089125026336,3.1423425959912296e+25,0.0,0.0,0.6155761106581729,0.128031352121164,823.0652964093492,4099.555246031665,3634.256475516226,63.117645673622874,38.27643775146109,0.32,0.25683878061076354,3.3723279372796354e+25,-0.44999999999999996,-1.1,0.010427452800693439,-0.04309540287138236,False,32,823.0653064093492,3334.256475516226,-0.010427452800693439,0.010427462800693439,0.04309540287138236,True,-0.44999999999999996,0.010427452800693439,-0.04309540287138236,False,32,823.0653064093492,3334.256475516226,-0.010427452800693439,0.010427462800693439,0.04309540287138236,True,-0.44999999999999996,0,0.01224584819755546,-0.04639798175305754,False,33,848.0376060729243,3340.9101878955307,-0.01224584819755546,0.01224585819755546,0.04639798175305754,True,-0.5,41,0.010427452800693439,-0.04309540287138236,False,32,823.0653064093492,3334.256475516226,-0.010427452800693439,0.010427462800693439,0.04309540287138236,True,-0.44999999999999996,-0.44999999999999996,-0.5,-1000000.0,,9,1,,1,,sigma_box,curvature,no feasible sigma on scan grid,32,823.0653064093492,3334.256475516226,-0.010427452800693439,0.010427462800693439,False,no_feasible_sigma,-0.44999999999999996,-0.5,-0.44999999999999996,legacy_scan,10,no_feasible_sigma
4.338755301067451,0.447,0,0,405.8523512150332,5005.431092129335,3750.95511986569,0,0,3748.4567442132966,3499.6535954386436,3508.737613214325,2.2727841943576936,0.0,0.3823011959532709,0.034617055351275634,50,50,0.0,-0.5,113,10.2,1327.772641277913,5005.431092129336,81.73048928772357,0.1734697727255258,0.37530533787502696,0.6163516395254951,58.709595896293315,-13.419131309225447,0.5644311159994686,,1.0099928635126444e-06,50,0.42959821858849145,0.42959821858849145,0.0,3.332538992547596e-05,5.058202872858352,0.0,-4.6286379796597865,86326.9275416247,1.0,3199.6535954386436,True,lbfgsb_seed_0,10.2,0.0,0.0,9.706387698137474,0.0,0.0,0.42959821858849145,0.42959821858849145,0.0,0.0,0.0,0.3823011959532709,0.0,5005.431092129335,0.0,405.8523512150332,3499.6535954386436,0.0,0.42959821858849145,0.42959821858849145,0.447,0.430264726387001,86326.9275316247,5005.431092129335,3499.6535954386436,81.73048928772342,37.17537934234362,0.0,0.3823011959532709,3.1423425959912296e+25,0.0,0.0,4.338755301067451,0.0006665077985095191,4443559.080645155,3750.95511986569,3748.4567442132966,1.661231452427288,39.0625904912155,2.2727841943576936,0.034617055351275634,3.454599534340289e+25,-0.5,-5.0,,,,,,,,,,,,,,,,,,,,,,,,,,,,,,,,,,,,,,,,,,,,,,,,,-4.6286379796597865,,9,,1,1,39,sigma_box,curvature,,3,4443559.080655155,3448.4567442132966,9.999995239734369e-09,4.760265631906434e-15,True,completed_requested_steps,-0.5,-0.5,-0.45,direct_preferred_endpoint,49,sigma_box_lower_supported
4.348379798614269,0.447,0,0,1622.01254310878,5005.7634911731575,3829.6027401063075,0,0,3826.4925508883357,3554.1618340461573,3563.069067168767,2.2750000000000004,0.0,0.37280700212565854,0.03345105828896371,50,50,0.0,-0.5,114,10.2,1325.3599606725604,5005.763491173162,81.62187245108616,0.1734697727255258,0.37530533787502696,0.6163516395254951,58.709726856998145,-13.403697341278278,0.23473407299024984,,7.340720746460305e-12,50,0.40761025724321254,0.40761025724321254,0.0,4.064021001751739e-05,4.710624265754049,0.0,-4.303054648720854,89499.8746647762,1.0,3254.1618340461573,True,lbfgsb_seed_0,10.2,0.0,0.0,9.727919012559887,0.0,0.0,0.40761025724321254,0.40761025724321254,0.0,0.0,0.0,0.37280700212565854,0.0,5005.7634911731575,0.0,1622.01254310878,3554.1618340461573,0.0,0.40761025724321254,0.40761025724321254,0.447,0.4084230614435629,89499.8746547762,5005.7634911731575,3554.1618340461573,81.62187245108608,37.16927700508625,0.0,0.37280700212565854,3.1427541463402913e+25,0.0,0.0,4.348379798614269,0.0008128042003503477,5114588.837873538,3829.6027401063075,3826.4925508883357,21.70019237759715,38.48752628106947,2.2750000000000004,0.03345105828896371,3.470026758266449e+25,-0.5,-5.0,,,,,,,,,,,,,,,,,,,,,,,,,,,,,,,,,,,,,,,,,,,,,,,,,-4.303054648720854,,9,,,1,40,sigma_box,curvature,,3,5114588.837883538,3526.4925508883357,9.999995420289546e-09,4.579710454256321e-15,True,completed_requested_steps,-0.5,-0.5,-0.45,direct_preferred_endpoint,49,sigma_box_lower_supported
4.348379798614269,0.447,0,0,1643.3387779971608,5005.7634911731575,3830.3655511589645,0,0,3827.2422235653244,3554.881445798409,3563.778458718974,2.2750000000000004,0.0,0.37227889139641923,0.03340616209565769,50,50,0.0,-0.5,115,10.2,1325.3599606725604,5005.763491173162,81.62187245108616,0.1734697727255258,0.37530533787502696,0.6163516395254951,58.71121311461549,-13.403697341278278,0.23754709199420176,,7.03013892555297e-12,50,0.4073218776647607,0.4073218776647607,0.0,4.0803892348506565e-05,4.707313641597743,0.0,-4.300032567825331,89315.7466270241,1.0,3254.881445798409,True,lbfgsb_seed_0,10.2,0.0,0.0,9.727919012559887,0.0,0.0,0.4073218776647607,0.4073218776647607,0.0,0.0,0.0,0.37227889139641923,0.0,5005.7634911731575,0.0,1643.3387779971608,3554.881445798409,0.0,0.4073218776647607,0.4073218776647607,0.447,0.4081379555117308,89315.7466170241,5005.7634911731575,3554.881445798409,81.62187245108632,37.1140749164315,0.0,0.37227889139641923,3.147428561461803e+25,0.0,0.0,4.348379798614269,0.0008160778469701313,5089151.648641808,3830.3655511589645,3827.2422235653244,21.979630040299472,38.429277912283304,2.2750000000000004,0.03340616209565769,3.4749403122189826e+25,-0.5,-5.0,,,,,,,,,,,,,,,,,,,,,,,,,,,,,,,,,,,,,,,,,,,,,,,,,-4.300032567825331,,9,,,1,40,sigma_box,curvature,,3,5089151.648651808,3527.2422235653244,9.99999613113368e-09,3.868866321115761e-15,True,completed_requested_steps,-0.5,-0.5,-0.45,direct_preferred_endpoint,49,sigma_box_lower_supported
4.348379798614269,0.447,0,0,1825.1399207387258,5012.263491173162,3838.492382881683,0,0,3835.241461497667,3559.150254304891,3568.0611200911258,2.2750000000000004,0.0,0.37256576247285195,0.033392589785629846,50,50,0.0,-0.5,116,10.2,1325.3599606725604,5012.263491173162,81.62187245108616,0.1734697727255258,0.37530533787502696,0.6163516395254951,58.709726856998145,-13.403697341278278,0.24186285000178032,,6.900967425915919e-12,50,0.40742768331497503,0.40742768331497503,0.0,4.238222569104e-05,4.672115178860504,0.0,-4.26472987777122,92532.4745384248,1.0,3259.150254304891,True,lbfgsb_seed_0,10.2,0.0,0.0,9.727919012559887,0.0,0.0,0.40742768331497503,0.40742768331497503,0.0,0.0,0.0,0.37256576247285195,0.0,5012.263491173162,0.0,1825.1399207387258,3559.150254304891,0.0,0.40742768331497503,0.40742768331497503,0.447,0.40827532782879583,92532.47452842479,5012.263491173162,3559.150254304891,81.62187245108655,37.14516826860761,0.0,0.37256576247285195,3.1427541463402913e+25,0.0,0.0,4.348379798614269,0.0008476445138208,5010462.627789942,3838.492382881683,3835.241461497667,23.73575864117808,38.41751205574684,2.2750000000000004,0.033392589785629846,3.4723229202087107e+25,-0.5,-5.0,,,,,,,,,,,,,,,,,,,,,,,,,,,,,,,,,,,,,,,,,,,,,,,,,-4.26472987777122,,9,,,1,40,sigma_box,curvature,,3,5010462.627799941,3535.241461497667,9.999993752392713e-09,6.247607287534099e-15,True,completed_requested_steps,-0.5,-0.5,-0.45,direct_preferred_endpoint,49,sigma_box_lower_supported
4.348379798614269,0.447,0,0,1419.4556448710741,5005.7634911731575,3821.383395504838,0,0,3818.3820089497767,3549.042226902728,3557.9675089572083,2.2750000000000004,0.0,0.37312038866491326,0.033504523367163024,50,50,0.0,-0.5,117,10.2,1325.3599606725604,5005.763491173162,81.79687245108616,0.1734697727255258,0.37530533787502696,0.6163516395254951,58.709726856998145,-13.403697341278278,0.23889898099878337,,6.552473939796463e-12,50,0.4096687206249423,0.4096687206249423,0.0,3.930181092445251e-05,4.746370309382028,0.0,-4.336740890568011,88936.13583907102,1.0,3249.042226902728,True,lbfgsb_seed_0,10.2,0.0,0.0,9.727919012559887,0.0,0.0,0.4096687206249423,0.4096687206249423,0.0,0.0,0.0,0.37312038866491326,0.0,5005.7634911731575,0.0,1419.4556448710741,3549.042226902728,0.0,0.4096687206249423,0.4096687206249423,0.447,0.41045475684343136,88936.13582907102,5005.7634911731575,3549.042226902728,81.79687245108597,37.16927700508625,0.0,0.37312038866491326,3.1427541463402913e+25,0.0,0.0,4.348379798614269,0.0007860362184890501,5155754.606646019,3821.383395504838,3818.3820089497767,19.979444783230516,38.54494978178689,2.2750000000000004,0.033504523367163024,3.468581429184557e+25,-0.5,-5.0,,,,,,,,,,,,,,,,,,,,,,,,,,,,,,,,,,,,,,,,,,,,,,,,,-4.336740890568011,,9,,,1,40,sigma_box,curvature,,3,5155754.606656019,3518.3820089497767,9.999993628558152e-09,6.371441847396249e-15,True,completed_requested_steps,-0.5,-0.5,-0.45,direct_preferred_endpoint,49,sigma_box_lower_supported
4.348379798614269,0.447,0,0,1365.004457838222,5005.7634911731575,3819.530090601199,0,0,3816.555141623224,3547.582891374451,3556.5251998612894,2.2750000000000004,0.0,0.3739971688618307,0.03358173205093668,50,50,0.0,-0.5,118,10.2,1328.3599606725604,5005.763491173162,81.62187245108616,0.1734697727255258,0.37530533787502696,0.6163516395254951,58.709726856998145,-13.403697341278278,0.23823812100454234,,6.893231541583858e-12,50,0.4102554768485167,0.4102554768485167,0.0,3.8974269564850954e-05,4.754449025793616,0.0,-4.344232523214664,88776.48264035137,1.0,3247.582891374451,True,lbfgsb_seed_0,10.2,0.0,0.0,9.727919012559887,0.0,0.0,0.4102554768485167,0.4102554768485167,0.0,0.0,0.0,0.3739971688618307,0.0,5005.7634911731575,0.0,1365.004457838222,3547.582891374451,0.0,0.4102554768485167,0.4102554768485167,0.447,0.41103496223981373,88776.48263035137,5005.7634911731575,3547.582891374451,81.62187245108608,37.16927700508625,0.0,0.3739971688618307,3.1427541463402913e+25,0.0,0.0,4.348379798614269,0.000779485391297019,5171944.48975731,3819.530090601199,3816.555141623224,19.34275501899977,38.55125560599585,2.2750000000000004,0.03358173205093668,3.468855343198474e+25,-0.5,-5.0,,,,,,,,,,,,,,,,,,,,,,,,,,,,,,,,,,,,,,,,,,,,,,,,,-4.344232523214664,,9,,,1,40,sigma_box,curvature,,3,5171944.489767309,3516.555141623224,9.999997925366565e-09,2.074633434391846e-15,True,completed_requested_steps,-0.5,-0.5,-0.45,direct_preferred_endpoint,49,sigma_box_lower_supported
4.348379798614269,0.447,0,0,2439.59104823411,5005.7634911731575,3865.277358186966,0,0,3861.680740568092,3581.4466652040164,3590.274297274357,2.2750000000000004,0.0,0.36787730049348294,0.032964357417280786,50,50,0.0,-0.5,119,10.2,1325.3599606725604,5005.763491173162,81.62187245108616,0.1734697727255258,0.37530533787502696,0.6163516395254951,58.709726856998145,-13.394197341278277,0.2343918910046341,,6.526304158824143e-12,50,0.39676179493507724,0.39676179493507724,0.0,4.656803423818135e-05,4.557040757469219,0.0,-4.16032553056838,90847.4766967415,1.0,3281.4466652040164,True,lbfgsb_seed_0,10.2,0.0,0.0,9.727919012559887,0.0,0.0,0.39676179493507724,0.39676179493507724,0.0,0.0,0.0,0.36787730049348294,0.0,5005.7634911731575,0.0,2439.59104823411,3581.4466652040164,0.0,0.39676179493507724,0.39676179493507724,0.447,0.39769315561984087,90847.4766867415,5005.7634911731575,3581.4466652040164,81.62187245108608,37.16927700508625,0.0,0.36787730049348294,3.1427541463402913e+25,0.0,0.0,4.348379798614269,0.0009313606847636269,4955171.185067482,3865.277358186966,3861.680740568092,28.808506057311366,38.28683390325593,2.2750000000000004,0.032964357417280786,3.4720814075328015e+25,-0.5,-5.0,,,,,,,,,,,,,,,,,,,,,,,,,,,,,,,,,,,,,,,,,,,,,,,,,-4.16032553056838,,9,,,1,40,sigma_box,curvature,,3,4955171.185077482,3561.680740568092,9.999997404308411e-09,2.5956915898084274e-15,True,completed_requested_steps,-0.5,-0.5,-0.45,direct_preferred_endpoint,49,sigma_box_lower_supported
4.348379798614269,0.447,0,0,1622.0124219556822,5005.763491159046,3829.6027351356197,0,0,3826.4925459820774,3554.161830602586,3563.0690637359357,2.2750000000000004,0.0,0.37280700273237594,0.03345105835363891,50,50,0.0,-0.5,120,10.2,1325.3599607750396,5005.763491159043,81.62187245569969,0.1734697727255258,0.37530533787502696,0.6163516395254951,58.70972685699258,-13.403697342337354,0.23624761200335342,,7.336392489453401e-12,50,0.4076102586196366,0.4076102586196366,0.0,4.064020922773804e-05,4.710624287330782,0.0,-4.303054668920374,89499.87447041488,1.0,3254.161830602586,True,lbfgsb_seed_0,10.2,0.0,0.0,9.727919012559887,0.0,0.0,0.4076102586196366,0.4076102586196366,0.0,0.0,0.0,0.37280700273237594,0.0,5005.763491159046,0.0,1622.0124219556822,3554.161830602586,0.0,0.4076102586196366,0.4076102586196366,0.447,0.4084230628041914,89499.87446041488,5005.763491159046,3554.161830602586,81.62187245569987,37.16927700534543,0.0,0.37280700273237594,3.1427541463228065e+25,0.0,0.0,4.348379798614269,0.0008128041845547607,5114588.863009794,3829.6027351356197,3826.4925459820774,21.70019130638349,38.48752631200939,2.2750000000000004,0.03345105835363891,3.4700267577288986e+25,-0.5,-5.0,,,,,,,,,,,,,,,,,,,,,,,,,,,,,,,,,,,,,,,,,,,,,,,,,-4.303054668920374,,9,,,1,40,sigma_box,curvature,,3,5114588.863019793,3526.4925459820774,9.999993419973604e-09,6.5800263956692684e-15,True,completed_requested_steps,-0.5,-0.5,-0.45,direct_preferred_endpoint,49,sigma_box_lower_supported
4.348379798614269,0.447,0,0,1643.3386577631095,5005.763491159046,3830.3655462284446,0,0,3827.2422186992007,3554.8814423564877,3563.778455287743,2.2750000000000004,0.0,0.372278892002156,0.03340616215988224,50,50,0.0,-0.5,121,10.2,1325.3599607750396,5005.763491159043,81.62187245569969,0.1734697727255258,0.37530533787502696,0.6163516395254951,58.711213114609926,-13.403697342337354,0.23564088500279468,,7.034434599134946e-12,50,0.4073218790399722,0.4073218790399722,0.0,4.080389155909359e-05,4.707313662992595,0.0,-4.300032587844182,89315.74643302876,1.0,3254.8814423564877,True,lbfgsb_seed_0,10.2,0.0,0.0,9.727919012559887,0.0,0.0,0.4073218790399722,0.4073218790399722,0.0,0.0,0.0,0.372278892002156,0.0,5005.763491159046,0.0,1643.3386577631095,3554.8814423564877,0.0,0.4073218790399722,0.4073218790399722,0.447,0.40813795687115406,89315.74642302876,5005.763491159046,3554.8814423564877,81.62187245569996,37.1140749166903,0.0,0.372278892002156,3.147428561444292e+25,0.0,0.0,4.348379798614269,0.0008160778311818717,5089151.674239538,3830.3655462284446,3827.2422186992007,21.979628983232633,38.429277942757494,2.2750000000000004,0.03340616215988224,3.4749403116998804e+25,-0.5,-5.0,,,,,,,,,,,,,,,,,,,,,,,,,,,,,,,,,,,,,,,,,,,,,,,,,-4.300032587844182,,9,,,1,40,sigma_box,curvature,,3,5089151.674249537,3527.2422186992007,9.999995223352495e-09,4.77664750548249e-15,True,completed_requested_steps,-0.5,-0.5,-0.45,direct_preferred_endpoint,49,sigma_box_lower_supported
4.348379798614269,0.447,0,0,1825.139824082992,5012.263491159041,3838.49237818546,0,0,3835.24145686521,3559.1502508576714,3568.0611166546387,2.2750000000000004,0.0,0.3725657630791232,0.033392589847492535,50,50,0.0,-0.5,122,10.2,1325.3599607750396,5012.263491159043,81.62187245569969,0.1734697727255258,0.37530533787502696,0.6163516395254951,58.70972685699258,-13.403697342337354,0.23587724300159607,,6.901650479130884e-12,50,0.4074276846905971,0.4074276846905971,0.0,4.238222491090849e-05,4.6721151991623495,0.0,-4.264729896696664,92532.47433754767,1.0,3259.1502508576714,True,lbfgsb_seed_0,10.2,0.0,0.0,9.727919012559887,0.0,0.0,0.4074276846905971,0.4074276846905971,0.0,0.0,0.0,0.3725657630791232,0.0,5012.263491159041,0.0,1825.139824082992,3559.1502508576714,0.0,0.4074276846905971,0.4074276846905971,0.447,0.40827532918881526,92532.47432754766,5012.263491159041,3559.1502508576714,81.62187245569969,37.14516826886659,0.0,0.3725657630791232,3.1427541463228065e+25,0.0,0.0,4.348379798614269,0.0008476444982181697,5010462.651872366,3838.49237818546,3835.24145686521,23.735757669224746,38.41751208352019,2.2750000000000004,0.033392589847492535,3.472322919822564e+25,-0.5,-5.0,,,,,,,,,,,,,,,,,,,,,,,,,,,,,,,,,,,,,,,,,,,,,,,,,-4.264729896696664,,9,,,1,40,sigma_box,curvature,,3,5010462.651882365,3535.24145686521,9.999993628491141e-09,6.371508859803149e-15,True,completed_requested_steps,-0.5,-0.5,-0.45,direct_preferred_endpoint,49,sigma_box_lower_supported
4.348379798614269,0.447,0,0,1419.455518625757,5005.763491159046,3821.3833901667463,0,0,3818.3820036780708,3549.0422234472626,3557.967505512517,2.2750000000000004,0.0,0.373120389273026,0.03350452343531907,50,50,0.0,-0.5,123,10.2,1325.3599607750396,5005.763491159043,81.79687245569968,0.1734697727255258,0.37530533787502696,0.6163516395254951,58.70972685699258,-13.403697342337354,0.23883352999109775,,6.55827491475585e-12,50,0.4096687220105324,0.4096687220105324,0.0,3.930181010941558e-05,4.746370332641339,0.0,-4.336740912440916,88936.13564607168,1.0,3249.0422234472626,True,lbfgsb_seed_0,10.2,0.0,0.0,9.727919012559887,0.0,0.0,0.4096687220105324,0.4096687220105324,0.0,0.0,0.0,0.373120389273026,0.0,5005.763491159046,0.0,1419.455518625757,3549.0422234472626,0.0,0.4096687220105324,0.4096687220105324,0.447,0.4104547582127207,88936.13563607167,5005.763491159046,3549.0422234472626,81.79687245569974,37.16927700534543,0.0,0.373120389273026,3.1427541463228065e+25,0.0,0.0,4.348379798614269,0.0007860362021883116,5155754.632018098,3821.3833901667463,3818.3820036780708,19.97944358854798,38.544949816668336,2.2750000000000004,0.03350452343531907,3.4685814284682775e+25,-0.5,-5.0,,,,,,,,,,,,,,,,,,,,,,,,,,,,,,,,,,,,,,,,,,,,,,,,,-4.336740912440916,,9,,,1,40,sigma_box,curvature,,3,5155754.632028097,3518.3820036780708,9.999998976096818e-09,1.023903182090533e-15,True,completed_requested_steps,-0.5,-0.5,-0.45,direct_preferred_endpoint,49,sigma_box_lower_supported
4.348379798614269,0.447,0,0,1365.0043294773648,5005.763491159046,3819.530085126491,0,0,3816.555136215343,3547.582887915836,3556.5251964135114,2.2750000000000004,0.0,0.37399716947154876,0.033581732120443554,50,50,0.0,-0.5,124,10.2,1328.3599607750396,5005.763491159043,81.62187245569969,0.1734697727255258,0.37530533787502696,0.6163516395254951,58.70972685699258,-13.403697342337354,0.23868361600034405,,6.8992814027213455e-12,50,0.41025547823659214,0.41025547823659214,0.0,3.897426874459598e-05,4.754449049668487,0.0,-4.34423254570064,88776.48244776393,1.0,3247.582887915836,True,lbfgsb_seed_0,10.2,0.0,0.0,9.727919012559887,0.0,0.0,0.41025547823659214,0.41025547823659214,0.0,0.0,0.0,0.37399716947154876,0.0,5005.763491159046,0.0,1365.0043294773648,3547.582887915836,0.0,0.41025547823659214,0.41025547823659214,0.447,0.41103496361148406,88776.48243776393,5005.763491159046,3547.582887915836,81.62187245570017,37.16927700534543,0.0,0.37399716947154876,3.1427541463228065e+25,0.0,0.0,4.348379798614269,0.0007794853748919195,5171944.513402101,3819.530085126491,3816.555136215343,19.34275378294951,38.551255642262106,2.2750000000000004,0.033581732120443554,3.468855342421258e+25,-0.5,-5.0,,,,,,,,,,,,,,,,,,,,,,,,,,,,,,,,,,,,,,,,,,,,,,,,,-4.34423254570064,,9,,,1,40,sigma_box,curvature,,3,5171944.5134121,3516.555136215343,9.999996681401685e-09,3.318598315862138e-15,True,completed_requested_steps,-0.5,-0.5,-0.45,direct_preferred_endpoint,49,sigma_box_lower_supported
4.348379798614269,0.447,0,0,2439.5909411012217,5005.763491159046,3865.277354055743,0,0,3861.680736495869,3581.4466618249426,3590.2742939057007,2.2750000000000004,0.0,0.36787730108750266,0.03296435747320192,50,50,0.0,-0.5,125,10.2,1325.3599607750396,5005.763491159043,81.62187245569969,0.1734697727255258,0.37530533787502696,0.6163516395254951,58.70972685699258,-13.394197342337353,0.23534046999702696,,6.521576768556143e-12,50,0.3967617962641483,0.3967617962641483,0.0,4.656803352337535e-05,4.557040775107248,0.0,-4.160325546876623,90847.47649876546,1.0,3281.4466618249426,True,lbfgsb_seed_0,10.2,0.0,0.0,9.727919012559887,0.0,0.0,0.3967617962641483,0.3967617962641483,0.0,0.0,0.0,0.36787730108750266,0.0,5005.763491159046,0.0,2439.5909411012217,3581.4466618249426,0.0,0.3967617962641483,0.3967617962641483,0.447,0.3976931569346158,90847.47648876546,5005.763491159046,3581.4466618249426,81.62187245569987,37.16927700534543,0.0,0.36787730108750266,3.1427541463228065e+25,0.0,0.0,4.348379798614269,0.000931360670467507,4955171.198790608,3865.277354055743,3861.680736495869,28.808505291788066,38.28683392493172,2.2750000000000004,0.03296435747320192,3.472081407422598e+25,-0.5,-5.0,,,,,,,,,,,,,,,,,,,,,,,,,,,,,,,,,,,,,,,,,,,,,,,,,-4.160325546876623,,9,,,1,40,sigma_box,curvature,,3,4955171.198800608,3561.680736495869,9.999994266189719e-09,5.7338102808616546e-15,True,completed_requested_steps,-0.5,-0.5,-0.45,direct_preferred_endpoint,49,sigma_box_lower_supported
4.348379798614269,0.447,0,0,41843.17255010369,4603.594912211661,4382.169986087827,0,0,4380.06516165842,4222.020329326927,4227.30820887495,2.2750000000000004,0.0,0.1994879727041243,0.019103897835448174,50,50,0.0,-0.5,126,10.2,1246.3912052650762,4603.594912211664,69.69119214158798,0.1734697727255258,0.37530533787502696,0.6163516395254951,58.73558368396775,-12.957141714889348,0.2202566990017658,,6.103087627049937e-12,50,0.0897069524128069,0.0897069524128069,0.0,3.3514832889858236e-05,2.6146854274104334,0.0,-2.5250119898305163,40931.979022704705,1.0,3922.020329326927,True,lbfgsb_seed_1,10.2,0.0,0.0,9.727919012559887,0.0,0.0,0.0897069524128069,0.0897069524128069,0.0,0.0,0.0,0.1994879727041243,0.0,4603.594912211661,0.0,41843.17255010369,4222.020329326927,0.0,0.0897069524128069,0.0897069524128069,0.447,0.09037724907060407,40931.9790127047,4603.594912211661,4222.020329326927,69.69119214158792,37.76950114980681,0.0,0.1994879727041243,3.225075494485718e+25,0.0,0.0,4.348379798614269,0.0006702966577971647,143460242.8893469,4383.001104697213,4380.06516165842,58.25504287997223,36.729020918299454,2.2750000000000004,0.019103897835448174,3.3988699156259565e+25,-0.5,-5.0,,,,,,,,,,,,,,,,,,,,,,,,,,,,,,,,,,,,,,,,,,,,,,,,,-2.5250119898305163,,9,,,1,40,sigma_box,curvature,,3,143460242.8893569,4080.06516165842,9.999994795903861e-09,5.2040961389023626e-15,True,completed_requested_steps,-0.5,-0.5,-0.45,direct_preferred_endpoint,49,sigma_box_lower_supported
4.348379798614269,0.447,0,0,41775.39950738552,4603.594912211661,4382.264578798694,0,0,4380.160722654283,4222.265480331735,4227.550540713363,2.2750000000000004,0.0,0.19921557656340738,0.019078969653877894,50,50,0.0,-0.5,127,10.2,1246.3912052650762,4603.594912211664,69.69119214158798,0.1734697727255258,0.37530533787502696,0.6163516395254951,58.737069941585084,-12.957141714889348,0.2201002090005204,,6.07545093609071e-12,50,0.08964385300550393,0.08964385300550393,0.0,3.350435712811129e-05,2.6143791530526452,0.0,-2.5247688044042693,40865.18338978095,1.0,3922.2654803317346,True,lbfgsb_seed_1,10.2,0.0,0.0,9.727919012559887,0.0,0.0,0.08964385300550393,0.08964385300550393,0.0,0.0,0.0,0.19921557656340738,0.0,4603.594912211661,0.0,41775.39950738552,4222.265480331735,0.0,0.08964385300550393,0.08964385300550393,0.447,0.09031394014806615,40865.183379780945,4603.594912211661,4222.265480331735,69.69119214158827,37.71340763605293,0.0,0.19921557656340738,3.2298723513053725e+25,0.0,0.0,4.348379798614269,0.0006700871425622257,143233360.67167282,4383.09581203689,4380.160722654283,58.27425997301195,36.67563735011175,2.2750000000000004,0.019078969653877894,3.403780398602118e+25,-0.5,-5.0,,,,,,,,,,,,,,,,,,,,,,,,,,,,,,,,,,,,,,,,,,,,,,,,,-2.5247688044042693,,9,,,1,40,sigma_box,curvature,,3,143233360.67168283,4080.160722654283,9.999992888683767e-09,7.111316233480026e-15,True,completed_requested_steps,-0.5,-0.5,-0.45,direct_preferred_endpoint,49,sigma_box_lower_supported
4.348379798614269,0.447,0,0,43526.6087082264,4610.094912211663,4388.529310108672,0,0,4386.406511069867,4228.175663286004,4233.466128228894,2.2750000000000004,0.0,0.1993365742451801,0.019089527966311012,50,50,0.0,-0.5,128,10.2,1246.3912052650762,4610.094912211664,69.69119214158798,0.1734697727255258,0.37530533787502696,0.6163516395254951,58.73558368396775,-12.957141714889348,0.2199369660083903,,5.901471595613698e-12,50,0.08965489218149503,0.08965489218149503,0.0,3.361515622463118e-05,2.5941756864630587,0.0,-2.5045544094377883,42579.567359034554,1.0,3928.1756632860042,True,lbfgsb_seed_1,10.2,0.0,0.0,9.727919012559887,0.0,0.0,0.08965489218149503,0.08965489218149503,0.0,0.0,0.0,0.1993365742451801,0.0,4610.094912211663,0.0,43526.6087082264,4228.175663286004,0.0,0.08965489218149503,0.08965489218149503,0.447,0.09032719530598765,42579.56734903455,4610.094912211663,4228.175663286004,69.69119214158817,37.7428652172001,0.0,0.1993365742451801,3.225075494485718e+25,0.0,0.0,4.348379798614269,0.0006723031244926236,148324270.5478595,4389.355505872553,4386.406511069867,58.41060155347892,36.702487068989385,2.2750000000000004,0.019089527966311012,3.398864193161411e+25,-0.5,-5.0,,,,,,,,,,,,,,,,,,,,,,,,,,,,,,,,,,,,,,,,,,,,,,,,,-2.5045544094377883,,9,,,1,40,sigma_box,curvature,,3,148324270.5478695,4086.4065110698666,9.999992378007449e-09,7.621992551414193e-15,True,completed_requested_steps,-0.5,-0.5,-0.45,direct_preferred_endpoint,49,sigma_box_lower_supported
4.348379798614269,0.447,0,0,41520.75514794755,4603.594912211661,4380.969210250982,0,0,4378.853275361028,4220.548832377042,4225.848493182135,2.2750000000000004,0.0,0.1995460662509394,0.019106970307058813,50,50,0.0,-0.5,129,10.2,1246.3912052650762,4603.594912211664,69.86619214158797,0.1734697727255258,0.37530533787502696,0.6163516395254951,58.73558368396775,-12.957141714889348,0.2198973990016384,,6.281813632629851e-12,50,0.09008518375994234,0.09008518375994234,0.0,3.361130050619776e-05,2.6185814203415667,0.0,-2.5285298478821305,40621.19673709072,1.0,3920.5488323770423,True,lbfgsb_seed_1,10.2,0.0,0.0,9.727919012559887,0.0,0.0,0.09008518375994234,0.09008518375994234,0.0,0.0,0.0,0.1995460662509394,0.0,4603.594912211661,0.0,41520.75514794755,4220.548832377042,0.0,0.09008518375994234,0.09008518375994234,0.447,0.0907574097700663,40621.19672709072,4603.594912211661,4220.548832377042,69.86619214158812,37.76950114980681,0.0,0.1995460662509394,3.225075494485718e+25,0.0,0.0,4.348379798614269,0.0006722260101239552,141552939.31050882,4381.796854427243,4378.853275361028,58.36864290742291,36.73059944235557,2.2750000000000004,0.019106970307058813,3.3991908506913956e+25,-0.5,-5.0,,,,,,,,,,,,,,,,,,,,,,,,,,,,,,,,,,,,,,,,,,,,,,,,,-2.5285298478821305,,9,,,1,40,sigma_box,curvature,,3,141552939.31051883,4078.853275361028,9.999993818181354e-09,6.181818646838579e-15,True,completed_requested_steps,-0.5,-0.5,-0.45,direct_preferred_endpoint,49,sigma_box_lower_supported
4.348379798614269,0.447,0,0,41441.07494265839,4603.594912211661,4380.838933104337,0,0,4378.721161421908,4220.18125762998,4225.4847411284345,2.2750000000000004,0.0,0.20001169640641658,0.019149597501175116,50,50,0.0,-0.5,130,10.2,1249.3912052650762,4603.594912211664,69.69119214158798,0.1734697727255258,0.37530533787502696,0.6163516395254951,58.73558368396775,-12.957141714889348,0.2196289489947958,,6.320535361682802e-12,50,0.09017989873725729,0.09017989873725729,0.0,3.362576086758385e-05,2.6190052008478695,0.0,-2.5288589278714797,40544.11416724375,1.0,3920.18125762998,True,lbfgsb_seed_1,10.2,0.0,0.0,9.727919012559887,0.0,0.0,0.09017989873725729,0.09017989873725729,0.0,0.0,0.0,0.20001169640641658,0.0,4603.594912211661,0.0,41441.07494265839,4220.18125762998,0.0,0.09017989873725729,0.09017989873725729,0.447,0.09085241395460897,40544.11415724375,4603.594912211661,4220.18125762998,69.6911921415876,37.76950114980681,0.0,0.20001169640641658,3.225075494485718e+25,0.0,0.0,4.348379798614269,0.0006725152173516769,141296495.52612028,4381.665918035504,4378.721161421908,58.18997888878371,36.728438488153785,2.2750000000000004,0.019149597501175116,3.399441636723081e+25,-0.5,-5.0,,,,,,,,,,,,,,,,,,,,,,,,,,,,,,,,,,,,,,,,,,,,,,,,,-2.5288589278714797,,9,,,1,40,sigma_box,curvature,,3,141296495.5261303,4078.7211614219077,9.999994446806477e-09,5.553193524226355e-15,True,completed_requested_steps,-0.5,-0.5,-0.45,direct_preferred_endpoint,49,sigma_box_lower_supported
4.348379798614269,0.447,0,0,42643.16764946886,4603.594912211661,4388.046371902253,0,0,4386.044240952363,4229.161758471522,4234.43285286723,2.2750000000000004,0.0,0.19744546243182914,0.01891832355274579,50,50,0.0,-0.5,131,10.2,1246.3912052650762,4603.594912211664,69.69119214158798,0.1734697727255258,0.37530533787502696,0.6163516395254951,58.73558368396775,-12.947641714889347,0.2196356950007612,,5.3399739753217924e-12,50,0.08787589717023625,0.08787589717023625,0.0,3.300618533693678e-05,2.5955157003005054,0.0,-2.507672809315606,41683.07639059145,1.0,3929.1617584715223,True,lbfgsb_seed_1,10.2,0.0,0.0,9.727919012559887,0.0,0.0,0.08787589717023625,0.08787589717023625,0.0,0.0,0.0,0.19744546243182914,0.0,4603.594912211661,0.0,42643.16764946886,4229.161758471522,0.0,0.08787589717023625,0.08787589717023625,0.447,0.08853602087697499,41683.07638059145,4603.594912211661,4229.161758471522,69.69119214158792,37.76950114980681,0.0,0.19744546243182914,3.225075494485718e+25,0.0,0.0,4.348379798614269,0.0006601237067387355,150757177.98979035,4388.939572734621,4386.044240952363,58.422096721998216,36.71764276018604,2.2750000000000004,0.01891832355274579,3.3976222494576897e+25,-0.5,-5.0,,,,,,,,,,,,,,,,,,,,,,,,,,,,,,,,,,,,,,,,,,,,,,,,,-2.507672809315606,,9,,,1,40,sigma_box,curvature,,3,150757177.98980036,4086.044240952363,9.999990016053713e-09,9.98394628723611e-15,True,completed_requested_steps,-0.5,-0.5,-0.45,direct_preferred_endpoint,49,sigma_box_lower_supported
0.4579217954381237,0.447,0,0,158.96618554113616,4590.059252070576,4271.97914961689,0,0,2840.0830096093905,2824.1275161065614,2833.0591159008577,0.024139822602272036,0.0,0.5125628250934837,0.4896382752980041,4,50,0.0,-0.1,132,10.2,1303.1447641991224,4590.059252070576,72.33881157153604,0.1734697727255258,0.37530533787502696,0.6163516395254951,58.7318324049776,-13.652942707066197,0.7129365889995825,reverse_rollout_failed,0.0007799988433498129,4,0.11829756434392236,0.11829756434392236,1000000.0,0.025350206767326612,2.986056059358767,0.027307743004273268,-2.9204164447864445,7948.161222524812,1.0,2524.1275161065614,False,lbfgsb_seed_1,10.2,0.0,0.0,1.02443354684144,0.0,0.0,0.11829756434392236,0.11829756434392236,1000000.0,920.0,0.0,0.5125628250934837,0.0,4590.059252070576,0.0,158.96618554113616,2824.1275161065614,0.0,-1000920.0,-919.881702435656,0.447,0.6253016996904546,7948.161212524812,4590.059252070576,2824.1275161065614,72.33881157153608,37.96730869845831,0.0,0.5125628250934837,3.21299999997667e+25,0.0,0.0,0.4579217954381237,0.5070041353465322,158.96618554113616,4271.97914961689,2834.749453845764,67.65418473270117,38.58616638773747,0.024139822602272036,0.4896382752980041,3.2770531860082758e+25,-0.020699113011360154,-0.4,0.0007799888433498128,-0.019159211367989926,False,26,158.96619554113616,2534.749453845764,-0.0007799888433498128,0.0007799988433498129,0.019159211367989926,True,-0.020699113011360154,0.0007799888433498128,-0.019159211367989926,False,26,158.96619554113616,2534.749453845764,-0.0007799888433498128,0.0007799988433498129,0.019159211367989926,True,-0.020699113011360154,0,0.003619803440531504,-0.018937293000475863,False,29,171.22182954967164,2535.071173969025,-0.003619803440531504,0.003619813440531504,0.018937293000475863,True,-0.12069911301136016,41,0.0007799888433498128,-0.019159211367989926,False,26,158.96619554113616,2534.749453845764,-0.0007799888433498128,0.0007799988433498129,0.019159211367989926,True,-0.020699113011360154,-0.020699113011360154,-0.12069911301136016,-1000000.0,,2,1,1,,,curvature,curvature,no feasible sigma on scan grid,26,158.96619554113616,2534.749453845764,-0.0007799888433498128,0.0007799988433498129,False,no_feasible_sigma,-0.020699113011360154,-0.12069911301136016,-0.020699113011360154,legacy_scan,3,no_feasible_sigma
0.4580269488705034,0.447,0,0,158.14675986156158,4590.059252070576,4271.707209528012,0,0,2841.225369682424,2825.2200834142,2834.142691783889,0.024369428098201765,0.0,0.5117785832984524,0.48880620153565485,4,50,0.0,-0.1,133,10.2,1303.1447641991224,4590.059252070576,72.33881157153604,0.1734697727255258,0.37530533787502696,0.6163516395254951,58.73331866259494,-13.652942707066197,0.7134948330058251,reverse_rollout_failed,0.0008054178390753022,4,0.11831300472855477,0.11831300472855477,1000000.0,0.025318007966292112,2.986995969597452,0.0269679474306688,-2.9209689202658584,7934.98917767465,1.0,2525.2200834142,False,lbfgsb_seed_1,10.2,0.0,0.0,1.0246687894194706,0.0,0.0,0.11831300472855477,0.11831300472855477,1000000.0,920.0,0.0,0.5117785832984524,0.0,4590.059252070576,0.0,158.14675986156158,2825.2200834142,0.0,-1000920.0,-919.8816869952715,0.447,0.624673164054397,7934.98916767465,4590.059252070576,2825.2200834142,72.33881157153606,37.910921410094964,0.0,0.5117785832984524,3.2177788961568646e+25,0.0,0.0,0.4580269488705034,0.5063601593258422,158.14675986156158,4271.707209528012,2835.7807945742375,67.66574863337264,38.53195466080616,0.024369428098201765,0.48880620153565485,3.2817682223098264e+25,-0.02184714049100879,-0.4,0.0008054078390753021,-0.019222584458275405,False,28,158.14676986156158,2535.7807945742375,-0.0008054078390753021,0.0008054178390753022,0.019222584458275405,True,-0.02184714049100879,0.0008054078390753021,-0.019222584458275405,False,28,158.14676986156158,2535.7807945742375,-0.0008054078390753021,0.0008054178390753022,0.019222584458275405,True,-0.02184714049100879,0,0.003645598427478323,-0.018993274233591873,False,23,170.27681104085994,2536.0852505647717,-0.003645598427478323,0.003645608427478323,0.018993274233591873,True,-0.1218471404910088,41,0.0008054078390753021,-0.019222584458275405,False,28,158.14676986156158,2535.7807945742375,-0.0008054078390753021,0.0008054178390753022,0.019222584458275405,True,-0.02184714049100879,-0.02184714049100879,-0.1218471404910088,-1000000.0,,2,1,1,,,curvature,curvature,no feasible sigma on scan grid,28,158.14676986156158,2535.7807945742375,-0.0008054078390753021,0.0008054178390753022,False,no_feasible_sigma,-0.02184714049100879,-0.1218471404910088,-0.02184714049100879,legacy_scan,3,no_feasible_sigma
0.4587928107787112,0.447,0,0,180.4989321571677,4596.559252070574,4273.299496232132,0,0,2845.502020347836,2828.835352724463,2837.850136023349,0.02604012089967728,0.0,0.5121451706540776,0.4883575852892133,4,50,0.0,-0.1,134,10.2,1303.1447641991224,4596.559252070576,72.33881157153604,0.1734697727255258,0.37530533787502696,0.6163516395254951,58.7318324049776,-13.652942707066197,0.7095672279974679,reverse_rollout_failed,0.0009913916475604227,4,0.11982025916255057,0.11982025916255057,1000000.0,0.02525371639035875,2.98149462971221,0.025836886175589848,-2.912764973115608,8314.25278943782,1.0,2528.835352724463,False,lbfgsb_seed_1,10.2,0.0,0.0,1.0263821270217253,0.0,0.0,0.11982025916255057,0.11982025916255057,1000000.0,920.0,0.0,0.5121451706540776,0.0,4596.559252070574,0.0,180.4989321571677,2828.835352724463,0.0,-1000920.0,-919.8801797408374,0.447,0.6248945869697256,8314.25277943782,4596.559252070574,2828.835352724463,72.33881157153662,37.940454392839115,0.0,0.5121451706540776,3.21299999997667e+25,0.0,0.0,0.4587928107787112,0.505074327807175,180.4989321571677,4273.299496232132,2839.2614353193676,67.7163400651264,38.582475271637,0.02604012089967728,0.4883575852892133,3.276860342999778e+25,-0.030200604498386394,-0.4,0.0009913816475604228,-0.019843933288889337,False,25,180.4989421571677,2539.2614353193676,-0.0009913816475604228,0.0009913916475604227,0.019843933288889337,True,-0.030200604498386394,0.0009913816475604228,-0.019843933288889337,False,25,180.4989421571677,2539.2614353193676,-0.0009913816475604228,0.0009913916475604227,0.019843933288889337,True,-0.030200604498386394,0,0.0038402084336715742,-0.01960225211976252,False,23,192.81580526251471,2539.5323401939922,-0.0038402084336715742,0.003840218433671574,0.01960225211976252,True,-0.13020060449838639,41,0.0009913816475604228,-0.019843933288889337,False,25,180.4989421571677,2539.2614353193676,-0.0009913816475604228,0.0009913916475604227,0.019843933288889337,True,-0.030200604498386394,-0.030200604498386394,-0.13020060449838639,-1000000.0,,2,1,1,,,curvature,curvature,no feasible sigma on scan grid,25,180.4989421571677,2539.2614353193676,-0.0009913816475604228,0.0009913916475604227,False,no_feasible_sigma,-0.030200604498386394,-0.13020060449838639,-0.030200604498386394,legacy_scan,3,no_feasible_sigma
0.4576761619624667,0.447,0,0,148.0284568565305,4590.059252070576,4272.191788446938,0,0,2833.219090095585,2817.4732055529375,2826.398726803373,0.02360326945781708,0.0,0.5132270362403554,0.49049102359547353,4,50,0.0,-0.1,135,10.2,1303.1447641991224,4590.059252070576,72.51381157153604,0.1734697727255258,0.37530533787502696,0.6163516395254951,58.7318324049776,-13.652942707066197,0.7291385419957805,reverse_rollout_failed,0.0007202017034205083,4,0.1184835398357913,0.1184835398357913,1000000.0,0.02553283993784904,2.9853212159101923,0.029571622323489186,-2.921942138335739,7888.39581556472,1.0,2517.4732055529375,False,lbfgsb_seed_1,10.2,0.0,0.0,1.0238840312359434,0.0,0.0,0.1184835398357913,0.1184835398357913,1000000.0,920.0,0.0,0.5132270362403554,0.0,4590.059252070576,0.0,148.0284568565305,2817.4732055529375,0.0,-1000920.0,-919.8815164601642,0.447,0.6291403385927721,7888.39580556472,4590.059252070576,2817.4732055529375,72.51381157153617,37.96730869845831,0.0,0.5132270362403554,3.21299999997667e+25,0.0,0.0,0.4576761619624667,0.5106567987569808,148.0284568565305,4272.191788446938,2828.035985382147,67.82375050504258,38.5814427715533,0.02360326945781708,0.49049102359547353,3.277372838275521e+25,-0.018016347289085383,-0.4,0.0007201917034205083,-0.01905251596468127,False,27,148.0284668565305,2528.035985382147,-0.0007201917034205083,0.0007202017034205083,0.01905251596468127,True,-0.018016347289085383,0.0007201917034205083,-0.01905251596468127,False,27,148.0284668565305,2528.035985382147,-0.0007201917034205083,0.0007202017034205083,0.01905251596468127,True,-0.018016347289085383,0,0.003537101986517866,-0.018867716957352343,False,26,160.08707508544788,2528.4184373067137,-0.003537101986517866,0.003537111986517866,0.018867716957352343,True,-0.11801634728908539,41,0.0007201917034205083,-0.01905251596468127,False,27,148.0284668565305,2528.035985382147,-0.0007201917034205083,0.0007202017034205083,0.01905251596468127,True,-0.018016347289085383,-0.018016347289085383,-0.11801634728908539,-1000000.0,,2,1,1,,,curvature,curvature,no feasible sigma on scan grid,27,148.0284668565305,2528.035985382147,-0.0007201917034205083,0.0007202017034205083,False,no_feasible_sigma,-0.018016347289085383,-0.11801634728908539,-0.018016347289085383,legacy_scan,3,no_feasible_sigma
0.45752116896084544,0.447,0,0,148.97195935785044,4590.059252070576,4272.573795902916,0,0,2831.652966562438,2815.987371676475,2824.927455656295,0.023264559984207157,0.0,0.5144848075164803,0.4918146936319058,4,50,0.0,-0.1,136,10.2,1306.1447641991224,4590.059252070576,72.33881157153604,0.1734697727255258,0.37530533787502696,0.6163516395254951,58.7318324049776,-13.652942707066197,0.7397351110121235,reverse_rollout_failed,0.0006831584696245783,4,0.11846101050283653,0.11846101050283653,1000000.0,0.02557694656713777,2.9840012906012614,0.03005428805811729,-2.92117151472368,7875.137431329764,1.0,2515.987371676475,False,lbfgsb_seed_1,10.2,0.0,0.0,1.0235372907401463,0.0,0.0,0.11846101050283653,0.11846101050283653,1000000.0,920.0,0.0,0.5144848075164803,0.0,4590.059252070576,0.0,148.97195935785044,2815.987371676475,0.0,-1000920.0,-919.8815389894971,0.447,0.6299999418455919,7875.137421329764,4590.059252070576,2815.987371676475,72.3388115715364,37.96730869845831,0.0,0.5144848075164803,3.21299999997667e+25,0.0,0.0,0.45752116896084544,0.5115389313427554,148.97195935785044,4272.573795902916,2826.6382739526475,67.64024427453155,38.57683150372015,0.023264559984207157,0.4918146936319058,3.2776180634218486e+25,-0.01632279992103576,-0.4,0.0006831484696245782,-0.018954041803650234,False,27,148.97196935785044,2526.6382739526475,-0.0006831484696245782,0.0006831584696245783,0.018954041803650234,True,-0.01632279992103576,0.0006831484696245782,-0.018954041803650234,False,27,148.97196935785044,2526.6382739526475,-0.0006831484696245782,0.0006831584696245783,0.018954041803650234,True,-0.01632279992103576,0,0.003500495259827076,-0.01877951479910478,False,26,161.1844097132205,2527.046089780939,-0.003500495259827076,0.0035005052598270758,0.01877951479910478,True,-0.11632279992103577,41,0.0006831484696245782,-0.018954041803650234,False,27,148.97196935785044,2526.6382739526475,-0.0006831484696245782,0.0006831584696245783,0.018954041803650234,True,-0.01632279992103576,-0.01632279992103576,-0.11632279992103577,-1000000.0,,2,1,1,,,curvature,curvature,no feasible sigma on scan grid,27,148.97196935785044,2526.6382739526475,-0.0006831484696245782,0.0006831584696245783,False,no_feasible_sigma,-0.01632279992103576,-0.11632279992103577,-0.01632279992103576,legacy_scan,3,no_feasible_sigma
0.4591446482893304,0.447,0,0,187.99820497516157,4590.059252070576,4271.277335059054,0,0,2873.9417278435158,2857.2671742900548,2866.1708356696677,0.02680670368671418,0.0,0.5047776309491534,0.4812208407808345,4,50,0.0,-0.1,137,10.2,1303.1447641991224,4590.059252070576,72.33881157153604,0.1734697727255258,0.37530533787502696,0.6163516395254951,58.7318324049776,-13.643442707066196,0.6744445689982967,reverse_rollout_failed,0.0010939480789345449,4,0.11708592863919254,0.11708592863919254,1000000.0,0.024468245565028603,2.988482052280525,0.017463236675072526,-2.9133276058814337,8076.7344513607495,1.0,2557.2671742900548,False,lbfgsb_seed_1,10.2,0.0,0.0,1.0271692355466004,0.0,0.0,0.11708592863919254,0.11708592863919254,1000000.0,920.0,0.0,0.5047776309491534,0.0,4590.059252070576,0.0,187.99820497516157,2857.2671742900548,0.0,-1000920.0,-919.8829140713608,0.447,0.6064508399397646,8076.73444136075,4590.059252070576,2857.2671742900548,72.33881157153608,37.96730869845831,0.0,0.5047776309491534,3.21299999997667e+25,0.0,0.0,0.4591446482893304,0.489364911300572,187.99820497516157,4271.277335059054,2867.851459807259,67.66336207744848,38.61262297268561,0.02680670368671418,0.4812208407808345,3.27507684689047e+25,-0.034033518433570886,-0.4,0.001093938078934545,-0.019606866740498274,False,26,187.99821497516157,2567.851459807259,-0.001093938078934545,0.0010939480789345449,0.019606866740498274,True,-0.034033518433570886,0.001093938078934545,-0.019606866740498274,False,26,187.99821497516157,2567.851459807259,-0.001093938078934545,0.0010939480789345449,0.019606866740498274,True,-0.034033518433570886,0,0.004027041280984907,-0.01919144086671909,False,28,200.3969131935751,2567.8253248388687,-0.004027041280984907,0.004027051280984907,0.01919144086671909,True,-0.1340335184335709,41,0.001093938078934545,-0.019606866740498274,False,26,187.99821497516157,2567.851459807259,-0.001093938078934545,0.0010939480789345449,0.019606866740498274,True,-0.034033518433570886,-0.034033518433570886,-0.1340335184335709,-1000000.0,,2,1,1,,,curvature,curvature,no feasible sigma on scan grid,26,187.99821497516157,2567.851459807259,-0.001093938078934545,0.0010939480789345449,False,no_feasible_sigma,-0.034033518433570886,-0.1340335184335709,-0.034033518433570886,legacy_scan,3,no_feasible_sigma
4.348379798614269,0.447,0,0,41843.170716764085,4603.594911875732,4382.1699738852485,0,0,4380.065149266621,4222.020314474375,4227.308194065015,2.2750000000000004,0.0,0.19948797673184349,0.019103898199464578,50,50,0.0,-0.5,138,10.2,1246.3912066736114,4603.594911875731,69.69119220729777,0.1734697727255258,0.37530533787502696,0.6163516395254951,58.735583683874644,-12.957141732158046,0.2162162150052609,,6.105487759105898e-12,50,0.08970695614882529,0.08970695614882529,0.0,3.351483390134913e-05,2.6146854672257875,0.0,-2.525012025910864,40931.977290539646,1.0,3922.0203144743746,True,lbfgsb_seed_1,10.2,0.0,0.0,9.727919012559887,0.0,0.0,0.08970695614882529,0.08970695614882529,0.0,0.0,0.0,0.19948797673184349,0.0,4603.594911875732,0.0,41843.170716764085,4222.020314474375,0.0,0.08970695614882529,0.08970695614882529,0.447,0.09037725282685227,40931.97728053964,4603.594911875732,4222.020314474375,69.691192207298,37.76950115470127,0.0,0.19948797673184349,3.225075494185456e+25,0.0,0.0,4.348379798614269,0.0006702966780269826,143460227.90182576,4383.001092385716,4380.065149266621,58.25504257396383,36.72902094423783,2.2750000000000004,0.019103898199464578,3.3988699179992184e+25,-0.5,-5.0,,,,,,,,,,,,,,,,,,,,,,,,,,,,,,,,,,,,,,,,,,,,,,,,,-2.525012025910864,,9,,,1,40,sigma_box,curvature,,3,143460227.90183577,4080.065149266621,9.999997820076053e-09,2.1799239460899393e-15,True,completed_requested_steps,-0.5,-0.5,-0.45,direct_preferred_endpoint,49,sigma_box_lower_supported
4.348379798614269,0.447,0,0,41775.397677007095,4603.594911875732,4382.264566600599,0,0,4380.16071026687,4222.2654654883045,4227.550525912468,2.2750000000000004,0.0,0.19921558058538089,0.01907897001744151,50,50,0.0,-0.5,139,10.2,1246.3912066736114,4603.594911875731,69.69119220729777,0.1734697727255258,0.37530533787502696,0.6163516395254951,58.73706994149199,-12.957141732158046,0.21998850601084996,,6.0734791068641475e-12,50,0.08964385673871766,0.08964385673871766,0.0,3.3504358140012956e-05,2.6143791928513442,0.0,-2.5247688404707667,40865.181660382026,1.0,3922.2654654883045,True,lbfgsb_seed_1,10.2,0.0,0.0,9.727919012559887,0.0,0.0,0.08964385673871766,0.08964385673871766,0.0,0.0,0.0,0.19921558058538089,0.0,4603.594911875732,0.0,41775.397677007095,4222.2654654883045,0.0,0.08964385673871766,0.08964385673871766,0.447,0.09031394390151792,40865.18165038202,4603.594911875732,4222.2654654883045,69.6911922072979,37.713407640939856,0.0,0.19921558058538089,3.2298723510046865e+25,0.0,0.0,4.348379798614269,0.0006700871628002592,143233345.706692,4383.095799729822,4380.16071026687,58.27425966809649,36.67563737605663,2.2750000000000004,0.01907897001744151,3.4037804009728834e+25,-0.5,-5.0,,,,,,,,,,,,,,,,,,,,,,,,,,,,,,,,,,,,,,,,,,,,,,,,,-2.5247688404707667,,9,,,1,40,sigma_box,curvature,,3,143233345.70670202,4080.1607102668704,9.999996367819801e-09,3.6321801989119e-15,True,completed_requested_steps,-0.5,-0.5,-0.45,direct_preferred_endpoint,49,sigma_box_lower_supported
4.348379798614269,0.447,0,0,43526.60680399042,4610.094911875734,4388.529297901263,0,0,4386.406498671409,4228.1756484189755,4233.466113404475,2.2750000000000004,0.0,0.1993365782699943,0.01908952833002507,50,50,0.0,-0.5,140,10.2,1246.3912066736114,4610.094911875731,69.69119220729777,0.1734697727255258,0.37530533787502696,0.6163516395254951,58.735583683874644,-12.957141732158046,0.2189538810052909,,5.8998937664853505e-12,50,0.08965489591539422,0.08965489591539422,0.0,3.3615157246535965e-05,2.5941757261401364,0.0,-2.504554445381989,42579.56555968437,1.0,3928.1756484189755,True,lbfgsb_seed_1,10.2,0.0,0.0,9.727919012559887,0.0,0.0,0.08965489591539422,0.08965489591539422,0.0,0.0,0.0,0.1993365782699943,0.0,4610.094911875734,0.0,43526.60680399042,4228.1756484189755,0.0,0.08965489591539422,0.08965489591539422,0.447,0.09032719906032494,42579.56554968437,4610.094911875734,4228.1756484189755,69.69119220729728,37.74286522208917,0.0,0.1993365782699943,3.225075494185456e+25,0.0,0.0,4.348379798614269,0.0006723031449307193,148324255.0077532,4389.35549355541,4386.406498671409,58.41060125677004,36.70248709479125,2.2750000000000004,0.01908952833002507,3.3988641955408517e+25,-0.5,-5.0,,,,,,,,,,,,,,,,,,,,,,,,,,,,,,,,,,,,,,,,,,,,,,,,,-2.504554445381989,,9,,,1,40,sigma_box,curvature,,3,148324255.0077632,4086.4064986714093,9.99999585609802e-09,4.143901980233952e-15,True,completed_requested_steps,-0.5,-0.5,-0.45,direct_preferred_endpoint,49,sigma_box_lower_supported
4.348379798614269,0.447,0,0,41520.75332849898,4603.594911875732,4380.969197993878,0,0,4378.85326291447,4220.548817469357,4225.84847831714,2.2750000000000004,0.0,0.19954607028125032,0.01910697067125191,50,50,0.0,-0.5,141,10.2,1246.3912066736114,4603.594911875731,69.86619220729777,0.1734697727255258,0.37530533787502696,0.6163516395254951,58.735583683874644,-12.957141732158046,0.2170776169950841,,6.28106249538173e-12,50,0.09008518751283923,0.09008518751283923,0.0,3.361130151856573e-05,2.6185814603638247,0.0,-2.528529884152504,40621.19501828224,1.0,3920.5488174693573,True,lbfgsb_seed_1,10.2,0.0,0.0,9.727919012559887,0.0,0.0,0.09008518751283923,0.09008518751283923,0.0,0.0,0.0,0.19954607028125032,0.0,4603.594911875732,0.0,41520.75332849898,4220.548817469357,0.0,0.09008518751283923,0.09008518751283923,0.447,0.09075741354321054,40621.19500828224,4603.594911875732,4220.548817469357,69.86619220729794,37.76950115470127,0.0,0.19954607028125032,3.225075494185456e+25,0.0,0.0,4.348379798614269,0.0006722260303713146,141552924.48649698,4381.796842060978,4378.85326291447,58.36864259833072,36.73059946852313,2.2750000000000004,0.01910697067125191,3.3991908530663313e+25,-0.5,-5.0,,,,,,,,,,,,,,,,,,,,,,,,,,,,,,,,,,,,,,,,,,,,,,,,,-2.528529884152504,,9,,,1,40,sigma_box,curvature,,3,141552924.486507,4078.85326291447,9.999998038075072e-09,1.9619249287646636e-15,True,completed_requested_steps,-0.5,-0.5,-0.45,direct_preferred_endpoint,49,sigma_box_lower_supported
4.348379798614269,0.447,0,0,41441.07312690563,4603.594911875732,4380.838920842275,0,0,4378.721148970554,4220.18124270954,4225.484726250851,2.2750000000000004,0.0,0.20001170044592914,0.019149597866084927,50,50,0.0,-0.5,142,10.2,1249.3912066736114,4603.594911875731,69.69119220729777,0.1734697727255258,0.37530533787502696,0.6163516395254951,58.735583683874644,-12.957141732158046,0.2165082550054649,,6.3219536204152196e-12,50,0.09017990249412988,0.09017990249412988,0.0,3.362576187920796e-05,2.6190052408891256,0.0,-2.528858964156875,40544.11245196073,1.0,3920.18124270954,True,lbfgsb_seed_1,10.2,0.0,0.0,9.727919012559887,0.0,0.0,0.09017990249412988,0.09017990249412988,0.0,0.0,0.0,0.20001170044592914,0.0,4603.594911875732,0.0,41441.07312690563,4220.18124270954,0.0,0.09017990249412988,0.09017990249412988,0.447,0.09085241773171404,40544.11244196073,4603.594911875732,4220.18124270954,69.691192207298,37.76950115470127,0.0,0.20001170044592914,3.225075494185456e+25,0.0,0.0,4.348379798614269,0.0006725152375841592,141296480.73330104,4381.665905664369,4378.721148970554,58.189978578869535,36.728438514234774,2.2750000000000004,0.019149597866084927,3.399441639108095e+25,-0.5,-5.0,,,,,,,,,,,,,,,,,,,,,,,,,,,,,,,,,,,,,,,,,,,,,,,,,-2.528858964156875,,9,,,1,40,sigma_box,curvature,,3,141296480.73331106,4078.721148970554,9.999997077214255e-09,2.9227857455215123e-15,True,completed_requested_steps,-0.5,-0.5,-0.45,direct_preferred_endpoint,49,sigma_box_lower_supported
4.348379798614269,0.447,0,0,42643.165781603064,4603.594911875732,4388.046359951114,0,0,4386.044228794253,4229.161743891305,4234.432838328923,2.2750000000000004,0.0,0.19744546641119523,0.018918323912945588,50,50,0.0,-0.5,143,10.2,1246.3912066736114,4603.594911875731,69.69119220729777,0.1734697727255258,0.37530533787502696,0.6163516395254951,58.735583683874644,-12.947641732158047,0.22010956500889733,,5.337792987528225e-12,50,0.08787590082347596,0.08787590082347596,0.0,3.30061863420994e-05,2.59551573921716,0.0,-2.5076728445800267,41683.074625378045,1.0,3929.1617438913054,True,lbfgsb_seed_1,10.2,0.0,0.0,9.727919012559887,0.0,0.0,0.08787590082347596,0.08787590082347596,0.0,0.0,0.0,0.19744546641119523,0.0,4603.594911875732,0.0,42643.165781603064,4229.161743891305,0.0,0.08787590082347596,0.08787590082347596,0.447,0.08853602455031795,41683.07461537804,4603.594911875732,4229.161743891305,69.691192207298,37.76950115470127,0.0,0.19744546641119523,3.225075494185456e+25,0.0,0.0,4.348379798614269,0.0006601237268419879,150757162.4059795,4388.939560656659,4386.044228794253,58.422096428107494,36.71764278560588,2.2750000000000004,0.018918323912945588,3.3976222517804695e+25,-0.5,-5.0,,,,,,,,,,,,,,,,,,,,,,,,,,,,,,,,,,,,,,,,,,,,,,,,,-2.5076728445800267,,9,,,1,40,sigma_box,curvature,,3,150757162.40598953,4086.0442287942533,9.999992906543981e-09,7.093456018968634e-15,True,completed_requested_steps,-0.5,-0.5,-0.45,direct_preferred_endpoint,49,sigma_box_lower_supported
4.348379798614269,0.447,0,0,6320.892176827652,4596.827081973154,3996.0934294717963,0,0,3992.733209681859,3775.760422570257,3782.3197507625637,2.2750000000000004,0.0,0.3058047343214951,0.028381199954527543,50,50,0.0,-0.5,144,10.2,1274.7679854363669,4596.827081973153,71.01500188941691,0.1734697727255258,0.37530533787502696,0.6163516395254951,58.73370804442612,-13.30504221961212,0.22208699099428486,,3.420892887628656e-12,50,0.21661465001467106,0.21661465001467106,0.0,4.213239947078451e-05,4.01562451494162,0.0,-3.799051997326419,17699.236811424205,1.0,3475.760422570257,True,lbfgsb_seed_1,10.2,0.0,0.0,9.727919012559887,0.0,0.0,0.21661465001467106,0.21661465001467106,0.0,0.0,0.0,0.3058047343214951,0.0,4596.827081973154,0.0,6320.892176827652,3775.760422570257,0.0,0.21661465001467106,0.21661465001467106,0.447,0.21745729800408675,17699.236801424206,4596.827081973154,3775.760422570257,71.01500188941701,37.86825524814021,0.0,0.3058047343214951,3.2190320847643984e+25,0.0,0.0,4.348379798614269,0.0008426479894156902,13104300.165470105,3996.0976782932707,3992.733209681859,36.39256169126876,37.7073279335574,2.2750000000000004,0.028381199954527543,3.467255767347034e+25,-0.5,-5.0,,,,,,,,,,,,,,,,,,,,,,,,,,,,,,,,,,,,,,,,,,,,,,,,,-3.799051997326419,,9,,,1,40,sigma_box,curvature,,3,13104300.165480105,3692.733209681859,9.999997439209454e-09,2.560790545878627e-15,True,completed_requested_steps,-0.5,-0.5,-0.45,direct_preferred_endpoint,49,sigma_box_lower_supported
4.348379798614269,0.447,0,0,6325.678125180257,4596.827081973154,3996.3840344949936,0,0,3993.0198637173485,3776.2784421446077,3782.8317291480985,2.2750000000000004,0.0,0.3053749228027495,0.028344671169917585,50,50,0.0,-0.5,145,10.2,1274.7679854363669,4596.827081973153,71.01500188941691,0.1734697727255258,0.37530533787502696,0.6163516395254951,58.73519430204346,-13.30504221961212,0.22416341399366502,,3.5033223511881345e-12,50,0.21644673282337878,0.21644673282337878,0.0,4.217788550012758e-05,4.014460219414616,0.0,-3.798055664476737,17669.907415562382,1.0,3476.2784421446077,True,lbfgsb_seed_1,10.2,0.0,0.0,9.727919012559887,0.0,0.0,0.21644673282337878,0.21644673282337878,0.0,0.0,0.0,0.3053749228027495,0.0,4596.827081973154,0.0,6325.678125180257,3776.2784421446077,0.0,0.21644673282337878,0.21644673282337878,0.447,0.21729029053338134,17669.907405562382,4596.827081973154,3776.2784421446077,71.01500188941661,37.812015069373444,0.0,0.3053749228027495,3.2238199528421813e+25,0.0,0.0,4.348379798614269,0.0008435577100025515,13068947.532822274,3996.388206409581,3993.0198637173485,36.48693326201328,37.65319222710021,2.2750000000000004,0.028344671169917585,3.472114584406848e+25,-0.5,-5.0,,,,,,,,,,,,,,,,,,,,,,,,,,,,,,,,,,,,,,,,,,,,,,,,,-3.798055664476737,,9,,,1,40,sigma_box,curvature,,3,13068947.532832274,3693.0198637173485,9.999998372537944e-09,1.627462055693405e-15,True,completed_requested_steps,-0.5,-0.5,-0.45,direct_preferred_endpoint,49,sigma_box_lower_supported
4.348379798614269,0.447,0,0,6691.623957273645,4603.327081973156,4002.833893290138,0,0,3999.4014145481474,3781.4667743961268,3788.0292675117207,2.2750000000000004,0.0,0.3055730347403287,0.02835167440103677,50,50,0.0,-0.5,146,10.2,1274.7679854363669,4603.327081973153,71.01500188941691,0.1734697727255258,0.37530533787502696,0.6163516395254951,58.73370804442612,-13.30504221961212,0.22493910499906633,,4.2839046889734205e-12,50,0.2164801981863318,0.2164801981863318,0.0,4.294141684274555e-05,3.9886631888551203,0.0,-3.7722259320856315,18444.664990981142,1.0,3481.4667743961268,True,lbfgsb_seed_1,10.2,0.0,0.0,9.727919012559887,0.0,0.0,0.2164801981863318,0.2164801981863318,0.0,0.0,0.0,0.3055730347403287,0.0,4603.327081973156,0.0,6691.623957273645,3781.4667743961268,0.0,0.2164801981863318,0.2164801981863318,0.447,0.2173390265231867,18444.664980981142,4603.327081973156,3781.4667743961268,71.01500188941681,37.84151039531969,0.0,0.3055730347403287,3.2190320847643984e+25,0.0,0.0,4.348379798614269,0.000858828336854911,13221289.177861653,4002.836213813419,3999.4014145481474,37.193818430174844,37.66790396502663,2.2750000000000004,0.02835167440103677,3.467961921345296e+25,-0.5,-5.0,,,,,,,,,,,,,,,,,,,,,,,,,,,,,,,,,,,,,,,,,,,,,,,,,-3.7722259320856315,,9,,,1,40,sigma_box,curvature,,3,13221289.177871654,3699.4014145481474,9.999993805946269e-09,6.194053730727448e-15,True,completed_requested_steps,-0.5,-0.5,-0.45,direct_preferred_endpoint,49,sigma_box_lower_supported
4.348379798614269,0.447,0,0,6155.281560371689,4596.827081973154,3992.8758695469483,0,0,3989.5368113340164,3772.6305405604444,3779.2033800921145,2.2750000000000004,0.0,0.3059671095414243,0.028394926967163264,50,50,0.0,-0.5,147,10.2,1274.7679854363669,4596.827081973153,71.1900018894169,0.1734697727255258,0.37530533787502696,0.6163516395254951,58.73370804442612,-13.30504221961212,0.2246000519953668,,3.216719923749975e-12,50,0.21762918782663565,0.21762918782663565,0.0,4.190737559089941e-05,4.028528158662223,0.0,-3.810940878211178,17566.293293891904,1.0,3472.6305405604444,True,lbfgsb_seed_1,10.2,0.0,0.0,9.727919012559887,0.0,0.0,0.21762918782663565,0.21762918782663565,0.0,0.0,0.0,0.3059671095414243,0.0,4596.827081973154,0.0,6155.281560371689,3772.6305405604444,0.0,0.21762918782663565,0.21762918782663565,0.447,0.21846733533845364,17566.293283891904,4596.827081973154,3772.6305405604444,71.19000188941698,37.86825524814021,0.0,0.3059671095414243,3.2190320847643984e+25,0.0,0.0,4.348379798614269,0.0008381475118179882,12948675.63472083,3992.8806316857426,3989.5368113340164,36.154134765750285,37.72126727076812,2.2750000000000004,0.028394926967163264,3.467370473368341e+25,-0.5,-5.0,,,,,,,,,,,,,,,,,,,,,,,,,,,,,,,,,,,,,,,,,,,,,,,,,-3.810940878211178,,9,,,1,40,sigma_box,curvature,,3,12948675.63473083,3689.5368113340164,9.999995004388723e-09,4.9956112769813706e-15,True,completed_requested_steps,-0.5,-0.5,-0.45,direct_preferred_endpoint,49,sigma_box_lower_supported
4.348379798614269,0.447,0,0,6125.033495398954,4596.827081973154,3992.5161404892756,0,0,3989.1823551384196,3771.891328874563,3778.473216229476,2.2750000000000004,0.0,0.3066815773373593,0.02845551179324926,50,50,0.0,-0.5,148,10.2,1277.7679854363669,4596.827081973153,71.01500188941691,0.1734697727255258,0.37530533787502696,0.6163516395254951,58.73370804442612,-13.30504221961212,0.22430667201115284,,9.307535005507207e-12,50,0.21786921559321604,0.21786921559321604,0.0,4.1845690909381176e-05,4.029972108185755,0.0,-3.812144738283449,17535.109030522115,1.0,3471.891328874563,True,lbfgsb_seed_1,10.2,0.0,0.0,9.727919012559887,0.0,0.0,0.21786921559321604,0.21786921559321604,0.0,0.0,0.0,0.3066815773373593,0.0,4596.827081973154,0.0,6125.033495398954,3771.891328874563,0.0,0.21786921559321604,0.21786921559321604,0.447,0.21870612941140366,17535.109020522115,4596.827081973154,3771.891328874563,71.0150018894167,37.86825524814021,0.0,0.3066815773373593,3.2190320847643984e+25,0.0,0.0,4.348379798614269,0.0008369138181876234,12950544.86785758,3992.520956974705,3989.1823551384196,35.92236875780916,37.71740413120616,2.2750000000000004,0.02845551179324926,3.467881807949948e+25,-0.5,-5.0,,,,,,,,,,,,,,,,,,,,,,,,,,,,,,,,,,,,,,,,,,,,,,,,,-3.812144738283449,,9,,,1,40,sigma_box,curvature,,3,12950544.86786758,3689.1823551384196,9.999995657337833e-09,4.342662166658934e-15,True,completed_requested_steps,-0.5,-0.5,-0.45,direct_preferred_endpoint,49,sigma_box_lower_supported
4.348379798614269,0.447,0,0,6988.396746137968,4596.827081973154,4010.5393917351635,0,0,4007.1062065242277,3791.1512640157757,3797.6697726807643,2.2750000000000004,0.0,0.3023095166330244,0.02807948864263131,50,50,0.0,-0.5,149,10.2,1274.7679854363669,4596.827081973153,71.01500188941691,0.1734697727255258,0.37530533787502696,0.6163516395254951,58.73370804442612,-13.295542219612122,0.22253136899962556,,4.246030619145031e-12,50,0.21165681446384998,0.21165681446384998,0.0,4.2900138225498985e-05,3.9579339236646214,0.0,-3.746320009338997,18009.46172819583,1.0,3491.1512640157757,True,lbfgsb_seed_1,10.2,0.0,0.0,9.727919012559887,0.0,0.0,0.21165681446384998,0.21165681446384998,0.0,0.0,0.0,0.3023095166330244,0.0,4596.827081973154,0.0,6988.396746137968,3791.1512640157757,0.0,0.21165681446384998,0.21165681446384998,0.447,0.21251481722835996,18009.46171819583,4596.827081973154,3791.1512640157757,71.01500188941733,37.86825524814021,0.0,0.3023095166330244,3.2190320847643984e+25,0.0,0.0,4.348379798614269,0.0008580027645099797,13756992.072414236,4010.5443147271108,4007.1062065242277,37.9152860459436,37.66083215686183,2.2750000000000004,0.02807948864263131,3.465278253189336e+25,-0.5,-5.0,,,,,,,,,,,,,,,,,,,,,,,,,,,,,,,,,,,,,,,,,,,,,,,,,-3.746320009338997,,9,,,1,40,sigma_box,curvature,,3,13756992.072424237,3707.1062065242277,9.999995426923522e-09,4.5730764785416695e-15,True,completed_requested_steps,-0.5,-0.5,-0.45,direct_preferred_endpoint,49,sigma_box_lower_supported
4.348379798614269,0.447,0,0,6320.891255408284,4596.827081746125,3996.0934092541033,0,0,3992.7331895760112,3775.7604012427487,3782.319729496482,2.2750000000000004,0.0,0.30580473899430616,0.028381200358223935,50,50,0.0,-0.5,150,10.2,1274.7679863882636,4596.827081746127,71.015001933824,0.1734697727255258,0.37530533787502696,0.6163516395254951,58.733708044363205,-13.305042231282416,0.2221485960035352,,3.4228624638789578e-12,50,0.21661465685524894,0.21661465685524894,0.0,4.213239827789428e-05,4.015624595971608,0.0,-3.7990520715146365,17699.236323359964,1.0,3475.7604012427487,True,lbfgsb_seed_1,10.2,0.0,0.0,9.727919012559887,0.0,0.0,0.21661465685524894,0.21661465685524894,0.0,0.0,0.0,0.30580473899430616,0.0,4596.827081746125,0.0,6320.891255408284,3775.7604012427487,0.0,0.21661465685524894,0.21661465685524894,0.447,0.21745730482080683,17699.236313359965,4596.827081746125,3775.7604012427487,71.01500193382398,37.868255251457946,0.0,0.30580473899430616,3.2190320845618615e+25,0.0,0.0,4.348379798614269,0.0008426479655578856,13104299.313108865,3996.0976580752226,3992.7331895760112,36.3925594993876,37.70732800304473,2.2750000000000004,0.028381200358223935,3.467255769728752e+25,-0.5,-5.0,,,,,,,,,,,,,,,,,,,,,,,,,,,,,,,,,,,,,,,,,,,,,,,,,-3.7990520715146365,,9,,,1,40,sigma_box,curvature,,3,13104299.313118866,3692.7331895760112,9.999997906356095e-09,2.093643905039661e-15,True,completed_requested_steps,-0.5,-0.5,-0.45,direct_preferred_endpoint,49,sigma_box_lower_supported
4.348379798614269,0.447,0,0,6325.677205185282,4596.827081746125,3996.384014295771,0,0,3993.0198436296714,3776.278420830067,3782.831707894827,2.2750000000000004,0.0,0.30537492746834854,0.02834467157303186,50,50,0.0,-0.5,151,10.2,1274.7679863882636,4596.827081746127,71.015001933824,0.1734697727255258,0.37530533787502696,0.6163516395254951,58.73519430198054,-13.305042231282416,0.2253406090021599,,3.5073300220889557e-12,50,0.21644673965781336,0.21644673965781336,0.0,4.21778843114784e-05,4.014460300358724,0.0,-3.798055738585222,17669.90692829688,1.0,3476.278420830067,True,lbfgsb_seed_1,10.2,0.0,0.0,9.727919012559887,0.0,0.0,0.21644673965781336,0.21644673965781336,0.0,0.0,0.0,0.30537492746834854,0.0,4596.827081746125,0.0,6325.677205185282,3776.278420830067,0.0,0.21644673965781336,0.21644673965781336,0.447,0.21729029734404293,17669.90691829688,4596.827081746125,3776.278420830067,71.01500193382446,37.81201507268625,0.0,0.30537492746834854,3.2238199526393433e+25,0.0,0.0,4.348379798614269,0.000843557686229568,13068946.681329135,3996.3881862100325,3993.0198436296714,36.48693107873191,37.653192296403326,2.2750000000000004,0.02834467157303186,3.4721145867910154e+25,-0.5,-5.0,,,,,,,,,,,,,,,,,,,,,,,,,,,,,,,,,,,,,,,,,,,,,,,,,-3.798055738585222,,9,,,1,40,sigma_box,curvature,,3,13068946.681339135,3693.0198436296714,9.999995129121511e-09,4.870878489622375e-15,True,completed_requested_steps,-0.5,-0.5,-0.45,direct_preferred_endpoint,49,sigma_box_lower_supported
4.348379798614269,0.447,0,0,6691.623002953184,4603.327081746126,4002.833873173313,0,0,3999.4013945395814,3781.4667530467063,3788.0292462238835,2.2750000000000004,0.0,0.30557303940942654,0.028351674803014235,50,50,0.0,-0.5,152,10.2,1274.7679863882636,4603.327081746127,71.015001933824,0.1734697727255258,0.37530533787502696,0.6163516395254951,58.733708044363205,-13.305042231282416,0.22284275299170986,,4.283372659919816e-12,50,0.21648020502199095,0.21648020502199095,0.0,4.294141570079235e-05,3.988663269209377,0.0,-3.7722260056030867,18444.664483945206,1.0,3481.4667530467063,True,lbfgsb_seed_1,10.2,0.0,0.0,9.727919012559887,0.0,0.0,0.21648020502199095,0.21648020502199095,0.0,0.0,0.0,0.30557303940942654,0.0,4603.327081746126,0.0,6691.623002953184,3781.4667530467063,0.0,0.21648020502199095,0.21648020502199095,0.447,0.2173390333360068,18444.664473945206,4603.327081746126,3781.4667530467063,71.01500193382381,37.841510398633766,0.0,0.30557303940942654,3.2190320845618615e+25,0.0,0.0,4.348379798614269,0.000858828314015847,13221288.28427196,4002.8361936963265,3999.4013945395814,37.19381631209859,37.667904032666236,2.2750000000000004,0.028351674803014235,3.4679619238324215e+25,-0.5,-5.0,,,,,,,,,,,,,,,,,,,,,,,,,,,,,,,,,,,,,,,,,,,,,,,,,-3.7722260056030867,,9,,,1,40,sigma_box,curvature,,3,13221288.28428196,3699.4013945395814,9.99999864073159e-09,1.3592684090909275e-15,True,completed_requested_steps,-0.5,-0.5,-0.45,direct_preferred_endpoint,49,sigma_box_lower_supported
4.348379798614269,0.447,0,0,6155.280650073987,4596.827081746125,3992.875849178251,0,0,3989.5367910804257,3772.630519153709,3779.2033587468586,2.2750000000000004,0.0,0.3059671142206393,0.028394927372061413,50,50,0.0,-0.5,153,10.2,1274.7679863882636,4596.827081746127,71.19000193382399,0.1734697727255258,0.37530533787502696,0.6163516395254951,58.733708044363205,-13.305042231282416,0.22295561200007796,,3.2193047621178342e-12,50,0.2176291947049871,0.2176291947049871,0.0,4.1907374357008646e-05,4.028528240428329,0.0,-3.8109409530977,17566.292809524242,1.0,3472.630519153709,True,lbfgsb_seed_1,10.2,0.0,0.0,9.727919012559887,0.0,0.0,0.2176291947049871,0.2176291947049871,0.0,0.0,0.0,0.3059671142206393,0.0,4596.827081746125,0.0,6155.280650073987,3772.630519153709,0.0,0.2176291947049871,0.2176291947049871,0.447,0.21846734219212727,17566.292799524243,4596.827081746125,3772.630519153709,71.19000193382438,37.868255251457946,0.0,0.3059671142206393,3.2190320845618615e+25,0.0,0.0,4.348379798614269,0.0008381474871401728,12948674.806889985,3992.8806113167234,3989.5367910804257,36.15413252592537,37.72126734163451,2.2750000000000004,0.028394927372061413,3.4673704756983506e+25,-0.5,-5.0,,,,,,,,,,,,,,,,,,,,,,,,,,,,,,,,,,,,,,,,,,,,,,,,,-3.8109409530977,,9,,,1,40,sigma_box,curvature,,3,12948674.806899985,3689.5367910804257,9.999994469329648e-09,5.530670351671827e-15,True,completed_requested_steps,-0.5,-0.5,-0.45,direct_preferred_endpoint,49,sigma_box_lower_supported
4.348379798614269,0.447,0,0,6125.032586795212,4596.827081746125,3992.5161200973357,0,0,3989.182334861905,3771.891307450505,3778.4731948672024,2.2750000000000004,0.0,0.30668158202784485,0.028455512199022773,50,50,0.0,-0.5,154,10.2,1277.7679863882636,4596.827081746127,71.015001933824,0.1734697727255258,0.37530533787502696,0.6163516395254951,58.733708044363205,-13.305042231282416,0.2220551969949156,,9.303271589577128e-12,50,0.21786922247995588,0.21786922247995588,0.0,4.1845689670849676e-05,4.029972190059978,0.0,-3.8121448132696933,17535.10854707983,1.0,3471.891307450505,True,lbfgsb_seed_1,10.2,0.0,0.0,9.727919012559887,0.0,0.0,0.21786922247995588,0.21786922247995588,0.0,0.0,0.0,0.30668158202784485,0.0,4596.827081746125,0.0,6125.032586795212,3771.891307450505,0.0,0.21786922247995588,0.21786922247995588,0.447,0.21870613627337288,17535.108537079832,4596.827081746125,3771.891307450505,71.0150019338243,37.868255251457946,0.0,0.30668158202784485,3.2190320845618615e+25,0.0,0.0,4.348379798614269,0.0008369137934169935,12950544.041611789,3992.5209365824066,3989.182334861905,35.922366511414985,37.717404202147485,2.2750000000000004,0.028455512199022773,3.4678818102836516e+25,-0.5,-5.0,,,,,,,,,,,,,,,,,,,,,,,,,,,,,,,,,,,,,,,,,,,,,,,,,-3.8121448132696933,,9,,,1,40,sigma_box,curvature,,3,12950544.04162179,3689.182334861905,9.999998922086958e-09,1.0779130416519385e-15,True,completed_requested_steps,-0.5,-0.5,-0.45,direct_preferred_endpoint,49,sigma_box_lower_supported
4.348379798614269,0.447,0,0,6988.395785805465,4596.827081746125,4010.5393721334594,0,0,4007.1061870211283,3791.151243084486,3797.6697518096657,2.2750000000000004,0.0,0.3023095212330349,0.028079489038757323,50,50,0.0,-0.5,155,10.2,1274.7679863882636,4596.827081746127,71.015001933824,0.1734697727255258,0.37530533787502696,0.6163516395254951,58.733708044363205,-13.295542231282415,0.2334656349994475,,4.245259455239235e-12,50,0.2116568211189429,0.2116568211189429,0.0,4.290013719686625e-05,3.9579340016603153,0.0,-3.7463200806785695,18009.46123095634,1.0,3491.151243084486,True,lbfgsb_seed_1,10.2,0.0,0.0,9.727919012559887,0.0,0.0,0.2116568211189429,0.2116568211189429,0.0,0.0,0.0,0.3023095212330349,0.0,4596.827081746125,0.0,6988.395785805465,3791.151243084486,0.0,0.2116568211189429,0.2116568211189429,0.447,0.21251482386288023,18009.461220956342,4596.827081746125,3791.151243084486,71.01500193382398,37.868255251457946,0.0,0.3023095212330349,3.2190320845618615e+25,0.0,0.0,4.348379798614269,0.000858002743937325,13756991.124987679,4010.544295124841,4007.1061870211283,37.915284035506524,37.660832221820066,2.2750000000000004,0.028079489038757323,3.4652782556809384e+25,-0.5,-5.0,,,,,,,,,,,,,,,,,,,,,,,,,,,,,,,,,,,,,,,,,,,,,,,,,-3.7463200806785695,,9,,,1,40,sigma_box,curvature,,3,13756991.12499768,3707.1061870211283,9.999994132923203e-09,5.867076797465274e-15,True,completed_requested_steps,-0.5,-0.5,-0.45,direct_preferred_endpoint,49,sigma_box_lower_supported
4.348379798614269,0.447,0,0,6320.890333988636,4596.827081519097,3996.093389036375,0,0,3992.7331694701343,3775.7603799152394,3782.319708230433,2.2750000000000004,0.0,0.3058047436671168,0.028381200761922007,50,50,0.0,-0.5,156,10.2,1274.7679873401603,4596.827081519101,71.01500197823108,0.1734697727255258,0.37530533787502696,0.6163516395254951,58.733708044300286,-13.305042242952709,0.22513237000384834,,3.4180556556627823e-12,50,0.2166146636958275,0.2166146636958275,0.0,4.213239708500405e-05,4.01562467700171,0.0,-3.799052145702967,17699.235835298787,1.0,3475.7603799152394,True,lbfgsb_seed_1,10.2,0.0,0.0,9.727919012559887,0.0,0.0,0.2166146636958275,0.2166146636958275,0.0,0.0,0.0,0.3058047436671168,0.0,4596.827081519097,0.0,6320.890333988636,3775.7603799152394,0.0,0.2166146636958275,0.2166146636958275,0.447,0.21745731163752757,17699.235825298787,4596.827081519097,3775.7603799152394,71.01500197823127,37.86825525477568,0.0,0.3058047436671168,3.2190320843593246e+25,0.0,0.0,4.348379798614269,0.000842647941700081,13104298.460746946,3996.097637857146,3992.7331694701343,36.39255730750902,37.707328072534324,2.2750000000000004,0.028381200761922007,3.4672557721102723e+25,-0.5,-5.0,,,,,,,,,,,,,,,,,,,,,,,,,,,,,,,,,,,,,,,,,,,,,,,,,-3.799052145702967,,9,,,1,40,sigma_box,curvature,,3,13104298.460756946,3692.7331694701343,9.999997369779396e-09,2.6302206044969472e-15,True,completed_requested_steps,-0.5,-0.5,-0.45,direct_preferred_endpoint,49,sigma_box_lower_supported
4.348379798614269,0.447,0,0,6325.676285192388,4596.827081519097,3996.383994096592,0,0,3993.0198235420294,3776.278399515546,3782.83168664158,2.2750000000000004,0.0,0.3053749321339461,0.028344671976146162,50,50,0.0,-0.5,157,10.2,1274.7679873401603,4596.827081519101,71.01500197823108,0.1734697727255258,0.37530533787502696,0.6163516395254951,58.73519430191762,-13.305042242952709,0.22682100799283944,,3.505789536331537e-12,50,0.21644674649224194,0.21644674649224194,0.0,4.217788312282922e-05,4.01446038130269,0.0,-3.798055812693571,17669.906441033276,1.0,3476.278399515546,True,lbfgsb_seed_1,10.2,0.0,0.0,9.727919012559887,0.0,0.0,0.21644674649224194,0.21644674649224194,0.0,0.0,0.0,0.3053749321339461,0.0,4596.827081519097,0.0,6325.676285192388,3776.278399515546,0.0,0.21644674649224194,0.21644674649224194,0.447,0.21729030415469852,17669.906431033276,4596.827081519097,3776.278399515546,71.01500197823141,37.81201507599907,0.0,0.3053749321339461,3.223819952436505e+25,0.0,0.0,4.348379798614269,0.0008435576624565844,13068945.829839228,3996.3881660105194,3993.0198235420294,36.486928895454504,37.653192365706545,2.2750000000000004,0.028344671976146162,3.4721145891751578e+25,-0.5,-5.0,,,,,,,,,,,,,,,,,,,,,,,,,,,,,,,,,,,,,,,,,,,,,,,,,-3.798055812693571,,9,,,1,40,sigma_box,curvature,,3,13068945.829849228,3693.0198235420294,9.999992479583415e-09,7.520416585110132e-15,True,completed_requested_steps,-0.5,-0.5,-0.45,direct_preferred_endpoint,49,sigma_box_lower_supported
4.348379798614269,0.447,0,0,6691.622048629992,4603.327081519104,4002.833853056481,0,0,3999.401374531016,3781.466731697296,3788.0292249360473,2.2750000000000004,0.0,0.3055730440785237,0.02835167520499148,50,50,0.0,-0.5,158,10.2,1274.7679873401603,4603.327081519101,71.01500197823108,0.1734697727255258,0.37530533787502696,0.6163516395254951,58.733708044300286,-13.305042242952709,0.22605316000408493,,4.283287125270053e-12,50,0.21648021185764899,0.21648021185764899,0.0,4.2941414558839155e-05,3.9886633495636348,0.0,-3.7722260791205446,18444.663976905176,1.0,3481.466731697296,True,lbfgsb_seed_1,10.2,0.0,0.0,9.727919012559887,0.0,0.0,0.21648021185764899,0.21648021185764899,0.0,0.0,0.0,0.3055730440785237,0.0,4603.327081519104,0.0,6691.622048629992,3781.466731697296,0.0,0.21648021185764899,0.21648021185764899,0.447,0.21733904014882577,18444.663966905176,4603.327081519104,3781.466731697296,71.01500197823073,37.84151040194782,0.0,0.3055730440785237,3.2190320843593246e+25,0.0,0.0,4.348379798614269,0.000858828291176783,13221287.390682302,4002.836173579234,3999.401374531016,37.19381419402271,37.66790410030557,2.2750000000000004,0.02835167520499148,3.4679619263195718e+25,-0.5,-5.0,,,,,,,,,,,,,,,,,,,,,,,,,,,,,,,,,,,,,,,,,,,,,,,,,-3.7722260791205446,,9,,,1,40,sigma_box,curvature,,3,13221287.390692303,3699.401374531016,9.999995197567252e-09,4.802432748451597e-15,True,completed_requested_steps,-0.5,-0.5,-0.45,direct_preferred_endpoint,49,sigma_box_lower_supported
4.348379798614269,0.447,0,0,6155.27973977817,4596.827081519097,3992.8758288096174,0,0,3989.536770826898,3772.630497746989,3779.2033374016582,2.2750000000000004,0.0,0.305967118899853,0.028394927776959285,50,50,0.0,-0.5,159,10.2,1274.7679873401603,4596.827081519101,71.1900019782311,0.1734697727255258,0.37530533787502696,0.6163516395254951,58.733708044300286,-13.305042242952709,0.22549027399509214,,3.2200590490320656e-12,50,0.21762920158333388,0.21762920158333388,0.0,4.190737312312898e-05,4.028528322194183,0.0,-3.810941027983972,17566.292325160313,1.0,3472.630497746989,True,lbfgsb_seed_1,10.2,0.0,0.0,9.727919012559887,0.0,0.0,0.21762920158333388,0.21762920158333388,0.0,0.0,0.0,0.305967118899853,0.0,4596.827081519097,0.0,6155.27973977817,3772.630497746989,0.0,0.21762920158333388,0.21762920158333388,0.447,0.21846734904579646,17566.292315160314,4596.827081519097,3772.630497746989,71.19000197823112,37.86825525477568,0.0,0.305967118899853,3.2190320843593246e+25,0.0,0.0,4.348379798614269,0.0008381474624625795,12948673.979058042,3992.880590947768,3989.536770826898,36.15413028610779,37.72126741250062,2.2750000000000004,0.028394927776959285,3.4673704780283597e+25,-0.5,-5.0,,,,,,,,,,,,,,,,,,,,,,,,,,,,,,,,,,,,,,,,,,,,,,,,,-3.810941027983972,,9,,,1,40,sigma_box,curvature,,3,12948673.979068043,3689.536770826898,9.999994071457278e-09,5.928542723061306e-15,True,completed_requested_steps,-0.5,-0.5,-0.45,direct_preferred_endpoint,49,sigma_box_lower_supported
4.348379798614269,0.447,0,0,6125.031678190489,4596.827081519097,3992.5160997052963,0,0,3989.1823145852923,3771.891286026462,3778.473173504943,2.2750000000000004,0.0,0.3066815867183291,0.02845551260479698,50,50,0.0,-0.5,160,10.2,1277.7679873401603,4596.827081519101,71.01500197823108,0.1734697727255258,0.37530533787502696,0.6163516395254951,58.733708044300286,-13.305042242952709,0.22453557699918747,,9.307927094906485e-12,50,0.21786922936669106,0.21786922936669106,0.0,4.1845688432318175e-05,4.029972271934599,0.0,-3.8121448882563405,17535.10806364128,1.0,3471.891286026462,True,lbfgsb_seed_1,10.2,0.0,0.0,9.727919012559887,0.0,0.0,0.21786922936669106,0.21786922936669106,0.0,0.0,0.0,0.3066815867183291,0.0,4596.827081519097,0.0,6125.031678190489,3771.891286026462,0.0,0.21786922936669106,0.21786922936669106,0.447,0.21870614313533743,17535.10805364128,4596.827081519097,3771.891286026462,71.01500197823127,37.86825525477568,0.0,0.3066815867183291,3.2190320843593246e+25,0.0,0.0,4.348379798614269,0.0008369137686463635,12950543.215357255,3992.5209161900093,3989.1823145852923,35.922364265008206,37.717404273089805,2.2750000000000004,0.02845551260479698,3.467881812617306e+25,-0.5,-5.0,,,,,,,,,,,,,,,,,,,,,,,,,,,,,,,,,,,,,,,,,,,,,,,,,-3.8121448882563405,,9,,,1,40,sigma_box,curvature,,3,12950543.215367256,3689.1823145852923,9.999994742530324e-09,5.257469676481245e-15,True,completed_requested_steps,-0.5,-0.5,-0.45,direct_preferred_endpoint,49,sigma_box_lower_supported
4.348379798614269,0.447,0,0,6988.394825473723,4596.827081519097,4010.5393525317336,0,0,4007.1061675180076,3791.151222153189,3797.669730938583,2.2750000000000004,0.0,0.3023095258330464,0.028079489434884076,50,50,0.0,-0.5,161,10.2,1274.7679873401603,4596.827081519101,71.01500197823108,0.1734697727255258,0.37530533787502696,0.6163516395254951,58.733708044300286,-13.29554224295271,0.22852649301057681,,4.246255289692294e-12,50,0.2116568277740385,0.2116568277740385,0.0,4.290013616824462e-05,3.9579340796560953,0.0,-3.7463201520182254,18009.460733715467,1.0,3491.151222153189,True,lbfgsb_seed_1,10.2,0.0,0.0,9.727919012559887,0.0,0.0,0.2116568277740385,0.2116568277740385,0.0,0.0,0.0,0.3023095258330464,0.0,4596.827081519097,0.0,6988.394825473723,3791.151222153189,0.0,0.2116568277740385,0.2116568277740385,0.447,0.21251483049740338,18009.460723715467,4596.827081519097,3791.151222153189,71.01500197823096,37.86825525477568,0.0,0.3023095258330464,3.2190320843593246e+25,0.0,0.0,4.348379798614269,0.0008580027233648924,13756990.177552748,4010.54427552255,4007.1061675180076,37.915282025068755,37.6608322867792,2.2750000000000004,0.028079489434884076,3.4652782581724674e+25,-0.5,-5.0,,,,,,,,,,,,,,,,,,,,,,,,,,,,,,,,,,,,,,,,,,,,,,,,,-3.7463201520182254,,9,,,1,40,sigma_box,curvature,,3,13756990.177562749,3707.1061675180076,9.999992475998702e-09,7.524001297397295e-15,True,completed_requested_steps,-0.5,-0.5,-0.45,direct_preferred_endpoint,49,sigma_box_lower_supported
0.49154750824136806,0.447,0,0,923.02293416886,4593.443166794835,4223.36007309299,0,0,3436.468084260576,3389.2179368924076,3396.8974459066358,0.09500000000000001,0.0,0.38861947630889027,0.34325384532005127,6,50,0.0,-0.25,162,10.2,1288.9563757696415,4593.443166794838,71.67690677488356,0.1734697727255258,0.37530533787502696,0.6163516395254951,58.73277022463894,-13.478992475009452,0.6708744719944661,reverse_rollout_failed,0.010328044332382793,6,0.1263278782237982,0.1263278782237982,1000000.0,0.01144913861467929,3.1564494298801455,0.0,-3.0415706902710262,11793.121137429072,1.0,3089.2179368924076,False,lbfgsb_seed_1,10.2,0.0,0.0,1.099658855126103,0.0,0.0,0.1263278782237982,0.1263278782237982,1000000.0,880.0,0.0,0.38861947630889027,0.0,4593.443166794835,0.0,923.02293416886,3389.2179368924076,0.0,-1000880.0,-879.8736721217762,0.447,0.355310650517384,11793.121127429073,4593.443166794835,3389.2179368924076,71.67690677488348,37.91774448715209,0.0,0.38861947630889027,3.2160146279162563e+25,0.0,0.0,0.49154750824136806,0.22898277229358577,923.02293416886,4223.36007309299,3436.468084260576,63.807940752493224,38.67567022602909,0.09500000000000001,0.34325384532005127,3.2882344983421715e+25,-0.2,-0.6000000000000001,0.010328034332382793,-0.020608138109121432,False,28,923.02294416886,3136.468084260576,-0.010328034332382793,0.010328044332382793,0.020608138109121432,True,-0.2,0.010328034332382793,-0.020608138109121432,False,28,923.02294416886,3136.468084260576,-0.010328034332382793,0.010328044332382793,0.020608138109121432,True,-0.2,0,0.019787647092505592,-0.018925801627047045,False,52,1193.2778687452849,3145.724150477483,-0.019787647092505592,0.019787657092505594,0.018925801627047045,True,-0.3,41,0.010328034332382793,-0.020608138109121432,False,28,923.02294416886,3136.468084260576,-0.010328034332382793,0.010328044332382793,0.020608138109121432,True,-0.2,-0.2,-0.3,-1000000.0,,5,1,,,,curvature,curvature,no feasible sigma on scan grid,28,923.02294416886,3136.468084260576,-0.010328034332382793,0.010328044332382793,False,no_feasible_sigma,-0.2,-0.3,-0.2,legacy_scan,5,no_feasible_sigma
0.49154750824136806,0.447,0,0,918.8946360540053,4593.443166794835,4222.732020559429,0,0,3437.550604172946,3389.9704101019365,3397.6406675068156,0.09500000000000001,0.0,0.38805680453391594,0.3426338092204361,6,50,0.0,-0.25,163,10.2,1288.9563757696415,4593.443166794838,71.67690677488356,0.1734697727255258,0.37530533787502696,0.6163516395254951,58.734256482256285,-13.478992475009452,0.6764684069930809,reverse_rollout_failed,0.009931742067734688,6,0.12659676209921078,0.12659676209921078,1000000.0,0.011420652476116677,3.158681470744771,0.0,-3.043505361121677,11773.524605837585,1.0,3089.9704101019365,False,lbfgsb_seed_1,10.2,0.0,0.0,1.099658855126103,0.0,0.0,0.12659676209921078,0.12659676209921078,1000000.0,880.0,0.0,0.38805680453391594,0.0,4593.443166794835,0.0,918.8946360540053,3389.9704101019365,0.0,-1000880.0,-879.8734032379008,0.447,0.3550098116215443,11773.524595837585,4593.443166794835,3389.9704101019365,71.67690677488365,37.861430809259446,0.0,0.38805680453391594,3.2207980079414616e+25,0.0,0.0,0.49154750824136806,0.22841304952233354,918.8946360540053,4222.732020559429,3437.550604172946,63.755248470961774,38.609032489345,0.09500000000000001,0.3426338092204361,3.2941548119887055e+25,-0.2,-0.6000000000000001,0.009931732067734688,-0.02130657141255865,False,37,918.8946460540053,3137.550604172946,-0.009931732067734688,0.009931742067734688,0.02130657141255865,True,-0.2,0.009931732067734688,-0.02130657141255865,False,37,918.8946460540053,3137.550604172946,-0.009931732067734688,0.009931742067734688,0.02130657141255865,True,-0.2,0,0.019400112453509914,-0.019786597380888615,False,50,1187.5890057163401,3147.1279547989775,-0.019400112453509914,0.019400122453509916,0.019786597380888615,True,-0.3,41,0.009931732067734688,-0.02130657141255865,False,37,918.8946460540053,3137.550604172946,-0.009931732067734688,0.009931742067734688,0.02130657141255865,True,-0.2,-0.2,-0.3,-1000000.0,,5,1,,,,curvature,curvature,no feasible sigma on scan grid,37,918.8946460540053,3137.550604172946,-0.009931732067734688,0.009931742067734688,False,no_feasible_sigma,-0.2,-0.3,-0.2,legacy_scan,5,no_feasible_sigma
0.49154750824136806,0.447,0,0,939.3081230652979,4599.94316679484,4221.605456213822,0,0,3443.8045295640795,3394.522939725004,3402.2124611687527,0.09500000000000001,0.0,0.38831886090527806,0.34196617587796724,6,50,0.0,-0.25,164,10.2,1288.9563757696415,4599.943166794838,71.67690677488356,0.1734697727255258,0.37530533787502696,0.6163516395254951,58.73277022463894,-13.478992475009452,0.5705463110061828,reverse_rollout_failed,0.006795198993699593,6,0.12925227143538587,0.12925227143538587,1000000.0,0.011292756600622135,3.162687153368447,0.0,-3.0447276385336832,12308.842261939051,1.0,3094.522939725004,False,lbfgsb_seed_1,10.2,0.0,0.0,1.099658855126103,0.0,0.0,0.12925227143538587,0.12925227143538587,1000000.0,880.0,0.0,0.38831886090527806,0.0,4599.94316679484,0.0,939.3081230652979,3394.522939725004,0.0,-1000880.0,-879.8707477285647,0.447,0.35510740344782854,12308.842251939051,4599.94316679484,3394.522939725004,71.67690677488298,37.89094497469868,0.0,0.38831886090527806,3.2160146279162563e+25,0.0,0.0,0.49154750824136806,0.22585513201244267,939.3081230652979,4221.605456213822,3443.8045295640795,63.366823166647166,38.57939059504885,0.09500000000000001,0.34196617587796724,3.2971256685348125e+25,-0.2,-0.6000000000000001,0.006795188993699593,-0.026166109042793373,False,36,939.3081330652979,3143.8045295640795,-0.006795188993699593,0.006795198993699593,0.026166109042793373,True,-0.2,0.006795188993699593,-0.026166109042793373,False,36,939.3081330652979,3143.8045295640795,-0.006795188993699593,0.006795198993699593,0.026166109042793373,True,-0.2,0,0.01627377186881845,-0.025591820131976917,False,41,1206.6883389203713,3155.229202420446,-0.01627377186881845,0.016273781868818452,0.025591820131976917,True,-0.3,41,0.006795188993699593,-0.026166109042793373,False,36,939.3081330652979,3143.8045295640795,-0.006795188993699593,0.006795198993699593,0.026166109042793373,True,-0.2,-0.2,-0.3,-1000000.0,,5,1,,,,curvature,curvature,no feasible sigma on scan grid,36,939.3081330652979,3143.8045295640795,-0.006795188993699593,0.006795198993699593,False,no_feasible_sigma,-0.2,-0.3,-0.2,legacy_scan,5,no_feasible_sigma
0.49154750824136806,0.447,0,0,906.1448816163686,4593.443166794835,4224.995037098953,0,0,3429.5504622249096,3384.6539368235285,3392.346935043377,0.09500000000000001,0.0,0.3889264590487017,0.34410964166597025,6,50,0.0,-0.25,165,10.2,1288.9563757696415,4593.443166794838,71.85190677488356,0.1734697727255258,0.37530533787502696,0.6163516395254951,58.73277022463894,-13.478992475009452,0.7317304390016943,reverse_rollout_failed,0.011485763255100232,6,0.12519976722851278,0.12519976722851278,1000000.0,0.011596921865351429,3.1506426183233485,0.0,-3.0370397729601875,11704.699145795792,1.0,3084.6539368235285,False,lbfgsb_seed_1,10.2,0.0,0.0,1.099658855126103,0.0,0.0,0.12519976722851278,0.12519976722851278,1000000.0,880.0,0.0,0.3889264590487017,0.0,4593.443166794835,0.0,906.1448816163686,3384.6539368235285,0.0,-1000880.0,-879.8748002327715,0.447,0.35713820453554135,11704.699135795792,4593.443166794835,3384.6539368235285,71.85190677488325,37.91774448715209,0.0,0.3889264590487017,3.2160146279162563e+25,0.0,0.0,0.49154750824136806,0.23193843730702857,906.1448816163686,4224.995037098953,3429.5504622249096,64.24570473246033,38.721070772797546,0.09500000000000001,0.34410964166597025,3.2837434892013156e+25,-0.2,-0.6000000000000001,0.011485753255100232,-0.0179944195661772,False,37,906.1448916163686,3129.5504622249096,-0.011485753255100232,0.011485763255100232,0.0179944195661772,True,-0.2,0.011485753255100232,-0.0179944195661772,False,37,906.1448916163686,3129.5504622249096,-0.011485753255100232,0.011485763255100232,0.0179944195661772,True,-0.2,0,0.020812013001388636,-0.015462736953602896,False,59,1174.78030798075,3136.9965202816747,-0.020812013001388636,0.020812023001388638,0.015462736953602896,True,-0.3,41,0.011485753255100232,-0.0179944195661772,False,37,906.1448916163686,3129.5504622249096,-0.011485753255100232,0.011485763255100232,0.0179944195661772,True,-0.2,-0.2,-0.3,-1000000.0,,5,1,,,,curvature,curvature,no feasible sigma on scan grid,37,906.1448916163686,3129.5504622249096,-0.011485753255100232,0.011485763255100232,False,no_feasible_sigma,-0.2,-0.3,-0.2,legacy_scan,5,no_feasible_sigma
0.49154750824136806,0.447,0,0,906.4725071014061,4593.443166794835,4225.9342174241365,0,0,3427.423045398862,3383.6058309365844,3391.313139824557,0.09500000000000001,0.0,0.38984687597612544,0.34520040093331095,6,50,0.0,-0.25,166,10.2,1291.9563757696415,4593.443166794838,71.67690677488356,0.1734697727255258,0.37530533787502696,0.6163516395254951,58.73277022463894,-13.478992475009452,0.7446541389945196,reverse_rollout_failed,0.012123242050212792,6,0.12458146533810166,0.12458146533810166,1000000.0,0.011648856319286794,3.147309400906511,0.0,-3.034376791887696,11684.528707699661,1.0,3083.6058309365844,False,lbfgsb_seed_1,10.2,0.0,0.0,1.099658855126103,0.0,0.0,0.12458146533810166,0.12458146533810166,1000000.0,880.0,0.0,0.38984687597612544,0.0,4593.443166794835,0.0,906.4725071014061,3383.6058309365844,0.0,-1000880.0,-879.8754185346619,0.447,0.3575585917238375,11684.528697699661,4593.443166794835,3383.6058309365844,71.67690677488348,37.91774448715209,0.0,0.38984687597612544,3.2160146279162563e+25,0.0,0.0,0.49154750824136806,0.23297712638573587,906.4725071014061,4225.9342174241365,3427.423045398862,64.19147725072963,38.74177245105259,0.09500000000000001,0.34520040093331095,3.2816241015954544e+25,-0.2,-0.6000000000000001,0.012123232050212792,-0.01661254013403224,False,41,906.4725171014061,3127.423045398862,-0.012123232050212792,0.012123242050212792,0.01661254013403224,True,-0.2,0.012123232050212792,-0.01661254013403224,False,41,906.4725171014061,3127.423045398862,-0.012123232050212792,0.012123242050212792,0.01661254013403224,True,-0.2,0,0.021407734985715906,-0.013752427396120703,False,56,1175.801346821563,3134.194723637598,-0.021407734985715906,0.021407744985715908,0.013752427396120703,True,-0.3,41,0.012123232050212792,-0.01661254013403224,False,41,906.4725171014061,3127.423045398862,-0.012123232050212792,0.012123242050212792,0.01661254013403224,True,-0.2,-0.2,-0.3,-1000000.0,,5,1,,,,curvature,curvature,no feasible sigma on scan grid,41,906.4725171014061,3127.423045398862,-0.012123232050212792,0.012123242050212792,False,no_feasible_sigma,-0.2,-0.3,-0.2,legacy_scan,5,no_feasible_sigma
0.49154750824136806,0.447,0,0,938.762430908361,4593.443166794835,4216.664026776669,0,0,3461.5499675621977,3411.8048391835105,3419.4221478402114,0.09500000000000001,0.0,0.3836813093938073,0.337559564173411,6,50,0.0,-0.25,167,10.2,1288.9563757696415,4593.443166794838,71.67690677488356,0.1734697727255258,0.37530533787502696,0.6163516395254951,58.73277022463894,-13.469492475009453,0.5856104120030068,reverse_rollout_failed,0.005214998740003119,6,0.12819485793865426,0.12819485793865426,1000000.0,0.010907166822529813,3.1802871933924055,0.0,-3.0629995022762815,11992.785177386795,1.0,3111.8048391835105,False,lbfgsb_seed_1,10.2,0.0,0.0,1.099658855126103,0.0,0.0,0.12819485793865426,0.12819485793865426,1000000.0,880.0,0.0,0.3836813093938073,0.0,4593.443166794835,0.0,938.762430908361,3411.8048391835105,0.0,-1000880.0,-879.8718051420614,0.447,0.3463381943892505,11992.785167386795,4593.443166794835,3411.8048391835105,71.67690677488348,37.91774448715209,0.0,0.3836813093938073,3.2160146279162563e+25,0.0,0.0,0.49154750824136806,0.21814333645059625,938.762430908361,4216.664026776669,3461.5499675621977,62.93905278901705,38.56631390066094,0.09500000000000001,0.337559564173411,3.300175635208145e+25,-0.2,-0.6000000000000001,0.005214988740003119,-0.028282617216998096,False,30,938.762440908361,3161.5499675621977,-0.005214988740003119,0.005214998740003119,0.028282617216998096,True,-0.2,0.005214988740003119,-0.028282617216998096,False,30,938.762440908361,3161.5499675621977,-0.005214988740003119,0.005214998740003119,0.028282617216998096,True,-0.2,0,0.014766479347207536,-0.029090745585969024,False,43,1202.6660287575808,3175.7852799833763,-0.014766479347207536,0.014766489347207536,0.029090745585969024,True,-0.3,41,0.005214988740003119,-0.028282617216998096,False,30,938.762440908361,3161.5499675621977,-0.005214988740003119,0.005214998740003119,0.028282617216998096,True,-0.2,-0.2,-0.3,-1000000.0,,5,1,,,,curvature,curvature,no feasible sigma on scan grid,30,938.762440908361,3161.5499675621977,-0.005214988740003119,0.005214998740003119,False,no_feasible_sigma,-0.2,-0.3,-0.2,legacy_scan,5,no_feasible_sigma
4.348379798614269,0.447,0,0,6320.890103625945,4596.827081462338,3996.093383981804,0,0,3992.7331644435244,3775.760374583152,3782.31970291371,2.2750000000000004,0.0,0.3058047448353666,0.028381200862848708,50,50,0.0,-0.5,168,10.2,1274.7679875781441,4596.827081462342,71.0150019893333,0.1734697727255258,0.37530533787502696,0.6163516395254951,58.733708044284555,-13.3050422458704,0.22984483100299258,,3.4223455549131965e-12,50,0.21661466540603969,0.21661466540603969,0.0,4.213239678676484e-05,4.015624697259804,0.0,-3.7990521642505515,17699.235713278464,1.0,3475.760374583152,True,lbfgsb_seed_1,10.2,0.0,0.0,9.727919012559887,0.0,0.0,0.21661466540603969,0.21661466540603969,0.0,0.0,0.0,0.3058047448353666,0.0,4596.827081462338,0.0,6320.890103625945,3775.760374583152,0.0,0.21661466540603969,0.21661466540603969,0.447,0.21745731334177498,17699.235703278464,4596.827081462338,3775.760374583152,71.01500198933321,37.86825525560519,0.0,0.3058047448353666,3.2190320843086848e+25,0.0,0.0,4.348379798614269,0.0008426479357352967,13104298.247654729,3996.097632802485,3992.7331644435244,36.3925567595174,37.70732808990491,2.2750000000000004,0.028381200862848708,3.4672557727058803e+25,-0.5,-5.0,,,,,,,,,,,,,,,,,,,,,,,,,,,,,,,,,,,,,,,,,,,,,,,,,-3.7990521642505515,,9,,,1,40,sigma_box,curvature,,3,13104298.24766473,3692.7331644435244,9.999996016321105e-09,3.983678896013813e-15,True,completed_requested_steps,-0.5,-0.5,-0.45,direct_preferred_endpoint,49,sigma_box_lower_supported
4.348379798614269,0.447,0,0,6325.676055184033,4596.827081462338,3996.3839890465447,0,0,3993.0198185198683,3776.2783941867046,3782.8316813280458,2.2750000000000004,0.0,0.30537493330039084,0.02834467207692849,50,50,0.0,-0.5,169,10.2,1274.7679875781441,4596.827081462342,71.0150019893333,0.1734697727255258,0.37530533787502696,0.6163516395254951,58.7351943019019,-13.3050422458704,0.22481397599040065,,3.509023806685811e-12,50,0.21644674820091692,0.21644674820091692,0.0,4.217788282565583e-05,4.014460401539692,0.0,-3.7980558312216006,17669.906319211266,1.0,3476.2783941867046,True,lbfgsb_seed_1,10.2,0.0,0.0,9.727919012559887,0.0,0.0,0.21644674820091692,0.21644674820091692,0.0,0.0,0.0,0.30537493330039084,0.0,4596.827081462338,0.0,6325.676055184033,3776.2783941867046,0.0,0.21644674820091692,0.21644674820091692,0.447,0.21729030585743003,17669.906309211266,4596.827081462338,3776.2783941867046,71.01500198933347,37.812015076827066,0.0,0.30537493330039084,3.2238199523858127e+25,0.0,0.0,4.348379798614269,0.0008435576565131164,13068945.616952566,3996.388160960389,3993.0198185198683,36.486928349605435,37.653192383032604,2.2750000000000004,0.02834467207692849,3.4721145897712795e+25,-0.5,-5.0,,,,,,,,,,,,,,,,,,,,,,,,,,,,,,,,,,,,,,,,,,,,,,,,,-3.7980558312216006,,9,,,1,40,sigma_box,curvature,,3,13068945.616962567,3693.0198185198683,9.999995417502871e-09,4.582497129818486e-15,True,completed_requested_steps,-0.5,-0.5,-0.45,direct_preferred_endpoint,49,sigma_box_lower_supported
4.348379798614269,0.447,0,0,6691.621810038594,4603.327081462338,4002.83384802706,0,0,3999.4013695286603,3781.466726359709,3788.0292196138257,2.2750000000000004,0.0,0.3055730452458463,0.028351675305490195,50,50,0.0,-0.5,170,10.2,1274.7679875781441,4603.327081462342,71.0150019893333,0.1734697727255258,0.37530533787502696,0.6163516395254951,58.733708044284555,-13.3050422458704,0.2248898889956763,,4.281711279544551e-12,50,0.21648021356663683,0.21648021356663683,0.0,4.2941414273334205e-05,3.988663369653058,0.0,-3.7722260975006945,18444.663850139958,1.0,3481.466726359709,True,lbfgsb_seed_1,10.2,0.0,0.0,9.727919012559887,0.0,0.0,0.21648021356663683,0.21648021356663683,0.0,0.0,0.0,0.3055730452458463,0.0,4603.327081462338,0.0,6691.621810038594,3781.466726359709,0.0,0.21648021356663683,0.21648021356663683,0.447,0.2173390418521035,18444.663840139958,4603.327081462338,3781.466726359709,71.0150019893336,37.84151040277643,0.0,0.3055730452458463,3.2190320843086848e+25,0.0,0.0,4.348379798614269,0.000858828285466684,13221287.167278096,4002.836168549746,3999.4013695286603,37.19381366448228,37.66790411721655,2.2750000000000004,0.028351675305490195,3.467961926941347e+25,-0.5,-5.0,,,,,,,,,,,,,,,,,,,,,,,,,,,,,,,,,,,,,,,,,,,,,,,,,-3.7722260975006945,,9,,,1,40,sigma_box,curvature,,3,13221287.167288097,3699.4013695286603,9.999998234813757e-09,1.7651862440078495e-15,True,completed_requested_steps,-0.5,-0.5,-0.45,direct_preferred_endpoint,49,sigma_box_lower_supported
4.348379798614269,0.447,0,0,6155.279512193565,4596.827081462338,3992.8758237171983,0,0,3989.5367657632537,3772.630492395091,3779.203332065137,2.2750000000000004,0.0,0.305967120069704,0.028394927878188692,50,50,0.0,-0.5,171,10.2,1274.7679875781441,4596.827081462342,71.1900019893333,0.1734697727255258,0.37530533787502696,0.6163516395254951,58.733708044284555,-13.3050422458704,0.22410174399556126,,3.2170408073966776e-12,50,0.21762920330299074,0.21762920330299074,0.0,4.190737281464241e-05,4.028528342636705,0.0,-3.810941046706529,17566.292204064044,1.0,3472.630492395091,True,lbfgsb_seed_1,10.2,0.0,0.0,9.727919012559887,0.0,0.0,0.21762920330299074,0.21762920330299074,0.0,0.0,0.0,0.305967120069704,0.0,4596.827081462338,0.0,6155.279512193565,3772.630492395091,0.0,0.21762920330299074,0.21762920330299074,0.447,0.21846735075928359,17566.292194064044,4596.827081462338,3772.630492395091,71.19000198933341,37.86825525560519,0.0,0.305967120069704,3.2190320843086848e+25,0.0,0.0,4.348379798614269,0.0008381474562928481,12948673.772089466,3992.8805858552646,3989.5367657632537,36.154129726125674,37.721267430219,2.2750000000000004,0.028394927878188692,3.467370478610806e+25,-0.5,-5.0,,,,,,,,,,,,,,,,,,,,,,,,,,,,,,,,,,,,,,,,,,,,,,,,,-3.810941046706529,,9,,,1,40,sigma_box,curvature,,3,12948673.772099467,3689.5367657632537,9.999998196710865e-09,1.8032891360743713e-15,True,completed_requested_steps,-0.5,-0.5,-0.45,direct_preferred_endpoint,49,sigma_box_lower_supported
4.348379798614269,0.447,0,0,6125.031451031891,4596.827081462338,3992.516094607138,0,0,3989.1823095159893,3771.8912806702388,3778.473168164171,2.2750000000000004,0.0,0.30668158789099775,0.02845551270624477,50,50,0.0,-0.5,172,10.2,1277.7679875781441,4596.827081462342,71.0150019893333,0.1734697727255258,0.37530533787502696,0.6163516395254951,58.733708044284555,-13.3050422458704,0.22665966699423734,,9.30837811662437e-12,50,0.21786923108844314,0.21786923108844314,0.0,4.184568812267697e-05,4.029972292403858,0.0,-3.812144907003538,17535.107942776605,1.0,3471.8912806702388,True,lbfgsb_seed_1,10.2,0.0,0.0,9.727919012559887,0.0,0.0,0.21786923108844314,0.21786923108844314,0.0,0.0,0.0,0.30668158789099775,0.0,4596.827081462338,0.0,6125.031451031891,3771.8912806702388,0.0,0.21786923108844314,0.21786923108844314,0.447,0.21870614485089668,17535.107932776606,4596.827081462338,3771.8912806702388,71.01500198933321,37.86825525560519,0.0,0.30668158789099775,3.2190320843086848e+25,0.0,0.0,4.348379798614269,0.0008369137624535394,12950543.008787863,3992.5209110917594,3989.1823095159893,35.92236370339174,37.71740429082631,2.2750000000000004,0.02845551270624477,3.4678818132007014e+25,-0.5,-5.0,,,,,,,,,,,,,,,,,,,,,,,,,,,,,,,,,,,,,,,,,,,,,,,,,-3.812144907003538,,9,,,1,40,sigma_box,curvature,,3,12950543.008797863,3689.1823095159893,9.999998370508725e-09,1.6294912759623254e-15,True,completed_requested_steps,-0.5,-0.5,-0.45,direct_preferred_endpoint,49,sigma_box_lower_supported
4.348379798614269,0.447,0,0,6988.394585380385,4596.827081462338,4010.5393476310956,0,0,4007.1061626420214,3791.1512169201555,3797.669725720607,2.2750000000000004,0.0,0.3023095269830953,0.028079489533920032,50,50,0.0,-0.5,173,10.2,1274.7679875781441,4596.827081462342,71.0150019893333,0.1734697727255258,0.37530533787502696,0.6163516395254951,58.733708044284555,-13.295542245870399,0.22622233800939284,,4.242786705984015e-12,50,0.2116568294378789,0.2116568294378789,0.0,4.290013591107256e-05,3.9579340991558634,0.0,-3.7463201698538957,18009.460609398677,1.0,3491.1512169201555,True,lbfgsb_seed_1,10.2,0.0,0.0,9.727919012559887,0.0,0.0,0.2116568294378789,0.2116568294378789,0.0,0.0,0.0,0.3023095269830953,0.0,4596.827081462338,0.0,6988.394585380385,3791.1512169201555,0.0,0.2116568294378789,0.2116568294378789,0.447,0.21251483215610034,18009.460599398677,4596.827081462338,3791.1512169201555,71.01500198933321,37.86825525560519,0.0,0.3023095269830953,3.2190320843086848e+25,0.0,0.0,4.348379798614269,0.0008580027182214511,13756989.940687649,4010.5442706217705,4007.1061626420214,37.915281522439074,37.66083230302008,2.2750000000000004,0.028079489533920032,3.4652782587953373e+25,-0.5,-5.0,,,,,,,,,,,,,,,,,,,,,,,,,,,,,,,,,,,,,,,,,,,,,,,,,-3.7463201698538957,,9,,,1,40,sigma_box,curvature,,3,13756989.94069765,3707.1061626420214,9.999993879122431e-09,6.120877569342188e-15,True,completed_requested_steps,-0.5,-0.5,-0.45,direct_preferred_endpoint,49,sigma_box_lower_supported
4.348379798614269,0.447,0,0,6320.889873262842,4596.827081405587,3996.093378927184,0,0,3992.7331594168713,3775.7603692510706,3782.3196975969777,2.2750000000000004,0.0,0.30580474600361574,0.028381200963777116,50,50,0.0,-0.5,174,10.2,1274.7679878161277,4596.827081405583,71.01500200043552,0.1734697727255258,0.37530533787502696,0.6163516395254951,58.73370804426882,-13.305042248788089,0.22317952300363686,,3.421351359673487e-12,50,0.21661466711625166,0.21661466711625166,0.0,4.213239648853673e-05,4.015624717518071,0.0,-3.7990521827983077,17699.23559125821,1.0,3475.7603692510706,True,lbfgsb_seed_1,10.2,0.0,0.0,9.727919012559887,0.0,0.0,0.21661466711625166,0.21661466711625166,0.0,0.0,0.0,0.30580474600361574,0.0,4596.827081405587,0.0,6320.889873262842,3775.7603692510706,0.0,0.21661466711625166,0.21661466711625166,0.447,0.2174573150460224,17699.23558125821,4596.827081405587,3775.7603692510706,71.01500200043537,37.86825525643467,0.0,0.30580474600361574,3.2190320842580445e+25,0.0,0.0,4.348379798614269,0.0008426479297707345,13104298.034553446,3996.097627747781,3992.7331594168713,36.39255621152821,37.707328107277846,2.2750000000000004,0.028381200963777116,3.467255773301291e+25,-0.5,-5.0,,,,,,,,,,,,,,,,,,,,,,,,,,,,,,,,,,,,,,,,,,,,,,,,,-3.7990521827983077,,9,,,1,40,sigma_box,curvature,,3,13104298.034563446,3692.7331594168713,9.999993213285237e-09,6.78671476413057e-15,True,completed_requested_steps,-0.5,-0.5,-0.45,direct_preferred_endpoint,49,sigma_box_lower_supported
4.348379798614269,0.447,0,0,6325.675825178289,4596.827081405587,3996.3839839966113,0,0,3993.01981349782,3776.2783888578724,3782.8316760145462,2.2750000000000004,0.0,0.3053749344668364,0.028344672177711132,50,50,0.0,-0.5,175,10.2,1274.7679878161277,4596.827081405583,71.01500200043552,0.1734697727255258,0.37530533787502696,0.6163516395254951,58.73519430188617,-13.305042248788089,0.22383088700007647,,3.5065255237020957e-12,50,0.21644674990959079,0.21644674990959079,0.0,4.217788252848243e-05,4.014460421776237,0.0,-3.7980558497491748,17669.906197395638,1.0,3476.2783888578724,True,lbfgsb_seed_1,10.2,0.0,0.0,9.727919012559887,0.0,0.0,0.21644674990959079,0.21644674990959079,0.0,0.0,0.0,0.3053749344668364,0.0,4596.827081405587,0.0,6325.675825178289,3776.2783888578724,0.0,0.21644674990959079,0.21644674990959079,0.447,0.21729030756016043,17669.906187395638,4596.827081405587,3776.2783888578724,71.0150020004355,37.81201507765531,0.0,0.3053749344668364,3.2238199523350977e+25,0.0,0.0,4.348379798614269,0.0008435576505696485,13068945.404077644,3996.3881559103725,3993.01981349782,36.48692780377316,37.653192400359195,2.2750000000000004,0.028344672177711132,3.472114590367303e+25,-0.5,-5.0,,,,,,,,,,,,,,,,,,,,,,,,,,,,,,,,,,,,,,,,,,,,,,,,,-3.7980558497491748,,9,,,1,40,sigma_box,curvature,,3,13068945.404087644,3693.01981349782,9.999998260014398e-09,1.7399856020840211e-15,True,completed_requested_steps,-0.5,-0.5,-0.45,direct_preferred_endpoint,49,sigma_box_lower_supported
4.348379798614269,0.447,0,0,6691.621571447203,4603.32708140558,4002.8338429976243,0,0,3999.4013645262908,3781.466721022154,3788.0292142916705,2.2750000000000004,0.0,0.30557304641316674,0.028351675405988895,50,50,0.0,-0.5,176,10.2,1274.7679878161277,4603.327081405583,71.01500200043552,0.1734697727255258,0.37530533787502696,0.6163516395254951,58.73370804426882,-13.305042248788089,0.22260356599872466,,4.2804013201012435e-12,50,0.21648021527561578,0.21648021527561578,0.0,4.2941413987840354e-05,3.988663389742539,0.0,-3.772226115880911,18444.663723377085,1.0,3481.466721022154,True,lbfgsb_seed_1,10.2,0.0,0.0,9.727919012559887,0.0,0.0,0.21648021527561578,0.21648021527561578,0.0,0.0,0.0,0.30557304641316674,0.0,4603.32708140558,0.0,6691.621571447203,3781.466721022154,0.0,0.21648021527561578,0.21648021527561578,0.447,0.2173390435553726,18444.663713377086,4603.32708140558,3781.466721022154,71.01500200043522,37.841510403605035,0.0,0.30557304641316674,3.2190320842580445e+25,0.0,0.0,4.348379798614269,0.000858828279756807,13221286.9438661,4002.8361635202436,3999.4013645262908,37.193813134939774,37.667904134127596,2.2750000000000004,0.028351675405988895,3.467961927563122e+25,-0.5,-5.0,,,,,,,,,,,,,,,,,,,,,,,,,,,,,,,,,,,,,,,,,,,,,,,,,-3.772226115880911,,9,,,1,40,sigma_box,curvature,,3,13221286.9438761,3699.4013645262908,9.999994209229784e-09,5.790770216787396e-15,True,completed_requested_steps,-0.5,-0.5,-0.45,direct_preferred_endpoint,49,sigma_box_lower_supported
4.348379798614269,0.447,0,0,6155.279284609788,4596.827081405587,3992.875818624822,0,0,3989.5367606996583,3772.630487043214,3779.203326728631,2.2750000000000004,0.0,0.3059671212395536,0.02839492797941806,50,50,0.0,-0.5,177,10.2,1274.7679878161277,4596.827081405583,71.19000200043553,0.1734697727255258,0.37530533787502696,0.6163516395254951,58.73370804426882,-13.305042248788089,0.22300145600456744,,3.2176990214255843e-12,50,0.21762920502264294,0.21762920502264294,0.0,4.190737250615584e-05,4.028528363079029,0.0,-3.810941065428892,17566.29208296845,1.0,3472.630487043214,True,lbfgsb_seed_1,10.2,0.0,0.0,9.727919012559887,0.0,0.0,0.21762920502264294,0.21762920502264294,0.0,0.0,0.0,0.3059671212395536,0.0,4596.827081405587,0.0,6155.279284609788,3772.630487043214,0.0,0.21762920502264294,0.21762920502264294,0.447,0.21846735247276605,17566.292072968452,4596.827081405587,3772.630487043214,71.19000200043496,37.86825525643467,0.0,0.3059671212395536,3.2190320842580445e+25,0.0,0.0,4.348379798614269,0.0008381474501231168,12948673.565125568,3992.8805807628114,3989.5367606996583,36.15412916614994,37.721267447937414,2.2750000000000004,0.02839492797941806,3.4673704791932287e+25,-0.5,-5.0,,,,,,,,,,,,,,,,,,,,,,,,,,,,,,,,,,,,,,,,,,,,,,,,,-3.810941065428892,,9,,,1,40,sigma_box,curvature,,3,12948673.565135568,3689.5367606996583,9.99999371274717e-09,6.2872528291264044e-15,True,completed_requested_steps,-0.5,-0.5,-0.45,direct_preferred_endpoint,49,sigma_box_lower_supported
4.348379798614269,0.447,0,0,6125.031223870441,4596.827081405587,3992.5160895089366,0,0,3989.182304446651,3771.8912753140216,3778.473162823386,2.2750000000000004,0.0,0.3066815890636655,0.028455512807691832,50,50,0.0,-0.5,178,10.2,1277.7679878161277,4596.827081405583,71.01500200043552,0.1734697727255258,0.37530533787502696,0.6163516395254951,58.73370804426882,-13.305042248788089,0.23701394199451897,,9.306962317315216e-12,50,0.2178692328101952,0.2178692328101952,0.0,4.184568781303577e-05,4.029972312873261,0.0,-3.8121449257508786,17535.10782191199,1.0,3471.8912753140216,True,lbfgsb_seed_1,10.2,0.0,0.0,9.727919012559887,0.0,0.0,0.2178692328101952,0.2178692328101952,0.0,0.0,0.0,0.3066815890636655,0.0,4596.827081405587,0.0,6125.031223870441,3771.8912753140216,0.0,0.2178692328101952,0.2178692328101952,0.447,0.21870614656645593,17535.107811911992,4596.827081405587,3771.8912753140216,71.01500200043537,37.86825525643467,0.0,0.3066815890636655,3.2190320842580445e+25,0.0,0.0,4.348379798614269,0.0008369137562607154,12950542.802214727,3992.520905993474,3989.182304446651,35.92236314176811,37.7174043085619,2.2750000000000004,0.028455512807691832,3.467881813784195e+25,-0.5,-5.0,,,,,,,,,,,,,,,,,,,,,,,,,,,,,,,,,,,,,,,,,,,,,,,,,-3.8121449257508786,,9,,,1,40,sigma_box,curvature,,3,12950542.802224727,3689.182304446651,9.999995391245673e-09,4.6087543267373666e-15,True,completed_requested_steps,-0.5,-0.5,-0.45,direct_preferred_endpoint,49,sigma_box_lower_supported
4.348379798614269,0.447,0,0,6988.394345287813,4596.827081405587,4010.539342730472,0,0,4007.1061577660503,3791.1512116871327,3797.6697205026167,2.2750000000000004,0.0,0.3023095281331442,0.028079489632955385,50,50,0.0,-0.5,179,10.2,1274.7679878161277,4596.827081405583,71.01500200043552,0.1734697727255258,0.37530533787502696,0.6163516395254951,58.73370804426882,-13.29554224878809,0.23166338000737596,,4.2465697419205614e-12,50,0.21165683110171818,0.21165683110171818,0.0,4.29001356539005e-05,3.957934118655573,0.0,-3.746320187689509,18009.46048508313,1.0,3491.1512116871327,True,lbfgsb_seed_1,10.2,0.0,0.0,9.727919012559887,0.0,0.0,0.21165683110171818,0.21165683110171818,0.0,0.0,0.0,0.3023095281331442,0.0,4596.827081405587,0.0,6988.394345287813,3791.1512116871327,0.0,0.21165683110171818,0.21165683110171818,0.447,0.2125148338147962,18009.46047508313,4596.827081405587,3791.1512116871327,71.01500200043506,37.86825525643467,0.0,0.3023095281331442,3.2190320842580445e+25,0.0,0.0,4.348379798614269,0.0008580027130780099,13756989.703823471,4010.5442657210056,4007.1061577660503,37.91528101980856,37.66083231926011,2.2750000000000004,0.028079489632955385,3.465278259418281e+25,-0.5,-5.0,,,,,,,,,,,,,,,,,,,,,,,,,,,,,,,,,,,,,,,,,,,,,,,,,-3.746320187689509,,9,,,1,40,sigma_box,curvature,,3,13756989.703833472,3707.1061577660503,9.999995282175148e-09,4.717824851370435e-15,True,completed_requested_steps,-0.5,-0.5,-0.45,direct_preferred_endpoint,49,sigma_box_lower_supported
4.348379798614269,0.447,0,0,571.1371576762476,4595.135124100209,3793.8537879704572,0,0,3791.69276061428,3600.759901310172,3607.826192454186,2.2750000000000004,0.0,0.3436090229074538,0.0319835923253292,50,50,0.0,-0.5,180,10.2,1281.8621817928847,4595.13512410021,71.34595438765955,0.1734697727255258,0.37530533787502696,0.6163516395254951,58.73323913445388,-13.392017361898771,0.2541062059899559,,4.1287435506167856e-12,50,0.2755871100548175,0.2755871100548175,0.0,2.849686792433248e-05,4.8670811088523,0.0,-4.591522495665407,14428.750994209506,1.0,3300.759901310172,True,lbfgsb_seed_1,10.2,0.0,0.0,9.727919012559887,0.0,0.0,0.2755871100548175,0.2755871100548175,0.0,0.0,0.0,0.3436090229074538,0.0,4595.135124100209,0.0,571.1371576762476,3600.759901310172,0.0,0.2755871100548175,0.2755871100548175,0.447,0.27615704741330416,14428.750984209506,4595.135124100209,3600.759901310172,71.34595438765976,37.892990508173405,0.0,0.3436090229074538,3.2175230023584332e+25,0.0,0.0,4.348379798614269,0.0005699373584866496,7887573.050821542,3793.8537879704572,3791.69276061428,2.310311021658781,38.749833921130026,2.2750000000000004,0.0319835923253292,3.46273729571669e+25,-0.5,-5.0,,,,,,,,,,,,,,,,,,,,,,,,,,,,,,,,,,,,,,,,,,,,,,,,,-4.591522495665407,,9,,,1,40,sigma_box,curvature,,3,7887573.050831541,3491.69276061428,9.999995320881988e-09,4.6791180115473686e-15,True,completed_requested_steps,-0.5,-0.5,-0.45,direct_preferred_endpoint,49,sigma_box_lower_supported
4.348379798614269,0.447,0,0,569.2739305606658,4595.135124100209,3793.707222190651,0,0,3791.5509448190555,3601.384272632549,3608.443078115578,2.2750000000000004,0.0,0.3431198574120587,0.03194511230098255,50,50,0.0,-0.5,181,10.2,1281.8621817928847,4595.13512410021,71.34595438765955,0.1734697727255258,0.37530533787502696,0.6163516395254951,58.734725392071226,-13.392017361898771,0.2521776689973194,,4.821100707445257e-12,50,0.2753670944085498,0.2753670944085498,0.0,2.8435294724737936e-05,4.867727821413693,0.0,-4.5923891622998685,14404.794786897784,1.0,3301.384272632549,True,lbfgsb_seed_1,10.2,0.0,0.0,9.727919012559887,0.0,0.0,0.2753670944085498,0.2753670944085498,0.0,0.0,0.0,0.3431198574120587,0.0,4595.135124100209,0.0,569.2739305606658,3601.384272632549,0.0,0.2753670944085498,0.2753670944085498,0.447,0.27593580030304454,14404.794776897785,4595.135124100209,3601.384272632549,71.3459543876595,37.836713593743816,0.0,0.3431198574120587,3.2223086258834395e+25,0.0,0.0,4.348379798614269,0.0005687058944947587,7894627.392105859,3793.707222190651,3791.5509448190555,2.386590814167542,38.69749689732668,2.2750000000000004,0.03194511230098255,3.4674875073120024e+25,-0.5,-5.0,,,,,,,,,,,,,,,,,,,,,,,,,,,,,,,,,,,,,,,,,,,,,,,,,-4.5923891622998685,,9,,,1,40,sigma_box,curvature,,3,7894627.392115858,3491.5509448190555,9.999998281524522e-09,1.718475478001519e-15,True,completed_requested_steps,-0.5,-0.5,-0.45,direct_preferred_endpoint,49,sigma_box_lower_supported
0.5542182679438297,0.447,0,0,918.9362033742111,4601.6351241002085,4041.085453098029,0,0,3692.09162579828,3606.285508125138,3613.35669247727,0.21500000000000002,0.0,0.3433466629478763,0.2632274916724415,9,50,0.0,-0.39999999999999997,182,10.2,1281.8621817928847,4601.63512410021,71.34595438765955,0.1734697727255258,0.37530533787502696,0.6163516395254951,58.73323913445388,-13.392017361898771,0.39003096699889284,reverse_rollout_failed,0.0010291354571115353,9,0.18147941535070067,0.18147941535070067,1000000.0,0.004726234647877848,3.837346202064154,0.0,-3.660593021361331,15046.999999991109,1.0,3306.285508125138,False,lbfgsb_seed_1,10.2,0.0,0.0,1.239861896966062,0.0,0.0,0.18147941535070067,0.18147941535070067,1000000.0,820.0,0.0,0.3433466629478763,0.0,4601.6351241002085,0.0,918.9362033742111,3606.285508125138,0.0,-1000820.0,-819.8185205846493,0.447,0.2760041083082576,15046.999989991109,4601.6351241002085,3606.285508125138,71.3459543876596,37.8662183421998,0.0,0.3433466629478763,3.2175230023584332e+25,0.0,0.0,0.5542182679438297,0.09452469295755694,918.9362033742111,4041.085453098029,3692.09162579828,48.449543826207375,38.86305322276103,0.21500000000000002,0.2632274916724415,3.3453668602259794e+25,-0.35,-0.9,0.0010291254571115353,-0.034636989431669374,False,35,918.9362133742111,3392.09162579828,-0.0010291254571115353,0.0010291354571115353,0.034636989431669374,True,-0.35,0.0010291254571115353,-0.034636989431669374,False,35,918.9362133742111,3392.09162579828,-0.0010291254571115353,0.0010291354571115353,0.034636989431669374,True,-0.35,0,0.002555253594169399,-0.042040655458039033,False,26,897.5059037501103,3397.7743020962766,-0.002555253594169399,0.002555263594169399,0.042040655458039033,True,-0.44999999999999996,41,0.0010291254571115353,-0.034636989431669374,False,35,918.9362133742111,3392.09162579828,-0.0010291254571115353,0.0010291354571115353,0.034636989431669374,True,-0.35,-0.35,-0.44999999999999996,-1000000.0,,8,1,,,,curvature,curvature,no feasible sigma on scan grid,35,918.9362133742111,3392.09162579828,-0.0010291254571115353,0.0010291354571115353,False,no_feasible_sigma,-0.35,-0.44999999999999996,-0.35,legacy_scan,8,no_feasible_sigma
4.335864336198488,0.447,0,0,539.1744641006783,4595.135124100209,3790.5370717270184,0,0,3788.3664126880876,3596.980319998961,3604.060460065174,2.272117660239339,0.0,0.34382939174394533,0.03209904600573831,50,50,0.0,-0.5,183,10.2,1281.8621817928847,4595.13512410021,71.52095438765954,0.1734697727255258,0.37530533787502696,0.6163516395254951,58.73323913445388,-13.392017361898771,0.48993050499120727,,1.0099868653022313e-06,50,0.27692500844959467,0.27692500844959467,0.0,2.8649011242165567e-05,4.881726431412618,0.0,-4.604830071974266,14320.519514718373,1.0,3296.980319998961,True,lbfgsb_seed_1,10.2,0.0,0.0,9.699920215209145,0.0,0.0,0.27692500844959467,0.27692500844959467,0.0,0.0,0.0,0.34382939174394533,0.0,4595.135124100209,0.0,539.1744641006783,3596.980319998961,0.0,0.27692500844959467,0.27692500844959467,0.447,0.277497988674438,14320.519504718373,4595.135124100209,3596.980319998961,71.5209543876596,37.892990508173405,0.0,0.34382939174394533,3.2175230023584332e+25,0.0,0.0,4.335864336198488,0.0005729802248433113,7620868.958160375,3790.5370717270184,3788.3664126880876,1.578425278851077,38.7732224220659,2.272117660239339,0.03209904600573831,3.4621622295315427e+25,-0.5,-5.0,,,,,,,,,,,,,,,,,,,,,,,,,,,,,,,,,,,,,,,,,,,,,,,,,-4.604830071974266,,9,,1,,40,sigma_box,curvature,,3,7620868.958170375,3488.3664126880876,9.999998590054668e-09,1.4099453318850157e-15,True,completed_requested_steps,-0.5,-0.5,-0.45,direct_preferred_endpoint,49,sigma_box_lower_supported
4.32425241332796,0.447,0,0,524.601125809415,4595.135124100209,3790.1361569808328,0,0,3787.9461442370493,3596.100092349893,3603.1916352515223,2.269435957401991,0.0,0.34463625885689125,0.032252770376591564,50,50,0.0,-0.5,184,10.2,1284.8621817928847,4595.13512410021,71.34595438765955,0.1734697727255258,0.37530533787502696,0.6163516395254951,58.73323913445388,-13.392017361898771,0.5103658229927532,,1.0099787469448524e-06,50,0.27723253240750023,0.27723253240750023,0.0,2.8907654179766153e-05,4.883498204683443,0.0,-4.606294579930123,14295.483495922323,1.0,3296.100092349893,True,lbfgsb_seed_1,10.2,0.0,0.0,9.673942759122953,0.0,0.0,0.27723253240750023,0.27723253240750023,0.0,0.0,0.0,0.34463625885689125,0.0,4595.135124100209,0.0,524.601125809415,3596.100092349893,0.0,0.27723253240750023,0.27723253240750023,0.447,0.27781068549109555,14295.483485922323,4595.135124100209,3596.100092349893,71.34595438765945,37.892990508173405,0.0,0.34463625885689125,3.2175230023584332e+25,0.0,0.0,4.32425241332796,0.000578153083595323,7461193.088132714,3790.1361569808328,3787.9461442370493,1.277859625601789,38.768250367800796,2.269435957401991,0.032252770376591564,3.4627893839001917e+25,-0.5,-5.0,,,,,,,,,,,,,,,,,,,,,,,,,,,,,,,,,,,,,,,,,,,,,,,,,-4.606294579930123,,9,,1,,40,sigma_box,curvature,,3,7461193.0881427135,3487.9461442370493,9.999998396971873e-09,1.603028126614256e-15,True,completed_requested_steps,-0.5,-0.5,-0.45,direct_preferred_endpoint,49,sigma_box_lower_supported
4.323078891339981,0.447,0,0,995.6587815510484,4595.135124100209,3819.738081278171,0,0,3817.507032075144,3619.4053195629244,3626.4206434696334,2.26916453909874,0.0,0.3394944427024956,0.03171488032456114,50,50,0.0,-0.5,185,10.2,1281.8621817928847,4595.13512410021,71.34595438765955,0.1734697727255258,0.37530533787502696,0.6163516395254951,58.73323913445388,-13.38251736189877,0.5291711530007888,,1.0099900851419951e-06,50,0.2689984804418044,0.2689984804418044,0.0,2.9221284784575198e-05,4.753542034228589,0.0,-4.48457277507157,14677.606544239137,1.0,3319.4053195629244,True,lbfgsb_seed_1,10.2,0.0,0.0,9.671317430290785,0.0,0.0,0.2689984804418044,0.2689984804418044,0.0,0.0,0.0,0.3394944427024956,0.0,4595.135124100209,0.0,995.6587815510484,3619.4053195629244,0.0,0.2689984804418044,0.2689984804418044,0.447,0.2695829061374959,14677.606534239138,4595.135124100209,3619.4053195629244,71.34595438765945,37.892990508173405,0.0,0.3394944427024956,3.2175230023584332e+25,0.0,0.0,4.323078891339981,0.0005844256956915039,8878888.370892921,3819.738081278171,3817.507032075144,8.374384436982833,38.56369062807934,2.26916453909874,0.03171488032456114,3.4676423832820445e+25,-0.5,-5.0,,,,,,,,,,,,,,,,,,,,,,,,,,,,,,,,,,,,,,,,,,,,,,,,,-4.48457277507157,,9,,1,,40,sigma_box,curvature,,3,8878888.370902922,3517.507032075144,9.999998777559334e-09,1.2224406653845067e-15,True,completed_requested_steps,-0.5,-0.5,-0.45,direct_preferred_endpoint,49,sigma_box_lower_supported
4.308365240206755,0.447,0,0,493.9221367112973,4595.070177720289,3787.4659763585837,0,0,3785.25594530546,3593.358822249399,3600.446640158706,2.2657552219182255,0.0,0.3451904846301433,0.032422671573814364,50,50,0.0,-0.5,186,10.2,1282.1344949391987,4595.0701777202885,71.35865811216163,0.1734697727255258,0.37530533787502696,0.6163516395254951,58.7332211351847,-13.395355932394558,0.5316668309969828,,1.009990110795731e-06,50,0.27818356403447364,0.27818356403447364,0.0,2.9192623762530625e-05,4.895306805770875,0.0,-4.617152434360164,14316.758282505045,1.0,3293.358822249399,True,lbfgsb_seed_1,10.2,0.0,0.0,9.638400984802583,0.0,0.0,0.27818356403447364,0.27818356403447364,0.0,0.0,0.0,0.3451904846301433,0.0,4595.070177720289,0.0,493.9221367112973,3593.358822249399,0.0,0.27818356403447364,0.27818356403447364,0.447,0.27876741650972425,14316.758272505045,4595.070177720289,3593.358822249399,71.35865811216186,37.89394035267558,0.0,0.3451904846301433,3.2174650898170057e+25,0.0,0.0,4.308365240206755,0.0005838524752506125,7217584.578091909,3787.4659763585837,3785.25594530546,0.7607509434203403,38.782319046449366,2.2657552219182255,0.032422671573814364,3.462753205306823e+25,-0.5,-5.0,,,,,,,,,,,,,,,,,,,,,,,,,,,,,,,,,,,,,,,,,,,,,,,,,-4.617152434360164,,9,,1,,40,sigma_box,curvature,,3,7217584.578101909,3485.25594530546,9.999997897576e-09,2.1024240011420643e-15,True,completed_requested_steps,-0.5,-0.5,-0.45,direct_preferred_endpoint,49,sigma_box_lower_supported
4.316502213322324,0.447,0,0,503.1768706502653,4595.070177720289,3787.7954629899077,0,0,3785.5986613332047,3593.9876835850177,3601.067953499014,2.267642085820437,0.0,0.34469879077080656,0.032320114278472256,50,50,0.0,-0.5,187,10.2,1282.1344949391987,4595.0701777202885,71.35865811216163,0.1734697727255258,0.37530533787502696,0.6163516395254951,58.73470739280204,-13.395355932394558,0.525687889996334,,1.0099997122085176e-06,50,0.27796335803846617,0.27796335803846617,0.0,2.9015247695718394e-05,4.8938489135680365,0.0,-4.615914570777266,14292.986741131694,1.0,3293.9876835850177,True,lbfgsb_seed_1,10.2,0.0,0.0,9.656604504076787,0.0,0.0,0.27796335803846617,0.27796335803846617,0.0,0.0,0.0,0.34469879077080656,0.0,4595.070177720289,0.0,503.1768706502653,3593.9876835850177,0.0,0.27796335803846617,0.27796335803846617,0.447,0.27854366299238054,14292.986731131694,4595.070177720289,3593.9876835850177,71.35865811216196,37.8376620275812,0.0,0.34469879077080656,3.222250627205038e+25,0.0,0.0,4.316502213322324,0.0005803049539143679,7306063.0261664055,3787.7954629899077,3785.5986613332047,0.9714719632997488,38.72698374733328,2.267642085820437,0.032320114278472256,3.467550157768964e+25,-0.5,-5.0,,,,,,,,,,,,,,,,,,,,,,,,,,,,,,,,,,,,,,,,,,,,,,,,,-4.615914570777266,,9,,1,,40,sigma_box,curvature,,3,7306063.026176405,3485.5986613332047,9.999999158349434e-09,8.416505662552028e-16,True,completed_requested_steps,-0.5,-0.5,-0.45,direct_preferred_endpoint,49,sigma_box_lower_supported
4.348379798614269,0.447,0,0,544.2696272689454,4601.570177720291,3791.7102325418005,0,0,3789.5375968890844,3598.876746733913,3605.969569281794,2.2750000000000004,0.0,0.34492681397465774,0.03209574108039348,50,50,0.0,-0.5,188,10.2,1282.1344949391987,4601.5701777202885,71.35865811216163,0.1734697727255258,0.37530533787502696,0.6163516395254951,58.7332211351847,-13.395355932394558,0.25325710300239734,,4.434009929327573e-12,50,0.27803955965534777,0.27803955965534777,0.0,2.8666236937446855e-05,4.876543697060589,0.0,-4.598532803642178,14930.651354037916,1.0,3298.876746733913,True,lbfgsb_seed_1,10.2,0.0,0.0,9.727919012559887,0.0,0.0,0.27803955965534777,0.27803955965534777,0.0,0.0,0.0,0.34492681397465774,0.0,4601.570177720291,0.0,544.2696272689454,3598.876746733913,0.0,0.27803955965534777,0.27803955965534777,0.447,0.2786128843940967,14930.651344037917,4601.570177720291,3598.876746733913,71.35865811216155,37.86716713761322,0.0,0.34492681397465774,3.2174650898170057e+25,0.0,0.0,4.348379798614269,0.0005733247387489371,7714431.669916907,3791.7102325418005,3789.5375968890844,1.9260146504997637,38.747910845612964,2.2750000000000004,0.03209574108039348,3.463887852242058e+25,-0.5,-5.0,,,,,,,,,,,,,,,,,,,,,,,,,,,,,,,,,,,,,,,,,,,,,,,,,-4.598532803642178,,9,,,1,40,sigma_box,curvature,,3,7714431.669926907,3489.5375968890844,9.99999694135468e-09,3.058645319075436e-15,True,completed_requested_steps,-0.5,-0.5,-0.45,direct_preferred_endpoint,49,sigma_box_lower_supported
4.271826830622601,0.447,0,0,436.80649571132517,4595.070177720289,3783.5852837257103,0,0,3781.3370429500765,3589.5517791723105,3596.6534509534877,2.2572382493019107,0.0,0.34541356051882544,0.032724686523025494,50,50,0.0,-0.5,189,10.2,1282.1344949391987,4595.0701777202885,71.53365811216163,0.1734697727255258,0.37530533787502696,0.6163516395254951,58.7332211351847,-13.395355932394558,0.6000047440029448,,1.0099829230575062e-06,50,0.27952910218439464,0.27952910218439464,0.0,2.972811931464259e-05,4.912494194517239,0.0,-4.63299482045216,14209.370665799457,1.0,3289.5517791723105,True,lbfgsb_seed_1,10.2,0.0,0.0,9.556659576336914,0.0,0.0,0.27952910218439464,0.27952910218439464,0.0,0.0,0.0,0.34541356051882544,0.0,4595.070177720289,0.0,436.80649571132517,3589.5517791723105,0.0,0.27952910218439464,0.27952910218439464,0.447,0.2801236645706875,14209.370655799457,4595.070177720289,3589.5517791723105,71.5336581121625,37.89394035267558,0.0,0.34541356051882544,3.2174650898170057e+25,0.0,0.0,4.271826830622601,0.0005945623862928517,6768407.022558409,3783.5852837257103,3781.3370429500765,-0.15844144016250383,38.80689438013016,2.2572382493019107,0.032724686523025494,3.4623345731351216e+25,-0.5,-5.0,,,,,,,,,,,,,,,,,,,,,,,,,,,,,,,,,,,,,,,,,,,,,,,,,-4.63299482045216,,10,,1,,39,sigma_box,curvature,,3,6768407.022568408,3481.3370429500765,9.99999943376362e-09,5.662363804449326e-16,True,completed_requested_steps,-0.5,-0.5,-0.45,direct_preferred_endpoint,49,sigma_box_lower_supported
4.2572192256800445,0.447,0,0,423.22471699170137,4595.070177720289,3783.228857184425,0,0,3780.955685230268,3588.66563310747,3595.778809693091,2.2538128675818445,0.0,0.3462243489600207,0.032905359716824324,50,50,0.0,-0.5,190,10.2,1285.1344949391987,4595.0701777202885,71.35865811216163,0.1734697727255258,0.37530533787502696,0.6163516395254951,58.7332211351847,-13.395355932394558,0.6261155450047227,,1.00999928459451e-06,50,0.2798385481488468,0.2798385481488468,0.0,3.0060811913734666e-05,4.9140742996198705,0.0,-4.634265812282937,14184.54314279051,1.0,3288.66563310747,True,lbfgsb_seed_1,10.2,0.0,0.0,9.52398037064887,0.0,0.0,0.2798385481488468,0.2798385481488468,0.0,0.0,0.0,0.3462243489600207,0.0,4595.070177720289,0.0,423.22471699170137,3588.66563310747,0.0,0.2798385481488468,0.2798385481488468,0.447,0.2804397643871215,14184.54313279051,4595.070177720289,3588.66563310747,71.35865811216155,37.89394035267558,0.0,0.3462243489600207,3.2174650898170057e+25,0.0,0.0,4.2572192256800445,0.0006012162382746933,6600320.222149577,3783.228857184425,3780.955685230268,-0.4497003792682396,38.801307242061675,2.2538128675818445,0.032905359716824324,3.4629962438158917e+25,-0.5,-5.0,,,,,,,,,,,,,,,,,,,,,,,,,,,,,,,,,,,,,,,,,,,,,,,,,-4.634265812282937,,10,,1,,39,sigma_box,curvature,,3,6600320.222159577,3480.955685230268,9.999998227870206e-09,1.7721297941615354e-15,True,completed_requested_steps,-0.5,-0.5,-0.45,direct_preferred_endpoint,49,sigma_box_lower_supported
0.5542182679438297,0.447,0,0,929.2864430720861,4595.070177720289,4038.270127040488,0,0,3695.9262591262104,3612.1420188963248,3619.1784460427134,0.21500000000000002,0.0,0.34104861512552004,0.2617402586640403,9,50,0.0,-0.39999999999999997,191,10.2,1282.1344949391987,4595.0701777202885,71.35865811216163,0.1734697727255258,0.37530533787502696,0.6163516395254951,58.7332211351847,-13.385855932394557,0.4178169910010183,reverse_rollout_failed,0.0004708255601522968,9,0.17949045191217605,0.17949045191217605,1000000.0,0.00463136767229786,3.8483840944617427,0.0,-3.6735250102218644,14563.518124567632,1.0,3312.1420188963248,False,lbfgsb_seed_1,10.2,0.0,0.0,1.239861896966062,0.0,0.0,0.17949045191217605,0.17949045191217605,1000000.0,820.0,0.0,0.34104861512552004,0.0,4595.070177720289,0.0,929.2864430720861,3612.1420188963248,0.0,-1000820.0,-819.8205095480878,0.447,0.27211780535813324,14563.518114567632,4595.070177720289,3612.1420188963248,71.35865811216186,37.89394035267558,0.0,0.34104861512552004,3.2174650898170057e+25,0.0,0.0,0.5542182679438297,0.09262735344595718,929.2864430720861,4038.270127040488,3695.9262591262104,48.12500582003571,38.90674951977304,0.21500000000000002,0.2617402586640403,3.3427742855090836e+25,-0.35,-0.9,0.0004708155601522968,-0.03458002927473003,False,24,929.286453072086,3395.9262591262104,-0.0004708155601522968,0.0004708255601522968,0.03458002927473003,True,-0.35,0.0004708155601522968,-0.03458002927473003,False,24,929.286453072086,3395.9262591262104,-0.0004708155601522968,0.0004708255601522968,0.03458002927473003,True,-0.35,0,0.0018726507403410233,-0.0424435278688744,False,31,897.0614212019163,3400.967795283737,-0.0018726507403410233,0.0018726607403410232,0.0424435278688744,True,-0.44999999999999996,41,0.0004708155601522968,-0.03458002927473003,False,24,929.286453072086,3395.9262591262104,-0.0004708155601522968,0.0004708255601522968,0.03458002927473003,True,-0.35,-0.35,-0.44999999999999996,-1000000.0,,8,1,,,,curvature,curvature,no feasible sigma on scan grid,24,929.286453072086,3395.9262591262104,-0.0004708155601522968,0.0004708255601522968,False,no_feasible_sigma,-0.35,-0.44999999999999996,-0.35,legacy_scan,8,no_feasible_sigma
0.5257497036402362,0.447,0,0,622.9982947026972,4594.628242664887,4077.337941527728,0,0,3634.205559186521,3541.540848650783,3548.7794171342025,0.16226665627956394,0.0,0.3562400957857079,0.28626295119123757,8,50,0.0,-0.3113332813978196,192,10.2,1283.9874808261318,4594.628242664887,71.44510205558666,0.1734697727255258,0.37530533787502696,0.6163516395254951,58.73309865710302,-13.418073616410041,0.6129538100067293,reverse_rollout_failed,0.010931112173512052,8,0.17541911717573577,0.17541911717573577,1000000.0,0.006096688466356282,3.6966293910888335,0.0,-3.5273069623794537,13578.821714588299,1.0,3241.540848650783,False,lbfgsb_seed_1,10.2,0.0,0.0,1.1761738336470609,0.0,0.0,0.17541911717573577,0.17541911717573577,1000000.0,840.0,0.0,0.3562400957857079,0.0,4594.628242664887,0.0,622.9982947026972,3541.540848650783,0.0,-1000840.0,-839.8245808828243,0.447,0.2973528865028614,13578.8217045883,4594.628242664887,3541.540848650783,71.44510205558662,37.90040441079334,0.0,0.3562400957857079,3.217071044996357e+25,0.0,0.0,0.5257497036402362,0.12193376932712563,622.9982947026972,4077.337941527728,3634.205559186521,51.702946625347344,38.51972287649732,0.16226665627956394,0.28626295119123757,3.360146220175051e+25,-0.2613332813978196,-0.8,20.85681510760512,-0.09796818287542997,False,9,-20.85681510760512,3338.450529785481,9.99999945641839e-09,5.435816111641653e-16,0.09796818287542997,True,-0.34133328139781954,0.010931102173512052,-0.03534300402931989,False,26,622.9983047026972,3334.205559186521,-0.010931102173512052,0.010931112173512052,0.03534300402931989,True,-0.2613332813978196,0,7.5586233914634455,-0.09810632192184943,False,7,-7.5586233914634455,3339.461222228237,9.999992910920953e-09,7.089079046915146e-15,0.09810632192184943,True,-0.36133328139781956,41,0.010931102173512052,-0.03534300402931989,False,26,622.9983047026972,3334.205559186521,-0.010931102173512052,0.010931112173512052,0.03534300402931989,True,-0.2613332813978196,-0.2613332813978196,-0.36133328139781956,-1000000.0,,6,1,1,,,curvature,curvature,no feasible sigma on scan grid,26,622.9983047026972,3334.205559186521,-0.010931102173512052,0.010931112173512052,False,no_feasible_sigma,-0.2613332813978196,-0.36133328139781956,-0.2613332813978196,legacy_scan,7,no_feasible_sigma
0.5261998421987173,0.447,0,0,622.9142735964019,4594.628242664887,4076.4949200487326,0,0,3635.0007513186315,3542.2011293336,3549.431712476904,0.16312247410416605,0.0,0.35573062933950717,0.28559665018453195,8,50,0.0,-0.3156123705208302,193,10.2,1283.9874808261318,4594.628242664887,71.44510205558666,0.1734697727255258,0.37530533787502696,0.6163516395254951,58.73458491472036,-13.418073616410041,0.5808100680005737,reverse_rollout_failed,0.010973822578641506,8,0.17565463719064844,0.17565463719064844,1000000.0,0.0060728208731448685,3.6998717925983318,0.0,-3.5302899762808284,13556.268194655606,1.0,3242.2011293336,False,lbfgsb_seed_1,10.2,0.0,0.0,1.1771808550306875,0.0,0.0,0.17565463719064844,0.17565463719064844,1000000.0,840.0,0.0,0.35573062933950717,0.0,4594.628242664887,0.0,622.9142735964019,3542.2011293336,0.0,-1000840.0,-839.8243453628094,0.447,0.2971110546535458,13556.268184655606,4594.628242664887,3542.2011293336,71.44510205558662,37.844116485579235,0.0,0.35573062933950717,3.2218559962968427e+25,0.0,0.0,0.5261998421987173,0.12145641746289737,622.9142735964019,4076.4949200487326,3635.0007513186315,51.66426985810571,38.4654475221184,0.16312247410416605,0.28559665018453195,3.3652353519335967e+25,-0.2656123705208302,-0.8,15.610674737687734,-0.0978848651480062,False,9,-15.610674737687734,3338.759510976722,9.999996542421841e-09,3.4575781598517356e-15,0.0978848651480062,True,-0.34311237052083016,0.010973812578641506,-0.03559171719431986,False,27,622.9142835964019,3335.0007513186315,-0.010973812578641506,0.010973822578641506,0.03559171719431986,True,-0.2656123705208302,0,0.6713282994107633,-0.09803855509169002,False,7,-0.6713282994107633,3339.893418804829,9.999993887252111e-09,6.112747889116479e-15,0.09803855509169002,True,-0.3656123705208302,41,0.010973812578641506,-0.03559171719431986,False,27,622.9142835964019,3335.0007513186315,-0.010973812578641506,0.010973822578641506,0.03559171719431986,True,-0.2656123705208302,-0.2656123705208302,-0.3656123705208302,-1000000.0,,6,1,1,,,curvature,curvature,no feasible sigma on scan grid,27,622.9142835964019,3335.0007513186315,-0.010973812578641506,0.010973822578641506,False,no_feasible_sigma,-0.2656123705208302,-0.3656123705208302,-0.2656123705208302,legacy_scan,7,no_feasible_sigma
0.5298312685402033,0.447,0,0,708.0147111760566,4601.1282426648895,4080.343512258742,0,0,3641.3215855284943,3547.004908417408,3554.249375418829,0.17,0.0,0.35596720137233834,0.28378642741402194,8,50,0.0,-0.35,194,10.2,1283.9874808261318,4601.128242664887,71.44510205558666,0.1734697727255258,0.37530533787502696,0.6163516395254951,58.73309865710302,-13.418073616410041,0.4019671459973324,reverse_rollout_failed,0.010205228381266203,8,0.17662023848687736,0.17662023848687736,1000000.0,0.006028332247212509,3.685081030927102,0.0,-3.5144891246874375,14164.011421492985,1.0,3247.004908417408,False,lbfgsb_seed_1,10.2,0.0,0.0,1.1853048513203654,0.0,0.0,0.17662023848687736,0.17662023848687736,1000000.0,840.0,0.0,0.35596720137233834,0.0,4601.1282426648895,0.0,708.0147111760566,3547.004908417408,0.0,-1000840.0,-839.8233797615131,0.447,0.29718688343112754,14164.011411492986,4601.1282426648895,3547.004908417408,71.44510205558717,37.87362405578238,0.0,0.35596720137233834,3.217071044996357e+25,0.0,0.0,0.5298312685402033,0.12056664494425018,708.0147111760566,4080.343512258742,3641.3215855284943,51.94604276845083,38.506229172171416,0.17,0.28378642741402194,3.36008551394954e+25,-0.3,-0.8,0.010205218381266203,-0.037645933039501145,False,27,708.0147211760566,3341.3215855284943,-0.010205218381266203,0.010205228381266203,0.037645933039501145,True,-0.3,0.010205218381266203,-0.037645933039501145,False,27,708.0147211760566,3341.3215855284943,-0.010205218381266203,0.010205228381266203,0.037645933039501145,True,-0.3,0,0.013409211679803508,-0.045025407298473485,False,29,722.8148602821557,3352.929309341059,-0.013409211679803508,0.013409221679803508,0.045025407298473485,True,-0.39999999999999997,41,0.010205218381266203,-0.037645933039501145,False,27,708.0147211760566,3341.3215855284943,-0.010205218381266203,0.010205228381266203,0.037645933039501145,True,-0.3,-0.3,-0.39999999999999997,-1000000.0,,7,1,,,,curvature,curvature,no feasible sigma on scan grid,27,708.0147211760566,3341.3215855284943,-0.010205218381266203,0.010205228381266203,False,no_feasible_sigma,-0.3,-0.39999999999999997,-0.3,legacy_scan,7,no_feasible_sigma
0.5240994904056754,0.447,0,0,719.8447187791494,4594.628242664887,4093.837915569489,0,0,3631.988643758005,3537.5415704084235,3544.793998791726,0.1591229388713837,0.0,0.35648274796424223,0.28723362650798323,8,50,0.0,-0.3,195,10.2,1283.9874808261318,4594.628242664887,71.62010205558666,0.1734697727255258,0.37530533787502696,0.6163516395254951,58.73309865710302,-13.418073616410041,0.6732666070020059,reverse_rollout_failed,0.0111292473716306,8,0.17165803531132307,0.17165803531132307,1000000.0,0.006358077035912901,3.633453892120471,0.0,-3.468153933845061,13476.990011785503,1.0,3237.5415704084235,False,lbfgsb_seed_1,10.2,0.0,0.0,1.1724820814444639,0.0,0.0,0.17165803531132307,0.17165803531132307,1000000.0,840.0,0.0,0.35648274796424223,0.0,4594.628242664887,0.0,719.8447187791494,3537.5415704084235,0.0,-1000840.0,-839.8283419646887,0.447,0.2988195760295811,13476.990001785503,4594.628242664887,3537.5415704084235,71.62010205558666,37.90040441079334,0.0,0.35648274796424223,3.217071044996357e+25,0.0,0.0,0.5240994904056754,0.12716154071825803,719.8447187791494,4093.837915569489,3631.988643758005,53.10007878012162,38.43511234045791,0.1591229388713837,0.28723362650798323,3.3607500059190686e+25,-0.24561469435691846,-0.8,47.72746872766422,-0.09942049011640952,False,8,-47.72746872766422,3336.2461134455157,9.999998714425267e-09,1.2855747323834709e-15,0.09942049011640952,True,-0.3306146943569184,0.0111292373716306,-0.03155217666790988,False,33,719.8447287791494,3331.988643758005,-0.0111292373716306,0.0111292473716306,0.03155217666790988,True,-0.24561469435691846,0,37.90271027724768,-0.09952711987104879,False,6,-37.90271027724768,3337.0034536568533,9.999940253891935e-09,5.974610806630456e-14,0.09952711987104879,True,-0.34561469435691844,41,0.0111292373716306,-0.03155217666790988,False,33,719.8447287791494,3331.988643758005,-0.0111292373716306,0.0111292473716306,0.03155217666790988,True,-0.24561469435691846,-0.24561469435691846,-0.34561469435691844,-1000000.0,,6,1,1,,,curvature,curvature,no feasible sigma on scan grid,33,719.8447287791494,3331.988643758005,-0.0111292373716306,0.0111292473716306,False,no_feasible_sigma,-0.24561469435691846,-0.34561469435691844,-0.24561469435691846,legacy_scan,7,no_feasible_sigma
0.5234702714372075,0.447,0,0,717.4953665236167,4594.628242664887,4094.9849984546563,0,0,3630.7473151756794,3536.6140826314813,3543.8787323172064,0.15792164599895478,0.0,0.3573210682261269,0.2882929714988352,8,50,0.0,-0.3,196,10.2,1286.9874808261318,4594.628242664887,71.44510205558666,0.1734697727255258,0.37530533787502696,0.6163516395254951,58.73309865710302,-13.418073616410041,0.6993753280112287,reverse_rollout_failed,0.011006755287914501,8,0.17129734983124156,0.17129734983124156,1000000.0,0.006393142278706254,3.629082156112806,0.0,-3.4641779485602706,13453.532592775531,1.0,3236.6140826314813,False,lbfgsb_seed_1,10.2,0.0,0.0,1.1710744327454305,0.0,0.0,0.17129734983124156,0.17129734983124156,1000000.0,840.0,0.0,0.3573210682261269,0.0,4594.628242664887,0.0,717.4953665236167,3536.6140826314813,0.0,-1000840.0,-839.8287026501688,0.447,0.29916019540536665,13453.532582775531,4594.628242664887,3536.6140826314813,71.44510205558629,37.90040441079334,0.0,0.3573210682261269,3.217071044996357e+25,0.0,0.0,0.5234702714372075,0.12786284557412508,717.4953665236167,4094.9849984546563,3630.7473151756794,53.0175390883439,38.43323861022582,0.15792164599895478,0.2882929714988352,3.3604430912936263e+25,-0.23960822999477377,-0.8,52.01884801928483,-0.09949719622817099,False,7,-52.01884801928483,3335.9840802093986,9.999997311747953e-09,2.688252047504637e-15,0.09949719622817099,True,-0.33210822999477374,0.011006745287914501,-0.031149303882595847,False,31,717.4953765236166,3330.7473151756794,-0.011006745287914501,0.011006755287914501,0.031149303882595847,True,-0.23960822999477377,0,47.11262206915282,-0.09955129803391438,False,6,-47.11262206915282,3336.364474457926,9.999993370875013e-09,6.629124986696335e-15,0.09955129803391438,True,-0.33960822999477375,41,0.011006745287914501,-0.031149303882595847,False,31,717.4953765236166,3330.7473151756794,-0.011006745287914501,0.011006755287914501,0.031149303882595847,True,-0.23960822999477377,-0.23960822999477377,-0.33960822999477375,-1000000.0,,6,1,1,,,curvature,curvature,no feasible sigma on scan grid,31,717.4953765236166,3330.7473151756794,-0.011006745287914501,0.011006755287914501,False,no_feasible_sigma,-0.23960822999477377,-0.33960822999477375,-0.23960822999477377,legacy_scan,7,no_feasible_sigma
0.5298312685402033,0.447,0,0,897.3820245192635,4594.628242664887,4101.939050964675,0,0,3648.2797087355466,3561.2889534257074,3568.473203056582,0.17,0.0,0.3519043087367615,0.28199832720432044,8,50,0.0,-0.35,197,10.2,1283.9874808261318,4594.628242664887,71.44510205558666,0.1734697727255258,0.37530533787502696,0.6163516395254951,58.73309865710302,-13.408573616410042,0.4468147800071165,reverse_rollout_failed,0.00587331092851195,8,0.16580995085376826,0.16580995085376826,1000000.0,0.00621744189655844,3.60263536625288,0.0,-3.44304285729567,13811.783833593947,1.0,3261.2889534257074,False,lbfgsb_seed_1,10.2,0.0,0.0,1.1853048513203654,0.0,0.0,0.16580995085376826,0.16580995085376826,1000000.0,840.0,0.0,0.3519043087367615,0.0,4594.628242664887,0.0,897.3820245192635,3561.2889534257074,0.0,-1000840.0,-839.8341900491463,0.447,0.29015878878493706,13811.783823593947,4594.628242664887,3561.2889534257074,71.44510205558629,37.90040441079334,0.0,0.3519043087367615,3.217071044996357e+25,0.0,0.0,0.5298312685402033,0.1243488379311688,897.3820245192635,4101.939050964675,3648.2797087355466,53.89265324921285,38.562652482549204,0.17,0.28199832720432044,3.3463255136087035e+25,-0.3,-0.8,0.00587330092851195,-0.03356128990010232,False,28,897.3820345192635,3348.2797087355466,-0.00587330092851195,0.00587331092851195,0.03356128990010232,True,-0.3,0.00587330092851195,-0.03356128990010232,False,28,897.3820345192635,3348.2797087355466,-0.00587330092851195,0.00587331092851195,0.03356128990010232,True,-0.3,0,0.009737504509731557,-0.04058156829875914,False,30,944.7170884764178,3361.5471599381317,-0.009737504509731557,0.009737514509731557,0.04058156829875914,True,-0.39999999999999997,41,0.00587330092851195,-0.03356128990010232,False,28,897.3820345192635,3348.2797087355466,-0.00587330092851195,0.00587331092851195,0.03356128990010232,True,-0.3,-0.3,-0.39999999999999997,-1000000.0,,7,1,,,,curvature,curvature,no feasible sigma on scan grid,28,897.3820345192635,3348.2797087355466,-0.00587330092851195,0.00587331092851195,False,no_feasible_sigma,-0.3,-0.39999999999999997,-0.3,legacy_scan,7,no_feasible_sigma
0.44924059682415224,0.447,0,0,16826.234906637394,4585.106995645818,4576.7156241191615,0,1,-14305.774556108252,-14325.656875151564,-14305.774556108252,0.005000000000000001,0.0,87.9440048291858,87.69197171400059,1,50,0.0,-0.05,198,10.2,1334.9819521173235,4585.10699564582,73.86501594763104,0.1734697727255258,0.37530533787502696,0.6163516395254951,58.72973750339506,-14.8,0.07398007799929474,"target_anchor_infeasible: G_margin=17669.1, Tp_margin=-14625.7",2.2367123072331335e-15,1,8.391371526656149e+300,8.391371526656149e+300,1000000.0,2.288357812059581e+302,2.025738414626508,299.48983298684374,-2.2044440967930194e+302,17669.10193484549,0.0,-14625.656875151564,False,lbfgsb_seed_1,10.2,0.0,0.0,1.005012520859401,0.0,0.0,8.391371526656149e+300,8.391371526656149e+300,1000000.0,980.0,68797.07937103997,87.9440048291858,0.0,4585.106995645818,0.0,16826.234906637394,-14325.656875151564,213.90983902966823,-1069990.9892100696,8.391371526656149e+300,0.447,4.5851069956458177e+303,17669.10192484549,4585.106995645818,-14325.656875151564,73.86501594763101,38.067471055006294,0.0,87.9440048291858,3.2062761265775533e+25,0.0,0.0,0.44924059682415224,4.5767156241191615e+303,16826.234906637394,4576.7156241191615,-14305.774556108252,74.29222182467514,38.18359966866843,0.005000000000000001,87.69197171400059,3.1994538684923964e+25,-0.05,-0.1,14608.251993393165,-5.51325277388041e+300,False,4,17127.311687492027,-14608.251993393165,9.999999848997437e-09,1.5100256413883013e-16,5.51325277388041e+300,True,-0.0425,14605.774556108252,-8.391371526656149e+300,False,4,16826.234916637393,-14605.774556108252,9.999997763287692e-09,2.2367123072331335e-15,8.391371526656149e+300,True,-0.05,0,14605.774556108252,-8.391371526656149e+300,False,4,16826.234916637393,-14605.774556108252,9.999997763287692e-09,2.2367123072331335e-15,8.391371526656149e+300,True,-0.05,41,14640.599096128548,2.797245629704032e+301,False,4,20974.779616725198,-14640.599096128548,9.999530240435622e-09,4.697595643788219e-13,-2.797245629704032e+301,True,0.05,0.05,-0.05,-1000000.0,,,1,,,,curvature,curvature,no feasible sigma on scan grid,4,16826.234916637393,-14605.774556108252,9.999997763287692e-09,2.2367123072331335e-15,False,no_feasible_sigma,-0.05,-0.05,0.05,legacy_scan,0,no_feasible_sigma
0.44924059682415224,0.447,0,0,16774.831371646986,4585.106995645818,4576.695659755683,0,1,-14294.329476397299,-14314.178777846015,-14294.329476397299,0.005000000000000001,0.0,87.82635913276967,87.57452831538345,1,50,0.0,-0.05,199,10.2,1334.9819521173235,4585.10699564582,73.86501594763104,0.1734697727255258,0.37530533787502696,0.6163516395254951,58.731223761012394,-14.8,0.07407148598576896,"target_anchor_infeasible: G_margin=17617.4, Tp_margin=-14614.2",4.9564981184913946e-15,1,8.41133589013477e+300,8.41133589013477e+300,1000000.0,2.2883478298778415e+302,2.0257952449583114,299.0938320381844,-2.204234470976494e+302,17617.39057648232,0.0,-14614.178777846015,False,lbfgsb_seed_1,10.2,0.0,0.0,1.005012520859401,0.0,0.0,8.41133589013477e+300,8.41133589013477e+300,1000000.0,980.0,68602.05767190538,87.82635913276967,0.0,4585.106995645818,0.0,16774.831371646986,-14314.178777846015,213.57422135084482,-1069795.6318932562,8.41133589013477e+300,0.447,4.5851069956458177e+303,17617.39056648232,4585.106995645818,-14314.178777846015,73.86501594763082,38.01093501015016,0.0,87.82635913276967,3.2110450219196207e+25,0.0,0.0,0.44924059682415224,4.576695659755683e+303,16774.831371646986,4576.695659755683,-14294.329476397299,74.29227653147541,38.12691560162339,0.005000000000000001,87.57452831538345,3.2042175508107533e+25,-0.05,-0.1,14606.946274639995,5.728034112697651e+300,False,4,18292.92248734646,-14606.946274639995,9.999999893311393e-09,1.0668860684383884e-16,-5.728034112697651e+300,True,-0.012500000000000004,14594.329476397299,-8.41133589013477e+300,False,4,16774.831381646985,-14594.329476397299,9.999995043501882e-09,4.9564981184913946e-15,8.41133589013477e+300,True,-0.05,0,14594.329476397299,-8.41133589013477e+300,False,4,16774.831381646985,-14594.329476397299,9.999995043501882e-09,4.9564981184913946e-15,8.41133589013477e+300,True,-0.05,41,14629.086282283592,2.7999970435424164e+301,False,4,20916.975021324783,-14629.086282283592,9.999531481959616e-09,4.685180403838075e-13,-2.7999970435424164e+301,True,0.05,0.05,-0.05,-1000000.0,,,1,,,,curvature,curvature,no feasible sigma on scan grid,4,16774.831381646985,-14594.329476397299,9.999995043501882e-09,4.9564981184913946e-15,False,no_feasible_sigma,-0.05,-0.05,0.05,legacy_scan,0,no_feasible_sigma
0.44924059682415224,0.447,0,0,17538.8807895881,4591.606995645821,4583.268443889783,0,1,-14319.93678081894,-14339.833814270294,-14319.93678081894,0.005000000000000001,0.0,87.94867952695391,87.69654741450435,1,50,0.0,-0.05,200,10.2,1334.9819521173235,4591.60699564582,73.86501594763104,0.1734697727255258,0.37530533787502696,0.6163516395254951,58.72973750339506,-14.8,0.07359234700561501,"target_anchor_infeasible: G_margin=18405.8, Tp_margin=-14639.8",5.337092367904165e-15,1,8.338551756038202e+300,8.338551756038202e+300,1000000.0,2.291634221944892e+302,2.0071283020784767,299.9802100915648,-2.20824870438451e+302,18405.78514766439,0.0,-14639.833814270294,False,lbfgsb_seed_1,10.2,0.0,0.0,1.005012520859401,0.0,0.0,8.338551756038202e+300,8.338551756038202e+300,1000000.0,980.0,68804.83435265302,87.94867952695391,0.0,4591.606995645821,0.0,17538.8807895881,-14339.833814270294,214.3247341094519,-1069999.1590867625,8.338551756038202e+300,0.447,4.5916069956458215e+303,18405.78513766439,4591.606995645821,-14339.833814270294,73.86501594763052,38.04051685419339,0.0,87.94867952695391,3.2062761265775533e+25,0.0,0.0,0.44924059682415224,4.583268443889783e+303,17538.8807895881,4583.268443889783,-14319.93678081894,74.29187497771697,38.15625661126718,0.005000000000000001,87.69654741450435,3.1994569914700572e+25,-0.05,-0.1,14633.449777116832,6.584442669950216e+300,False,4,19206.752714625338,-14633.449777116832,9.999999649256473e-09,3.5074352762964057e-16,-6.584442669950216e+300,True,-0.010000000000000002,14619.93678081894,-8.338551756038202e+300,False,4,17538.8807995881,-14619.93678081894,9.999994662907632e-09,5.337092367904165e-15,8.338551756038202e+300,True,-0.05,0,14619.93678081894,-8.338551756038202e+300,False,4,17538.8807995881,-14619.93678081894,9.999994662907632e-09,5.337092367904165e-15,8.338551756038202e+300,True,-0.05,41,14654.725108831532,2.778193339720906e+301,False,4,21803.745899053352,-14654.725108831532,9.999629649950643e-09,3.703500493576528e-13,-2.778193339720906e+301,True,0.05,0.05,-0.05,-1000000.0,,,1,,,,curvature,curvature,no feasible sigma on scan grid,4,17538.8807995881,-14619.93678081894,9.999994662907632e-09,5.337092367904165e-15,False,no_feasible_sigma,-0.05,-0.05,0.05,legacy_scan,0,no_feasible_sigma
0.44924059682415224,0.447,0,0,16812.626925118126,4585.106995645818,4576.589954594668,0,1,-14376.063919410364,-14395.98577932676,-14376.063919410364,0.005000000000000001,0.0,87.95410340360823,87.70154596806837,1,50,0.0,-0.05,201,10.2,1334.9819521173235,4585.10699564582,74.04001594763105,0.1734697727255258,0.37530533787502696,0.6163516395254951,58.72973750339506,-14.8,0.07342620799317956,"target_anchor_infeasible: G_margin=17669.1, Tp_margin=-14696",1.54223601218719e-15,1,8.5170410511502e+300,8.5170410511502e+300,1000000.0,2.288294977297334e+302,2.02609615736081,301.92759733143464,-2.203124566785832e+302,17669.10193484549,0.0,-14695.98577932676,False,lbfgsb_seed_1,10.2,0.0,0.0,1.005012520859401,0.0,0.0,8.5170410511502e+300,8.5170410511502e+300,1000000.0,980.0,68813.83271496526,87.95410340360823,0.0,4585.106995645818,0.0,16812.626925118126,-14395.98577932676,215.97199802617436,-1070009.8047129915,8.5170410511502e+300,0.447,4.5851069956458177e+303,17669.10192484549,4585.106995645818,-14395.98577932676,74.04001594763078,38.067471055006294,0.0,87.95410340360823,3.2062761265775533e+25,0.0,0.0,0.44924059682415224,4.5765899545946675e+303,16812.626925118126,4576.589954594668,-14376.063919410364,74.4689932437503,38.183908230091255,0.005000000000000001,87.70154596806837,3.1994719405095036e+25,-0.05,-0.1,14686.143975075134,2.903471041381625e+300,False,4,18033.379965394404,-14686.143975075134,9.999999836497955e-09,1.635020449710401e-16,-2.903471041381625e+300,True,-0.020000000000000004,14676.063919410364,-8.5170410511502e+300,False,4,16812.626935118125,-14676.063919410364,9.999998457763987e-09,1.54223601218719e-15,8.5170410511502e+300,True,-0.05,0,14676.063919410364,-8.5170410511502e+300,False,4,16812.626935118125,-14676.063919410364,9.999998457763987e-09,1.54223601218719e-15,8.5170410511502e+300,True,-0.05,41,14710.959184233165,2.8071817326760164e+301,False,4,20987.82318289318,-14710.959184233165,9.999524447209442e-09,4.755527905586325e-13,-2.8071817326760164e+301,True,0.05,0.05,-0.05,-1000000.0,,,1,,,,curvature,curvature,no feasible sigma on scan grid,4,16812.626935118125,-14676.063919410364,9.999998457763987e-09,1.54223601218719e-15,False,no_feasible_sigma,-0.05,-0.05,0.05,legacy_scan,0,no_feasible_sigma
0.44924059682415224,0.447,0,0,16817.190682622087,4585.106995645818,4576.63183007587,0,1,-14390.773709209569,-14410.745720782723,-14390.773709209569,0.005000000000000001,0.0,88.1416344780879,87.88878449694947,1,50,0.0,-0.05,202,10.2,1337.9819521173235,4585.10699564582,73.86501594763104,0.1734697727255258,0.37530533787502696,0.6163516395254951,58.72973750339506,-14.8,0.07366713600640651,"target_anchor_infeasible: G_margin=17669.1, Tp_margin=-14710.7",1.9551571148405236e-15,1,8.475165569947758e+300,8.475165569947758e+300,1000000.0,2.2883159150379352e+302,2.025976947153166,302.43901020493473,-2.2035642593384576e+302,17669.10193484549,0.0,-14710.745720782723,False,lbfgsb_seed_1,10.2,0.0,0.0,1.005012520859401,0.0,0.0,8.475165569947758e+300,8.475165569947758e+300,1000000.0,980.0,69125.31383687974,88.1416344780879,0.0,4585.106995645818,0.0,16817.190682622087,-14410.745720782723,216.40603966152722,-1070321.7198765413,8.475165569947758e+300,0.447,4.5851069956458177e+303,17669.10192484549,4585.106995645818,-14410.745720782723,73.86501594763101,38.067471055006294,0.0,88.1416344780879,3.2062761265775533e+25,0.0,0.0,0.44924059682415224,4.57663183007587e+303,16817.190682622087,4576.63183007587,-14390.773709209569,74.29282974725477,38.183840393151264,0.005000000000000001,87.88878449694947,3.199462987252981e+25,-0.05,-0.1,14702.6107067653,4.7742515263113794e+300,False,4,18240.26585617776,-14702.6107067653,9.999999852083207e-09,1.47916793410999e-16,-4.7742515263113794e+300,True,-0.015,14690.773709209569,-8.475165569947758e+300,False,4,16817.190692622087,-14690.773709209569,9.999998044842885e-09,1.9551571148405236e-15,8.475165569947758e+300,True,-0.05,0,14690.773709209569,-8.475165569947758e+300,False,4,16817.190692622087,-14690.773709209569,9.999998044842885e-09,1.9551571148405236e-15,8.475165569947758e+300,True,-0.05,41,14725.773486610466,2.8019204782498364e+301,False,4,20980.836018608323,-14725.773486610466,9.99951530536312e-09,4.846946368815335e-13,-2.8019204782498364e+301,True,0.05,0.05,-0.05,-1000000.0,,,1,,,,curvature,curvature,no feasible sigma on scan grid,4,16817.190692622087,-14690.773709209569,9.999998044842885e-09,1.9551571148405236e-15,False,no_feasible_sigma,-0.05,-0.05,0.05,legacy_scan,0,no_feasible_sigma
0.44924059682415224,0.447,0,0,16531.401324576927,4585.106995645818,4577.137183680162,0,1,-13950.540382351039,-13970.077465532931,-13950.540382351039,0.005000000000000001,0.0,87.11327494338033,86.86500793190095,1,50,0.0,-0.05,203,10.2,1334.9819521173235,4585.10699564582,73.86501594763104,0.1734697727255258,0.37530533787502696,0.6163516395254951,58.72973750339506,-14.790500000000002,0.07438949700735975,"target_anchor_infeasible: G_margin=17313.9, Tp_margin=-14270.1",2.6901712196178244e-15,1,7.969811965655829e+300,7.969811965655829e+300,1000000.0,2.288568591840081e+302,2.0245385940656218,287.32081925371335,-2.2088704721835228e+302,17313.90974281977,0.0,-14270.077465532931,False,lbfgsb_seed_1,10.2,0.0,0.0,1.005012520859401,0.0,0.0,7.969811965655829e+300,7.969811965655829e+300,1000000.0,980.0,67425.89921927173,87.11327494338033,0.0,4585.106995645818,0.0,16531.401324576927,-13970.077465532931,203.63511087231078,-1068609.534330144,7.969811965655829e+300,0.447,4.5851069956458177e+303,17313.90973281977,4585.106995645818,-13970.077465532931,73.86501594763101,38.067471055006294,0.0,87.11327494338033,3.2062761265775533e+25,0.0,0.0,0.44924059682415224,4.577137183680162e+303,16531.401324576927,4577.137183680162,-13950.540382351039,74.28913569652393,38.18245020500364,0.005000000000000001,86.86500793190095,3.1994028419536313e+25,-0.05,-0.1,14264.634404858341,7.804945208901829e+300,False,4,18208.644411623813,-14264.634404858341,9.999999781172233e-09,2.1882776679278376e-16,-7.804945208901829e+300,True,-0.0075,14250.540382351039,-7.969811965655829e+300,False,4,16531.401334576927,-14250.540382351039,9.999997309828781e-09,2.6901712196178244e-15,7.969811965655829e+300,True,-0.05,0,14250.540382351039,-7.969811965655829e+300,False,4,16531.401334576927,-14250.540382351039,9.999997309828781e-09,2.6901712196178244e-15,7.969811965655829e+300,True,-0.05,41,14284.669116740737,2.7982973931785694e+301,False,4,20559.41349518175,-14284.669116740737,9.999499757288676e-09,5.002427113250143e-13,-2.7982973931785694e+301,True,0.05,0.05,-0.05,-1000000.0,,,1,,,,curvature,curvature,no feasible sigma on scan grid,4,16531.401334576927,-14250.540382351039,9.999997309828781e-09,2.6901712196178244e-15,False,no_feasible_sigma,-0.05,-0.05,0.05,legacy_scan,0,no_feasible_sigma
0.447806786243458,0.3638494183072724,48,48,-1.0000121164921438e-05,4591.794144075939,4301.550681450793,0,0,2091.2243567940386,1937.1819199501647,1937.1819199501647,0.0018032640665769585,-0.20581849853750675,0.7721218787007492,0.7452293523893735,50,50,0.04652646666149887,-0.018032640665769584,204,10.2,1299.5114781600187,4591.794144075936,72.1827836307372,0.1734697727255258,0.37530533787502696,0.6163516395254951,58.73207566831858,-13.857222551856196,1.5148180029937066,,1.0099997256269791e-06,50,0.28494167742179366,0.28494167742179366,0.0,0.052847661167386775,2.884730087680267,0.8258731696844088,-3.478509241110269,5878.293709333267,1.0,1660.7174269721113,True,lbfgsb_seed_1,10.2,0.0,1.4680938186956381e-30,1.2307475667455463,0.0,0.0,0.28494167742179366,0.28494167742179366,0.0,0.0,0.0,0.7721218787007492,0.0,4591.794144075939,0.0,-1.0000121164921438e-05,1937.1819199501647,0.0,0.28494167742179366,0.28494167742179366,0.447,1.341894900769529,5878.293699333267,4591.794144075939,1960.7174269721113,72.18278363073743,37.950902346160554,0.0,0.751823966976913,3.213781700166868e+25,0.0,0.0,0.3638494183072724,1.0569532233477354,-1.000002225737262e-05,4301.550681450793,2091.2243567940386,52.48151626642534,33.85146382146756,-0.20581849853750675,0.7721218787007492,3.7225428821405173e+25,0.03891763454639628,-5.0,,,,,,,,,,,,,,,,,,,,,,,,,,,,,,,,,,,,,,,,,,,,,,,,,-3.478509241110269,48,,,2,,,curvature,curvature,,6,-2.2257372619697495e-11,1791.2243567940386,9.999712900182924e-09,2.8709981707697703e-13,True,completed_requested_steps,0.03891763454639628,-0.010935585246532993,0.08906441475346702,least_squares_G_boundary,49,G_supported
0.44783223631513597,0.3638612425787073,48,48,-1.0000068868976086e-05,4591.794144075939,4301.328481617078,0,0,2092.9003413997066,1938.7406909342399,1938.7406909342399,0.0018600951582193378,-0.20578600135951694,0.7707454281655137,0.7438777295191851,50,50,0.0465352018647821,-0.018600951582193378,205,10.2,1299.5114781600187,4591.794144075936,72.1827836307372,0.1734697727255258,0.37530533787502696,0.6163516395254951,58.73356192593592,-13.857222551856196,1.5318703609955264,,1.0099987598145665e-06,50,0.28474201599009286,0.28474201599009286,0.0,0.052759992832253105,2.885484927365342,0.8228297906327688,-3.4763326948402713,5868.61089840972,1.0,1662.3539361278372,True,lbfgsb_seed_1,10.2,0.0,4.742935867073445e-31,1.230777516014954,0.0,0.0,0.28474201599009286,0.28474201599009286,0.0,0.0,0.0,0.7707454281655137,0.0,4591.794144075939,0.0,-1.0000068868976086e-05,1938.7406909342399,0.0,0.28474201599009286,0.28474201599009286,0.447,1.3399418726351549,5868.61088840972,4591.794144075939,1962.3539361278372,72.18278363073759,37.89453942375147,0.0,0.7505049612515142,3.2185617590187483e+25,0.0,0.0,0.3638612425787073,1.055199856645062,-1.000000133899448e-05,4301.328481617078,2092.9003413997066,52.484204888095896,33.80164232741921,-0.20578600135951694,0.7707454281655137,3.728125966950838e+25,0.03892393193071384,-5.0,,,,,,,,,,,,,,,,,,,,,,,,,,,,,,,,,,,,,,,,,,,,,,,,,-3.4763326948402713,48,,,2,,,curvature,curvature,,6,-1.3389944789201453e-12,1792.9003413997066,9.999996491308288e-09,3.5086917125219137e-15,True,completed_requested_steps,0.03892393193071384,-0.01092922854627882,0.08907077145372119,least_squares_G_boundary,49,G_supported
0.44793388282990715,0.44663096969754934,0,0,179.0385338082051,4598.294144075938,4339.123910536692,0,0,1964.5001607113559,1940.306673929335,1940.306673929335,0.0020870439410209662,-0.000825912117958068,0.7511201278963627,0.7440532043470174,2,50,0.02912956058979034,-0.020870439410209662,206,10.2,1299.5114781600187,4598.294144075936,72.1827836307372,0.1734697727255258,0.37530533787502696,0.6163516395254951,58.73207566831858,-13.857222551856196,0.6746017429977655,reverse_rollout_failed,2.4294744479169035e-05,2,0.10438591070392178,0.10438591070392178,1000000.0,0.06181541477022001,2.75850938455093,1.122949945318709,-3.838888833935937,6163.113890619422,1.0,1664.5001607113559,False,lbfgsb_seed_1,10.2,0.0,0.0,1.002917202838039,0.0,0.0,0.10438591070392178,0.10438591070392178,1000000.0,960.0,0.0,0.7511201278963627,0.0,4598.294144075938,0.0,179.0385338082051,1940.306673929335,0.0,-1000960.0,-959.895614089296,0.447,1.340694206108322,6163.113880619422,4598.294144075938,1964.5001607113559,72.18278363073715,37.92406977584147,0.0,0.7511201278963627,3.213781700166868e+25,0.0,0.0,0.44663096969754934,1.2363082954044002,179.0385338082051,4339.123910536692,1940.306673929335,69.97579225975737,38.402309364241034,-0.000825912117958068,0.7440532043470174,3.267166871657877e+25,0.02912956058979034,-0.2,2.4284744479169034e-05,-0.03543104253900475,False,25,179.0385438082051,1640.306673929335,-2.4284744479169034e-05,2.4294744479169035e-05,0.03543104253900475,True,0.02912956058979034,2.4284744479169034e-05,-0.03543104253900475,False,25,179.0385438082051,1640.306673929335,-2.4284744479169034e-05,2.4294744479169035e-05,0.03543104253900475,True,0.02912956058979034,0,0.0015079113796982147,-0.041619326810430124,False,28,190.68900949557658,1645.8851739583356,-0.0015079113796982147,0.0015079213796982147,0.041619326810430124,True,-0.07087043941020967,41,2.4284744479169034e-05,-0.03543104253900475,False,25,179.0385438082051,1640.306673929335,-2.4284744479169034e-05,2.4294744479169035e-05,0.03543104253900475,True,0.02912956058979034,0.02912956058979034,-0.07087043941020967,-1000000.0,,,1,1,,,curvature,curvature,no feasible sigma on scan grid,25,179.0385438082051,1640.306673929335,-2.4284744479169034e-05,2.4294744479169035e-05,False,no_feasible_sigma,0.02912956058979034,-0.07087043941020967,0.02912956058979034,legacy_scan,1,no_feasible_sigma
0.44774961506890004,0.3632463609467059,48,48,-1.0000073416449595e-05,4591.794144075939,4302.707931183715,0,0,2081.2086908629994,1927.186167323342,1927.186167323342,0.0016755866259336475,-0.20747731025408447,0.7748271143011038,0.7473696869283666,50,50,0.04686745476677728,-0.016755866259336474,207,10.2,1299.5114781600187,4591.794144075936,72.35778363073722,0.1734697727255258,0.37530533787502696,0.6163516395254951,58.73207566831858,-13.857222551856196,1.557876765000401,,1.0099995808266692e-06,50,0.28640552507493,0.28640552507493,0.0,0.05337041042721052,2.8808003668666644,0.8441774697456833,-3.4919427219646284,5834.149170925125,1.0,1650.78908687297,True,lbfgsb_seed_1,10.2,0.0,5.3899750710507035e-31,1.2326334499317726,0.0,0.0,0.28640552507493,0.28640552507493,0.0,0.0,0.0,0.7748271143011038,0.0,4591.794144075939,0.0,-1.0000073416449595e-05,1927.186167323342,0.0,0.28640552507493,0.28640552507493,0.447,1.3538137336191403,5834.149160925125,4591.794144075939,1950.78908687297,72.35778363073733,37.950902346160554,0.0,0.7538218582682565,3.213781700166868e+25,0.0,0.0,0.3632463609467059,1.0674082085442103,-9.999956319006742e-06,4302.707931183715,2081.2086908629994,52.55475150428904,33.82399233545444,-0.20747731025408447,0.7748271143011038,3.7250652467941115e+25,0.039190831937778385,-5.0,,,,,,,,,,,,,,,,,,,,,,,,,,,,,,,,,,,,,,,,,,,,,,,,,-3.4919427219646284,48,,,2,,,curvature,curvature,,6,4.36809932588398e-11,1781.2086908629994,9.999654332481144e-09,3.456675188569373e-13,True,completed_requested_steps,0.039190831937778385,-0.010661223344093779,0.08933877665590623,least_squares_G_boundary,49,G_supported
0.44771155971991683,0.363245199742595,48,48,-1.0000093197959359e-05,4591.794144075939,4302.982062751847,0,0,2078.8575097860326,1925.074614182965,1925.074614182965,0.0015905905365943913,-0.20748050699902623,0.7769996230515107,0.7495005716329796,50,50,0.04684336493664401,-0.015905905365943912,208,10.2,1302.5114781600187,4591.794144075936,72.1827836307372,0.1734697727255258,0.37530533787502696,0.6163516395254951,58.73207566831858,-13.857222551856196,1.5164409010030795,,1.0099986604240021e-06,50,0.2866336626283257,0.2866336626283257,0.0,0.05349391534763566,2.879869879341978,0.8485034872775891,-3.495233619338877,5824.28073092376,1.0,1648.555408735016,True,lbfgsb_seed_1,10.2,0.0,8.685859628492791e-31,1.2325326254474303,0.0,0.0,0.2866336626283257,0.2866336626283257,0.0,0.0,0.0,0.7769996230515107,0.0,4591.794144075939,0.0,-1.0000093197959359e-05,1925.074614182965,0.0,0.2866336626283257,0.2866336626283257,0.447,1.3565119695810388,5824.28072092376,4591.794144075939,1948.555408735016,72.18278363073743,37.950902346160554,0.0,0.7559076317575557,3.213781700166868e+25,0.0,0.0,0.363245199742595,1.0698783069527131,-1.0000026350098778e-05,4302.982062751847,2078.8575097860326,52.423894820943836,33.824311382021854,-0.20748050699902623,0.7769996230515107,3.7249114524724335e+25,0.039173970442904875,-5.0,,,,,,,,,,,,,,,,,,,,,,,,,,,,,,,,,,,,,,,,,,,,,,,,,-3.495233619338877,48,,,2,,,curvature,curvature,,6,-2.6350098777675672e-11,1778.8575097860326,9.999805214332885e-09,1.9478566711427724e-13,True,completed_requested_steps,0.039173970442904875,-0.010678238408347702,0.08932176159165231,least_squares_G_boundary,49,G_supported
0.448129208085743,0.447,0,0,174.91074258436788,4591.794144075939,4336.574579926531,0,0,2010.11932619263,1986.9979357227858,1986.9979357227858,0.0025230071246624,0.0,0.7355238585126816,0.7281426686779731,2,50,0.024769928753376004,-0.025230071246624,209,10.2,1299.5114781600187,4591.794144075936,72.1827836307372,0.1734697727255258,0.37530533787502696,0.6163516395254951,58.73207566831858,-13.847722551856195,0.652127476001624,reverse_rollout_failed,6.873983160320699e-05,2,0.10186345166279853,0.10186345166279853,1000000.0,0.059123781710147295,2.7669841281465954,1.0261731822298972,-3.7504176404238416,5965.963705994159,1.0,1710.11932619263,False,lbfgsb_seed_1,10.2,0.0,0.0,1.0025261925855549,0.0,0.0,0.10186345166279853,0.10186345166279853,1000000.0,960.0,0.0,0.7355238585126816,0.0,4591.794144075939,0.0,174.91074258436788,1986.9979357227858,0.0,-1000960.0,-959.8981365483372,0.447,1.2843390858657444,5965.963695994159,4591.794144075939,2010.11932619263,72.18278363073775,37.950902346160554,0.0,0.7355238585126816,3.213781700166868e+25,0.0,0.0,0.4470205688426745,1.1824756342029459,174.91074258436788,4336.574579926531,1986.9979357227858,69.97572910648056,38.43858482790812,4.601424932479956e-05,0.7281426686779731,3.2650428468515738e+25,0.024769928753376004,-0.2,6.872983160320699e-05,-0.034565771852604676,False,26,174.91075258436788,1686.9979357227858,-6.872983160320699e-05,6.873983160320699e-05,0.034565771852604676,True,0.024769928753376004,6.872983160320699e-05,-0.034565771852604676,False,26,174.91075258436788,1686.9979357227858,-6.872983160320699e-05,6.873983160320699e-05,0.034565771852604676,True,0.024769928753376004,0,0.0015923704082860836,-0.04026208027701328,False,25,186.57017776825936,1692.4018635530974,-0.0015923704082860836,0.0015923804082860836,0.04026208027701328,True,-0.07523007124662401,41,6.872983160320699e-05,-0.034565771852604676,False,26,174.91075258436788,1686.9979357227858,-6.872983160320699e-05,6.873983160320699e-05,0.034565771852604676,True,0.024769928753376004,0.024769928753376004,-0.07523007124662401,-1000000.0,,,1,1,,,curvature,curvature,no feasible sigma on scan grid,26,174.91075258436788,1686.9979357227858,-6.872983160320699e-05,6.873983160320699e-05,False,no_feasible_sigma,0.024769928753376004,-0.07523007124662401,0.024769928753376004,legacy_scan,1,no_feasible_sigma
0.49128244637007185,0.447,0,0,823.6415631237512,4594.38166869283,4227.771667504787,0,0,3405.1737400502443,3367.3484867497427,3375.0773004997554,0.09446061497926714,0.0,0.39404974454980984,0.3521353699053558,6,50,0.0,-0.24730307489633563,210,10.2,1285.786536131779,4594.381668692834,71.53186080813296,0.1734697727255258,0.37530533787502696,0.6163516395254951,58.73298039764547,-13.492424330189333,0.9953996429976542,reverse_rollout_failed,0.014787389713502283,6,0.11880739560846942,0.11880739560846942,1000000.0,0.012279205454681663,3.140793262498764,0.0,-3.034265072344976,11773.433970397322,1.0,3067.3484867497427,False,lbfgsb_seed_1,10.2,0.0,0.0,1.0990658755482592,0.0,0.0,0.11880739560846942,0.11880739560846942,1000000.0,880.0,0.0,0.39404974454980984,0.0,4594.38166869283,0.0,823.6415631237512,3367.3484867497427,0.0,-1000880.0,-879.8811926043916,0.447,0.3643915047021027,11773.433960397322,4594.38166869283,3367.3484867497427,71.53186080813316,37.90590389430293,0.0,0.39404974454980984,3.2166906184146367e+25,0.0,0.0,0.49128244637007185,0.24558410909363326,823.6415631237512,4227.771667504787,3394.2080961366664,65.15272204835567,38.96477332596288,0.09446061497926714,0.3521353699053558,3.262133789402127e+25,-0.19730307489633564,-0.6000000000000001,0.014787379713502283,-0.004854239719848774,False,43,823.6415731237512,3094.2080961366664,-0.014787379713502283,0.014787389713502283,0.004854239719848774,True,-0.19730307489633564,0.014787379713502283,-0.004854239719848774,False,43,823.6415731237512,3094.2080961366664,-0.014787379713502283,0.014787389713502283,0.004854239719848774,True,-0.19730307489633564,0,0.023124672620962683,0.0013064586067805806,False,60,1077.5352700824044,3093.602613895157,-0.023124672620962683,0.023124682620962685,-0.0013064586067805806,True,-0.2973030748963356,41,0.014787379713502283,-0.004854239719848774,False,43,823.6415731237512,3094.2080961366664,-0.014787379713502283,0.014787389713502283,0.004854239719848774,True,-0.19730307489633564,-0.19730307489633564,-0.2973030748963356,-1000000.0,,4,1,1,,,curvature,curvature,no feasible sigma on scan grid,43,823.6415731237512,3094.2080961366664,-0.014787379713502283,0.014787389713502283,False,no_feasible_sigma,-0.19730307489633564,-0.2973030748963356,-0.19730307489633564,legacy_scan,5,no_feasible_sigma
0.49151671618866244,0.447,0,0,825.9933487403036,4594.38166869283,4227.736030214004,0,0,3405.9184112699786,3368.1174722742653,3375.8368052431183,0.09493735495209696,0.0,0.3934778575865197,0.3514672658931274,6,50,0.0,-0.2496867747604847,211,10.2,1285.786536131779,4594.381668692834,71.53186080813296,0.1734697727255258,0.37530533787502696,0.6163516395254951,58.73446665526281,-13.492424330189333,1.0071729509945726,reverse_rollout_failed,0.014993138769175204,6,0.1188548807175509,0.1188548807175509,1000000.0,0.012261255772813074,3.140919578601617,0.0,-3.0343259536568796,11753.884039798295,1.0,3068.1174722742653,False,lbfgsb_seed_1,10.2,0.0,0.0,1.0995899691021531,0.0,0.0,0.1188548807175509,0.1188548807175509,1000000.0,880.0,0.0,0.3934778575865197,0.0,4594.38166869283,0.0,825.9933487403036,3368.1174722742653,0.0,-1000880.0,-879.8811451192825,0.447,0.36407999617381237,11753.884029798295,4594.38166869283,3368.1174722742653,71.5318608081323,37.84960780151064,0.0,0.3934778575865197,3.221475003882835e+25,0.0,0.0,0.49151671618866244,0.24522511545626147,825.9933487403036,4227.736030214004,3395.1580141916143,65.1742010482162,38.90923769812562,0.09493735495209696,0.3514672658931274,3.2668036411202945e+25,-0.1996867747604847,-0.6000000000000001,0.014993128769175204,-0.004915908398873681,False,46,825.9933587403036,3095.1580141916143,-0.014993128769175204,0.014993138769175204,0.004915908398873681,True,-0.1996867747604847,0.014993128769175204,-0.004915908398873681,False,46,825.9933587403036,3095.1580141916143,-0.014993128769175204,0.014993138769175204,0.004915908398873681,True,-0.1996867747604847,0,0.023337453803642702,0.001128182358574037,False,56,1079.3764224948275,3094.782968978845,-0.023337453803642702,0.023337463803642704,-0.001128182358574037,True,-0.2996867747604847,41,0.014993128769175204,-0.004915908398873681,False,46,825.9933587403036,3095.1580141916143,-0.014993128769175204,0.014993138769175204,0.004915908398873681,True,-0.1996867747604847,-0.1996867747604847,-0.2996867747604847,-1000000.0,,4,1,1,,,curvature,curvature,no feasible sigma on scan grid,46,825.9933587403036,3095.1580141916143,-0.014993128769175204,0.014993138769175204,False,no_feasible_sigma,-0.1996867747604847,-0.2996867747604847,-0.1996867747604847,legacy_scan,5,no_feasible_sigma
0.49154750824136806,0.447,0,0,917.8604161332214,4600.881668692835,4226.568005939419,0,0,3417.1315157734844,3372.6297855755647,3380.36923559534,0.09500000000000001,0.0,0.3937446477768615,0.34824027225563864,6,50,0.0,-0.25,212,10.2,1285.786536131779,4600.881668692834,71.53186080813296,0.1734697727255258,0.37530533787502696,0.6163516395254951,58.73298039764547,-13.492424330189333,0.706963213000563,reverse_rollout_failed,0.010580957145352732,6,0.1273062306509678,0.1273062306509678,1000000.0,0.011843800661893967,3.145061037557688,0.0,-3.029598607568614,12288.180131651681,1.0,3072.6297855755647,False,lbfgsb_seed_1,10.2,0.0,0.0,1.099658855126103,0.0,0.0,0.1273062306509678,0.1273062306509678,1000000.0,880.0,0.0,0.3937446477768615,0.0,4600.881668692835,0.0,917.8604161332214,3372.6297855755647,0.0,-1000880.0,-879.872693769349,0.447,0.3641822438888471,12288.180121651681,4600.881668692835,3372.6297855755647,71.53186080813305,37.87911821741812,0.0,0.3937446477768615,3.2166906184146367e+25,0.0,0.0,0.49154750824136806,0.23687601323787932,917.8604161332214,4226.568005939419,3417.1315157734844,64.06526648466074,38.689692604410034,0.09500000000000001,0.34824027225563864,3.285795080345073e+25,-0.2,-0.6000000000000001,0.010580947145352732,-0.01884709832935494,False,41,917.8604261332214,3117.1315157734844,-0.010580947145352732,0.010580957145352732,0.01884709832935494,True,-0.2,0.010580947145352732,-0.01884709832935494,False,41,917.8604261332214,3117.1315157734844,-0.010580947145352732,0.010580957145352732,0.01884709832935494,True,-0.2,0,0.01967432202563833,-0.01575890279495873,False,47,1184.4294582102882,3123.2094683778187,-0.01967432202563833,0.01967433202563833,0.01575890279495873,True,-0.3,41,0.010580947145352732,-0.01884709832935494,False,41,917.8604261332214,3117.1315157734844,-0.010580947145352732,0.010580957145352732,0.01884709832935494,True,-0.2,-0.2,-0.3,-1000000.0,,5,1,,,,curvature,curvature,no feasible sigma on scan grid,41,917.8604261332214,3117.1315157734844,-0.010580947145352732,0.010580957145352732,False,no_feasible_sigma,-0.2,-0.3,-0.2,legacy_scan,5,no_feasible_sigma
0.4905829076967693,0.447,0,0,787.2660454521099,4594.38166869283,4227.207470591182,0,0,3400.4235508945358,3362.692097882245,3370.4343348109137,0.09303569701313973,0.0,0.39436819267048895,0.35299531037424936,6,50,0.0,-0.24017848506569864,213,10.2,1285.786536131779,4594.381668692834,71.70686080813296,0.1734697727255258,0.37530533787502696,0.6163516395254951,58.73298039764547,-13.492424330189333,1.0143352480081376,reverse_rollout_failed,0.013957047976236292,6,0.11865116993121516,0.11865116993121516,1000000.0,0.012381481786614114,3.1427933523277156,0.0,-3.0365236641831146,11685.192647271087,1.0,3062.692097882245,False,lbfgsb_seed_1,10.2,0.0,0.0,1.0975009120733095,0.0,0.0,0.11865116993121516,0.11865116993121516,1000000.0,880.0,0.0,0.39436819267048895,0.0,4594.38166869283,0.0,787.2660454521099,3362.692097882245,0.0,-1000880.0,-879.8813488300688,0.447,0.3662808056634974,11685.192637271088,4594.38166869283,3362.692097882245,71.70686080813286,37.90590389430293,0.0,0.39436819267048895,3.2166906184146367e+25,0.0,0.0,0.4905829076967693,0.24762963573228225,787.2660454521099,4227.207470591182,3388.1909739263847,65.31895773095339,38.96780515404631,0.09303569701313973,0.35299531037424936,3.262097655303629e+25,-0.19017848506569862,-0.6000000000000001,0.013957037976236292,-0.0045782361062047805,False,45,787.2660554521099,3088.1909739263847,-0.013957037976236292,0.013957047976236292,0.0045782361062047805,True,-0.19017848506569862,0.013957037976236292,-0.0045782361062047805,False,45,787.2660554521099,3088.1909739263847,-0.013957037976236292,0.013957047976236292,0.0045782361062047805,True,-0.19017848506569862,0,0.022161070619204387,0.0020575781845573182,False,52,1035.2270908176506,3086.5008683348333,-0.022161070619204387,0.02216108061920439,-0.0020575781845573182,True,-0.29017848506569865,41,0.013957037976236292,-0.0045782361062047805,False,45,787.2660554521099,3088.1909739263847,-0.013957037976236292,0.013957047976236292,0.0045782361062047805,True,-0.19017848506569862,-0.19017848506569862,-0.29017848506569865,-1000000.0,,4,1,1,,,curvature,curvature,no feasible sigma on scan grid,45,787.2660554521099,3088.1909739263847,-0.013957037976236292,0.013957047976236292,False,no_feasible_sigma,-0.19017848506569862,-0.29017848506569865,-0.19017848506569862,legacy_scan,5,no_feasible_sigma
0.49024524683800097,0.447,0,0,781.2539203012461,4594.38166869283,4227.224306218987,0,0,3399.388417807639,3361.6159738993183,3369.372955644336,0.09234717503190042,0.0,0.3953057662903152,0.3540448120360127,6,50,0.0,-0.2367358751595021,214,10.2,1288.786536131779,4594.381668692834,71.53186080813296,0.1734697727255258,0.37530533787502696,0.6163516395254951,58.73298039764547,-13.492424330189333,1.0054303799988702,reverse_rollout_failed,0.01367050737789685,6,0.11862961301885,0.11862961301885,1000000.0,0.012404428393474033,3.1427336604607508,0.0,-3.036508475835375,11664.935635495785,1.0,3061.6159738993183,False,lbfgsb_seed_1,10.2,0.0,0.0,1.096745518653246,0.0,0.0,0.11862961301885,0.11862961301885,1000000.0,880.0,0.0,0.3953057662903152,0.0,4594.38166869283,0.0,781.2539203012461,3361.6159738993183,0.0,-1000880.0,-879.8813703869812,0.447,0.36671818088833064,11664.935625495786,4594.38166869283,3361.6159738993183,71.53186080813285,37.90590389430293,0.0,0.3953057662903152,3.2166906184146367e+25,0.0,0.0,0.49024524683800097,0.24808856786948064,781.2539203012461,4227.224306218987,3386.958598166609,65.11861570062378,38.9631979079759,0.09234717503190042,0.3540448120360127,3.2624768889193333e+25,-0.18673587515950207,-0.6000000000000001,0.01367049737789685,-0.004524770393935951,False,42,781.2539303012461,3086.958598166609,-0.01367049737789685,0.01367050737789685,0.004524770393935951,True,-0.18673587515950207,0.01367049737789685,-0.004524770393935951,False,42,781.2539303012461,3086.958598166609,-0.01367049737789685,0.01367050737789685,0.004524770393935951,True,-0.18673587515950207,0,0.02186788186373254,0.0022678295269731308,False,54,1028.9385929897333,3084.9621090840046,-0.02186788186373254,0.02186789186373254,-0.0022678295269731308,True,-0.2867358751595021,41,0.01367049737789685,-0.004524770393935951,False,42,781.2539303012461,3086.958598166609,-0.01367049737789685,0.01367050737789685,0.004524770393935951,True,-0.18673587515950207,-0.18673587515950207,-0.2867358751595021,-1000000.0,,4,1,1,,,curvature,curvature,no feasible sigma on scan grid,42,781.2539303012461,3086.958598166609,-0.01367049737789685,0.01367050737789685,False,no_feasible_sigma,-0.18673587515950207,-0.2867358751595021,-0.18673587515950207,legacy_scan,5,no_feasible_sigma
0.49154750824136806,0.447,0,0,934.213220031753,4594.38166869283,4221.855540214077,0,0,3438.7104728561594,3390.364404666968,3398.0294679267645,0.09500000000000001,0.0,0.3890094000774717,0.3432046234597887,6,50,0.0,-0.25,215,10.2,1285.786536131779,4594.381668692834,71.53186080813296,0.1734697727255258,0.37530533787502696,0.6163516395254951,58.73298039764547,-13.482924330189334,0.6604271569958655,reverse_rollout_failed,0.009177340253371696,6,0.12738533782470873,0.12738533782470873,1000000.0,0.011387191122075558,3.1617977198673706,0.0,-3.0457995731647376,11971.98927839291,1.0,3090.364404666968,False,lbfgsb_seed_1,10.2,0.0,0.0,1.099658855126103,0.0,0.0,0.12738533782470873,0.12738533782470873,1000000.0,880.0,0.0,0.3890094000774717,0.0,4594.38166869283,0.0,934.213220031753,3390.364404666968,0.0,-1000880.0,-879.8726146621752,0.447,0.3551291602662199,11971.98926839291,4594.38166869283,3390.364404666968,71.53186080813316,37.90590389430293,0.0,0.3890094000774717,3.2166906184146367e+25,0.0,0.0,0.49154750824136806,0.22774382244151115,934.213220031753,4221.855540214077,3438.7104728561594,63.50689673251698,38.636193592289274,0.09500000000000001,0.3432046234597887,3.292180717368593e+25,-0.2,-0.6000000000000001,0.009177330253371696,-0.02262859302122955,False,36,934.213230031753,3138.7104728561594,-0.009177330253371696,0.009177340253371696,0.02262859302122955,True,-0.2,0.009177330253371696,-0.02262859302122955,False,36,934.213230031753,3138.7104728561594,-0.009177330253371696,0.009177340253371696,0.02262859302122955,True,-0.2,0,0.01866746400954088,-0.021410955820971855,False,49,1204.485764492619,3148.903964087689,-0.01866746400954088,0.018667474009540882,0.021410955820971855,True,-0.3,41,0.009177330253371696,-0.02262859302122955,False,36,934.213230031753,3138.7104728561594,-0.009177330253371696,0.009177340253371696,0.02262859302122955,True,-0.2,-0.2,-0.3,-1000000.0,,5,1,,,,curvature,curvature,no feasible sigma on scan grid,36,934.213230031753,3138.7104728561594,-0.009177330253371696,0.009177340253371696,False,no_feasible_sigma,-0.2,-0.3,-0.2,legacy_scan,5,no_feasible_sigma
0.5235323169309556,0.447,0,0,720.4730340065764,4594.878245452864,4094.777274602772,0,0,3629.256555158497,3534.883316384612,3542.1367228074364,0.15804016622900965,0.0,0.35786153257506564,0.2886580750846925,8,50,0.0,-0.3,216,10.2,1283.152556458906,4594.878245452864,71.4069409738764,0.1734697727255258,0.37530533787502696,0.6163516395254951,58.73315402596766,-13.42241521112758,0.696343846997479,reverse_rollout_failed,0.011077289438643322,8,0.17159812818855502,0.17159812818855502,1000000.0,0.00641344463210517,3.6298736333700403,0.0,-3.46468894981359,13552.088587506738,1.0,3234.883316384612,False,lbfgsb_seed_1,10.2,0.0,0.0,1.1712132369820036,0.0,0.0,0.17159812818855502,0.17159812818855502,1000000.0,840.0,0.0,0.35786153257506564,0.0,4594.878245452864,0.0,720.4730340065764,3534.883316384612,0.0,-1000840.0,-839.8284018718115,0.447,0.2998670208306584,13552.088577506738,4594.878245452864,3534.883316384612,71.40694097387609,37.89727494780046,0.0,0.35786153257506564,3.2172491754989693e+25,0.0,0.0,0.5235323169309556,0.1282688926421034,720.4730340065764,4094.777274602772,3629.256555158497,53.03899986644524,38.42870980705607,0.15804016622900965,0.2886580750846925,3.360924362618291e+25,-0.24020083114504814,-0.8,63.59029049073794,-0.09985186228416598,False,8,-63.59029049073794,3334.1129519795313,9.999997694288928e-09,2.3057110723672958e-15,0.09985186228416598,True,-0.3227008311450481,0.011077279438643322,-0.031240428602157477,False,27,720.4730440065764,3329.256555158497,-0.011077279438643322,0.011077289438643322,0.031240428602157477,True,-0.24020083114504814,0,52.18099515793594,-0.0999792402373827,False,6,-52.18099515793594,3335.001849807343,9.999997145883324e-09,2.8541166766236668e-15,0.0999792402373827,True,-0.3402008311450481,41,0.011077279438643322,-0.031240428602157477,False,27,720.4730440065764,3329.256555158497,-0.011077279438643322,0.011077289438643322,0.031240428602157477,True,-0.24020083114504814,-0.24020083114504814,-0.3402008311450481,-1000000.0,,6,1,1,,,curvature,curvature,no feasible sigma on scan grid,27,720.4730440065764,3329.256555158497,-0.011077279438643322,0.011077289438643322,False,no_feasible_sigma,-0.24020083114504814,-0.3402008311450481,-0.24020083114504814,legacy_scan,7,no_feasible_sigma
0.5239724911365735,0.447,0,0,603.5612419203958,4594.878245452864,4080.1393674401434,0,0,3628.0009294407546,3535.5484559507026,3542.7938112802303,0.1588805904984474,0.0,0.35734941195481446,0.2880969211697218,8,50,0.0,-0.3,217,10.2,1283.152556458906,4594.878245452864,71.4069409738764,0.1734697727255258,0.37530533787502696,0.6163516395254951,58.734640283584994,-13.42241521112758,0.6883399929938605,reverse_rollout_failed,0.011086727573127434,8,0.17499780266209397,0.17499780266209397,1000000.0,0.006231233767477074,3.6858648484531327,0.0,-3.5170982795585157,13529.584660763478,1.0,3235.5484559507026,False,lbfgsb_seed_1,10.2,0.0,0.0,1.1721979667484865,0.0,0.0,0.17499780266209397,0.17499780266209397,1000000.0,840.0,0.0,0.35734941195481446,0.0,4594.878245452864,0.0,603.5612419203958,3535.5484559507026,0.0,-1000840.0,-839.8250021973379,0.447,0.29962247801163544,13529.584650763478,4594.878245452864,3535.5484559507026,71.40694097387646,37.84099167031985,0.0,0.35734941195481446,3.22203439174411e+25,0.0,0.0,0.5239724911365735,0.12462467534954147,603.5612419203958,4080.1393674401434,3628.0009294407546,51.98961372633965,38.44269457616302,0.1588805904984474,0.2880969211697218,3.365722955050577e+25,-0.24440295249223698,-0.8,50.22433759467182,-0.09986746139492819,False,7,-50.22433759467182,3335.056336838139,9.999996477061488e-09,3.522938511901089e-15,0.09986746139492819,True,-0.33690295249223695,0.011086717573127434,-0.034660255082143765,False,35,603.5612519203958,3328.0009294407546,-0.011086717573127434,0.011086727573127434,0.034660255082143765,True,-0.24440295249223698,0,45.332477738094184,-0.0999212906127056,False,6,-45.332477738094184,3335.4359468616844,9.999963766095928e-09,3.6233904071388565e-14,0.0999212906127056,True,-0.34440295249223696,41,0.011086717573127434,-0.034660255082143765,False,35,603.5612519203958,3328.0009294407546,-0.011086717573127434,0.011086727573127434,0.034660255082143765,True,-0.24440295249223698,-0.24440295249223698,-0.34440295249223696,-1000000.0,,6,1,1,,,curvature,curvature,no feasible sigma on scan grid,35,603.5612519203958,3328.0009294407546,-0.011086717573127434,0.011086727573127434,False,no_feasible_sigma,-0.24440295249223698,-0.34440295249223696,-0.24440295249223698,legacy_scan,7,no_feasible_sigma
4.31730589294218,0.447,0,0,1.8411792451254314,4601.37824545286,3752.2245165939134,0,0,3749.8029566662444,3540.3401970477316,3547.5996068911704,2.2678282561898233,0.0,0.3575873436106069,0.03342515772062302,50,50,0.0,-0.5,218,10.2,1283.152556458906,4601.378245452864,71.4069409738764,0.1734697727255258,0.37530533787502696,0.6163516395254951,58.73315402596766,-13.42241521112758,0.47781891700287815,,1.0099677061627403e-06,50,0.29905367763846713,0.29905367763846713,0.0,3.2289162332699294e-05,5.052494623801466,0.0,-4.753473235325331,14136.174869132472,1.0,3240.3401970477316,True,lbfgsb_seed_1,10.2,0.0,0.0,9.658402445060805,0.0,0.0,0.29905367763846713,0.29905367763846713,0.0,0.0,0.0,0.3575873436106069,0.0,4601.37824545286,0.0,1.8411792451254314,3540.3401970477316,0.0,0.29905367763846713,0.29905367763846713,0.447,0.2996994608851211,14136.174859132472,4601.37824545286,3540.3401970477316,71.40694097387667,37.8704982594908,0.0,0.3575873436106069,3.2172491754989693e+25,0.0,0.0,4.31730589294218,0.0006457832466539859,4784682.987923294,3752.2245165939134,3749.8029566662444,-7.8651270104813795,38.96538103481465,2.2678282561898233,0.03342515772062302,3.4626320855282887e+25,-0.5,-5.0,,,,,,,,,,,,,,,,,,,,,,,,,,,,,,,,,,,,,,,,,,,,,,,,,-4.753473235325331,,9,,1,,40,sigma_box,curvature,,3,4784682.987933294,3449.8029566662444,9.99999861629134e-09,1.3837086599198876e-15,True,completed_requested_steps,-0.5,-0.5,-0.45,direct_preferred_endpoint,49,sigma_box_lower_supported
0.5219294311012337,0.447,0,0,703.0477512509642,4594.878245452864,4098.173078006946,0,0,3624.2549664537155,3530.8564507486344,3538.123716337942,0.15497379466891292,0.0,0.3581070769913136,0.28987241205431674,8,50,0.0,-0.3,219,10.2,1283.152556458906,4594.878245452864,71.5819409738764,0.1734697727255258,0.37530533787502696,0.6163516395254951,58.73315402596766,-13.42241521112758,0.7526668719947338,reverse_rollout_failed,0.010845356970625823,8,0.17058658511998925,0.17058658511998925,1000000.0,0.006538145300756149,3.6169456412175753,0.0,-3.4528972013983426,13450.462977451776,1.0,3230.8564507486344,False,lbfgsb_seed_1,10.2,0.0,0.0,1.1676273626425808,0.0,0.0,0.17058658511998925,0.17058658511998925,1000000.0,840.0,0.0,0.3581070769913136,0.0,4594.878245452864,0.0,703.0477512509642,3530.8564507486344,0.0,-1000840.0,-839.82941341488,0.447,0.3013494911351122,13450.462967451776,4594.878245452864,3530.8564507486344,71.58194097387698,37.89727494780046,0.0,0.3581070769913136,3.2172491754989693e+25,0.0,0.0,0.5219294311012337,0.13076290601512297,703.0477512509642,4098.173078006946,3624.2549664537155,53.501820725213435,38.42531387707537,0.15497379466891292,0.28987241205431674,3.3598285263581923e+25,-0.22486897334456452,-0.8,102.19623409241419,-0.10112129847997564,False,9,-102.19623409241419,3330.9335112797094,9.99999784610276e-09,2.1538972395799953e-15,0.10112129847997564,True,-0.2923689733445645,0.010845346970625823,-0.030168386958560944,False,38,703.0477612509642,3324.2549664537155,-0.010845346970625823,0.010845356970625823,0.030168386958560944,True,-0.22486897334456452,0,0.015145994997110026,-0.041902991245086785,False,32,603.87361580282,3336.518627426066,-0.015145994997110026,0.015146004997110026,0.041902991245086785,True,-0.3248689733445645,41,0.010845346970625823,-0.030168386958560944,False,38,703.0477612509642,3324.2549664537155,-0.010845346970625823,0.010845356970625823,0.030168386958560944,True,-0.22486897334456452,-0.22486897334456452,-0.3248689733445645,-1000000.0,,6,1,1,,,curvature,curvature,no feasible sigma on scan grid,38,703.0477612509642,3324.2549664537155,-0.010845346970625823,0.010845356970625823,False,no_feasible_sigma,-0.22486897334456452,-0.3248689733445645,-0.22486897334456452,legacy_scan,7,no_feasible_sigma
0.5213107662529619,0.447,0,0,700.364014220728,4594.878245452864,4099.277139488111,0,0,3622.9448136443566,3529.9210035868546,3537.2006120307497,0.1537877496480942,0.0,0.35895024773750694,0.29094555248563875,8,50,0.0,-0.3,220,10.2,1286.152556458906,4594.878245452864,71.4069409738764,0.1734697727255258,0.37530533787502696,0.6163516395254951,58.73315402596766,-13.42241521112758,0.7786660379933892,reverse_rollout_failed,0.01070447208650241,8,0.17021779413086668,0.17021779413086668,1000000.0,0.006573828064532494,3.6127473924724973,0.0,-3.449103426406163,13427.013960462087,1.0,3229.9210035868546,False,lbfgsb_seed_1,10.2,0.0,0.0,1.1662433249506978,0.0,0.0,0.17021779413086668,0.17021779413086668,1000000.0,840.0,0.0,0.35895024773750694,0.0,4594.878245452864,0.0,700.364014220728,3529.9210035868546,0.0,-1000840.0,-839.8297822058692,0.447,0.30169435542151657,13427.013950462087,4594.878245452864,3529.9210035868546,71.4069409738764,37.89727494780046,0.0,0.35895024773750694,3.2172491754989693e+25,0.0,0.0,0.5213107662529619,0.13147656129064988,700.364014220728,4099.277139488111,3622.9448136443566,53.41659895562515,38.42433401329881,0.1537877496480942,0.29094555248563875,3.359461711153165e+25,-0.21893874824047083,-0.8,111.1735883009487,-0.10112796985097239,False,9,-111.1735883009487,3330.2770680206927,9.999997582240327e-09,2.4177596725107633e-15,0.10112796985097239,True,-0.28643874824047083,0.01070446208650241,-0.02974756143058288,False,33,700.364024220728,3322.9448136443566,-0.01070446208650241,0.01070447208650241,0.02974756143058288,True,-0.21893874824047083,0,0.015133772758817832,-0.04160976196246269,False,34,601.7123293475036,3335.5284234108467,-0.015133772758817832,0.015133782758817832,0.04160976196246269,True,-0.3189387482404708,41,0.01070446208650241,-0.02974756143058288,False,33,700.364024220728,3322.9448136443566,-0.01070446208650241,0.01070447208650241,0.02974756143058288,True,-0.21893874824047083,-0.21893874824047083,-0.3189387482404708,-1000000.0,,6,1,1,,,curvature,curvature,no feasible sigma on scan grid,33,700.364024220728,3322.9448136443566,-0.01070446208650241,0.01070447208650241,False,no_feasible_sigma,-0.21893874824047083,-0.3189387482404708,-0.21893874824047083,legacy_scan,7,no_feasible_sigma
0.5298312685402033,0.447,0,0,847.036174242837,4594.878245452864,4094.733969943681,0,0,3647.112044530981,3554.7613086343536,3561.959932202074,0.17,0.0,0.35349764666448324,0.28242945440781053,8,50,0.0,-0.35,221,10.2,1283.152556458906,4594.878245452864,71.4069409738764,0.1734697727255258,0.37530533787502696,0.6163516395254951,58.73315402596766,-13.412915211127581,0.37646047900489066,reverse_rollout_failed,0.008366718751487019,8,0.16986499661060606,0.16986499661060606,1000000.0,0.006136662651808711,3.630038645286566,0.0,-3.4663103113277685,13784.340109624674,1.0,3254.7613086343536,False,lbfgsb_seed_1,10.2,0.0,0.0,1.1853048513203654,0.0,0.0,0.16986499661060606,0.16986499661060606,1000000.0,840.0,0.0,0.35349764666448324,0.0,4594.878245452864,0.0,847.036174242837,3554.7613086343536,0.0,-1000840.0,-839.8301350033894,0.447,0.2925982496467803,13784.340099624675,4594.878245452864,3554.7613086343536,71.40694097387673,37.89727494780046,0.0,0.35349764666448324,3.2172491754989693e+25,0.0,0.0,0.5298312685402033,0.12273325303617422,847.036174242837,4094.733969943681,3647.112044530981,53.12373586622034,38.50835736836213,0.17,0.28242945440781053,3.3539906346670433e+25,-0.3,-0.8,0.008366708751487019,-0.03415847895156787,False,28,847.036184242837,3347.112044530981,-0.008366708751487019,0.008366718751487019,0.03415847895156787,True,-0.3,0.008366708751487019,-0.03415847895156787,False,28,847.036184242837,3347.112044530981,-0.008366708751487019,0.008366718751487019,0.03415847895156787,True,-0.3,0,0.011738310822386324,-0.043992352083133346,False,24,767.3504064889034,3357.0277466304738,-0.011738310822386324,0.011738320822386324,0.043992352083133346,True,-0.39999999999999997,41,0.008366708751487019,-0.03415847895156787,False,28,847.036184242837,3347.112044530981,-0.008366708751487019,0.008366718751487019,0.03415847895156787,True,-0.3,-0.3,-0.39999999999999997,-1000000.0,,7,1,,,,curvature,curvature,no feasible sigma on scan grid,28,847.036184242837,3347.112044530981,-0.008366708751487019,0.008366718751487019,False,no_feasible_sigma,-0.3,-0.39999999999999997,-0.3,legacy_scan,7,no_feasible_sigma
4.20147779069323,0.447,0,0,350.64886636853544,4595.03245763178,3777.5330226506767,0,0,3775.1805517429334,3582.1257554033564,3589.245328271415,2.240633002698422,0.0,0.34762846573219863,0.033468748905490876,50,50,0.0,-0.5,222,10.2,1282.3345726600899,4595.032457631779,71.36814705241034,0.1734697727255258,0.37530533787502696,0.6163516395254951,58.73320794633615,-13.400673841688901,0.7118391889962368,,1.0099831889713893e-06,50,0.28214378856254796,0.28214378856254796,0.0,3.1157064880737996e-05,4.939359465408239,0.0,-4.6572468339105715,14162.843251998422,1.0,3282.1257554033564,True,lbfgsb_seed_1,10.2,0.0,0.0,9.399279173810356,0.0,0.0,0.28214378856254796,0.28214378856254796,0.0,0.0,0.0,0.34762846573219863,0.0,4595.03245763178,0.0,350.64886636853544,3582.1257554033564,0.0,0.28214378856254796,0.28214378856254796,0.447,0.2827669298601627,14162.843241998422,4595.03245763178,3582.1257554033564,71.36814705241031,37.894595668624355,0.0,0.34762846573219863,3.217422655437057e+25,0.0,0.0,4.20147779069323,0.0006231412976147599,5948883.471801172,3777.5330226506767,3775.1805517429334,-1.7358990507945244,38.82706650002734,2.240633002698422,0.033468748905490876,3.4633068390656506e+25,-0.5,-5.0,,,,,,,,,,,,,,,,,,,,,,,,,,,,,,,,,,,,,,,,,,,,,,,,,-4.6572468339105715,,10,,1,,39,sigma_box,curvature,,3,5948883.471811172,3475.1805517429334,9.99999588602798e-09,4.1139720205169726e-15,True,completed_requested_steps,-0.5,-0.5,-0.45,direct_preferred_endpoint,49,sigma_box_lower_supported
4.211483031953604,0.447,0,0,359.3617853297451,4595.03245763178,3777.8106858224705,0,0,3775.476149791797,3582.7615870761083,3589.873515593906,2.2430115341544155,0.0,0.34713286093812473,0.03334693907264955,50,50,0.0,-0.5,223,10.2,1282.3345726600899,4595.032457631779,71.36814705241034,0.1734697727255258,0.37530533787502696,0.6163516395254951,58.73469420395349,-13.400673841688901,0.6996639540011529,,1.0099836694191528e-06,50,0.28192093543290664,0.28192093543290664,0.0,3.091710737997966e-05,4.938125348044799,0.0,-4.656235329719272,14139.3267538551,1.0,3282.7615870761083,True,lbfgsb_seed_1,10.2,0.0,0.0,9.421662263878307,0.0,0.0,0.28192093543290664,0.28192093543290664,0.0,0.0,0.0,0.34713286093812473,0.0,4595.03245763178,0.0,359.3617853297451,3582.7615870761083,0.0,0.28192093543290664,0.28192093543290664,0.447,0.28253927758050623,14139.326743855101,4595.03245763178,3582.7615870761083,71.36814705241092,37.838316370285085,0.0,0.34713286093812473,3.2222081297097782e+25,0.0,0.0,4.211483031953604,0.0006183421475995932,6039410.562755919,3777.8106858224705,3775.476149791797,-1.5322317880846534,38.77222210625698,2.2430115341544155,0.03334693907264955,3.468078327370267e+25,-0.5,-5.0,,,,,,,,,,,,,,,,,,,,,,,,,,,,,,,,,,,,,,,,,,,,,,,,,-4.656235329719272,,10,,1,,39,sigma_box,curvature,,3,6039410.562765919,3475.476149791797,9.999995747906174e-09,4.25209382706092e-15,True,completed_requested_steps,-0.5,-0.5,-0.45,direct_preferred_endpoint,49,sigma_box_lower_supported
4.298955712240852,0.447,0,0,445.0880754696616,4601.532457631779,3783.334361889572,0,0,3781.0931634521967,3587.6319640528077,3594.7567141028535,2.2635688199549917,0.0,0.3473627830559305,0.032674667360062054,50,50,0.0,-0.5,224,10.2,1282.3345726600899,4601.532457631779,71.36814705241034,0.1734697727255258,0.37530533787502696,0.6163516395254951,58.73320794633615,-13.400673841688901,0.5541239699959988,,1.009993578293756e-06,50,0.2820172127817464,0.2820172127817464,0.0,2.9636911079555795e-05,4.913606551179511,0.0,-4.631618975308844,14770.73689071139,1.0,3287.6319640528077,True,lbfgsb_seed_1,10.2,0.0,0.0,9.617350586668573,0.0,0.0,0.2820172127817464,0.2820172127817464,0.0,0.0,0.0,0.3473627830559305,0.0,4601.532457631779,0.0,445.0880754696616,3587.6319640528077,0.0,0.2820172127817464,0.2820172127817464,0.447,0.2826099510033375,14770.73688071139,4601.532457631779,3587.6319640528077,71.36814705241056,37.86782177101232,0.0,0.3473627830559305,3.217422655437057e+25,0.0,0.0,4.298955712240852,0.0005927382215911159,6853281.572270619,3783.334361889572,3781.0931634521967,-0.07649664456796179,38.78575866270404,2.2635688199549917,0.032674667360062054,3.464336197185116e+25,-0.5,-5.0,,,,,,,,,,,,,,,,,,,,,,,,,,,,,,,,,,,,,,,,,,,,,,,,,-4.631618975308844,,9,,1,,40,sigma_box,curvature,,3,6853281.572280618,3481.0931634521967,9.999998632401415e-09,1.367598584239201e-15,True,completed_requested_steps,-0.5,-0.5,-0.45,direct_preferred_endpoint,49,sigma_box_lower_supported
0.5298312685402033,0.447,0,0,985.3319186671081,4595.03245763178,4112.7691729438975,0,0,3651.4184371970896,3578.2764807448084,3585.409913213323,0.17,0.0,0.34785574673307823,0.28053489677937576,8,50,0.0,-0.35,225,10.2,1282.3345726600899,4595.032457631779,71.54314705241033,0.1734697727255258,0.37530533787502696,0.6163516395254951,58.73320794633615,-13.400673841688901,0.4150136690004729,reverse_rollout_failed,0.0009156658719741558,8,0.1577984849729599,0.1577984849729599,1000000.0,0.00631741806207441,3.5616401945908605,0.0,-3.410159127679975,14056.61578203841,1.0,3278.2764807448084,False,lbfgsb_seed_1,10.2,0.0,0.0,1.1853048513203654,0.0,0.0,0.1577984849729599,0.1577984849729599,1000000.0,840.0,0.0,0.34785574673307823,0.0,4595.03245763178,0.0,985.3319186671081,3578.2764807448084,0.0,-1000840.0,-839.842201515027,0.447,0.2841468462144481,14056.61577203841,4595.03245763178,3578.2764807448084,71.54314705241036,37.894595668624355,0.0,0.34785574673307823,3.217422655437057e+25,0.0,0.0,0.5298312685402033,0.12634836124148818,985.3319186671081,4112.7691729438975,3651.4184371970896,55.19646897465253,38.67817984415833,0.17,0.28053489677937576,3.3319347549544725e+25,-0.3,-0.8,0.0009156558719741558,-0.03255293809292037,False,28,985.3319286671081,3351.4184371970896,-0.0009156558719741558,0.0009156658719741558,0.03255293809292037,True,-0.3,0.0009156558719741558,-0.03255293809292037,False,28,985.3319286671081,3351.4184371970896,-0.0009156558719741558,0.0009156658719741558,0.03255293809292037,True,-0.3,0,0.004561251848941847,-0.038976167103929926,False,27,1050.0192113976602,3364.789971608249,-0.004561251848941847,0.004561261848941847,0.038976167103929926,True,-0.39999999999999997,41,0.0009156558719741558,-0.03255293809292037,False,28,985.3319286671081,3351.4184371970896,-0.0009156558719741558,0.0009156658719741558,0.03255293809292037,True,-0.3,-0.3,-0.39999999999999997,-1000000.0,,7,1,,,,curvature,curvature,no feasible sigma on scan grid,28,985.3319286671081,3351.4184371970896,-0.0009156558719741558,0.0009156658719741558,False,no_feasible_sigma,-0.3,-0.39999999999999997,-0.3,legacy_scan,7,no_feasible_sigma
0.5298312685402033,0.447,0,0,982.9996096476164,4595.03245763178,4112.110803391926,0,0,3651.7807845974894,3577.3808554550233,3584.5259530191815,0.17,0.0,0.3486727399013229,0.2810431043639761,8,50,0.0,-0.35,226,10.2,1285.3345726600899,4595.032457631779,71.36814705241034,0.1734697727255258,0.37530533787502696,0.6163516395254951,58.73320794633615,-13.400673841688901,0.4146068929985631,reverse_rollout_failed,0.0012667838233190855,8,0.1584120301914096,0.1584120301914096,1000000.0,0.006302815611714985,3.564125618669478,0.0,-3.4120164040897834,14032.06601103753,1.0,3277.3808554550233,False,lbfgsb_seed_1,10.2,0.0,0.0,1.1853048513203654,0.0,0.0,0.1584120301914096,0.1584120301914096,1000000.0,840.0,0.0,0.3486727399013229,0.0,4595.03245763178,0.0,982.9996096476164,3577.3808554550233,0.0,-1000840.0,-839.8415879698086,0.447,0.2844683424257093,14032.06600103753,4595.03245763178,3577.3808554550233,71.36814705241031,37.894595668624355,0.0,0.3486727399013229,3.217422655437057e+25,0.0,0.0,0.5298312685402033,0.1260563122342997,982.9996096476164,4112.110803391926,3651.7807845974894,54.92228557384574,38.66730701741622,0.17,0.2810431043639761,3.3331384528683598e+25,-0.3,-0.8,0.0012667738233190856,-0.03262615762782106,False,26,982.9996196476163,3351.7807845974894,-0.0012667738233190856,0.0012667838233190855,0.03262615762782106,True,-0.3,0.0012667738233190856,-0.03262615762782106,False,26,982.9996196476163,3351.7807845974894,-0.0012667738233190856,0.0012667838233190855,0.03262615762782106,True,-0.3,0,0.004923710929562924,-0.039097853519002745,False,26,1045.8732263637255,3365.1122611514365,-0.004923710929562924,0.0049237209295629235,0.039097853519002745,True,-0.39999999999999997,41,0.0012667738233190856,-0.03262615762782106,False,26,982.9996196476163,3351.7807845974894,-0.0012667738233190856,0.0012667838233190855,0.03262615762782106,True,-0.3,-0.3,-0.39999999999999997,-1000000.0,,7,1,,,,curvature,curvature,no feasible sigma on scan grid,26,982.9996196476163,3351.7807845974894,-0.0012667738233190856,0.0012667838233190855,False,no_feasible_sigma,-0.3,-0.39999999999999997,-0.3,legacy_scan,7,no_feasible_sigma
4.348379798614269,0.447,0,0,572.5768702818741,4595.03245763178,3794.1116403221167,0,0,3791.9520936008153,3601.119240422398,3608.1867659160234,2.2750000000000004,0.0,0.3434444521607065,0.03196967984688761,50,50,0.0,-0.5,227,10.2,1282.3345726600899,4595.032457631779,71.36814705241034,0.1734697727255258,0.37530533787502696,0.6163516395254951,58.73320794633615,-13.391173841688902,0.250828307995107,,4.104214916538993e-12,50,0.2754316880636247,0.2754316880636247,0.0,2.847539562730317e-05,4.865943455362383,0.0,-4.590540242694385,14406.681858541686,1.0,3301.119240422398,True,lbfgsb_seed_1,10.2,0.0,0.0,9.727919012559887,0.0,0.0,0.2754316880636247,0.2754316880636247,0.0,0.0,0.0,0.3434444521607065,0.0,4595.03245763178,0.0,572.5768702818741,3601.119240422398,0.0,0.2754316880636247,0.2754316880636247,0.447,0.2760011959761708,14406.681848541686,4595.03245763178,3601.119240422398,71.36814705241031,37.894595668624355,0.0,0.3434444521607065,3.217422655437057e+25,0.0,0.0,4.348379798614269,0.0005695079125460634,7903538.079762734,3794.1116403221167,3791.9520936008153,2.3482340835135886,38.75082156344244,2.2750000000000004,0.03196967984688761,3.4625313760419624e+25,-0.5,-5.0,,,,,,,,,,,,,,,,,,,,,,,,,,,,,,,,,,,,,,,,,,,,,,,,,-4.590540242694385,,9,,,1,40,sigma_box,curvature,,3,7903538.079772733,3491.9520936008153,9.999998364581582e-09,1.6354184186234028e-15,True,completed_requested_steps,-0.5,-0.5,-0.45,direct_preferred_endpoint,49,sigma_box_lower_supported
4.272500865096139,0.447,0,0,438.41214982574706,4595.0562041096455,3783.6675631831363,0,0,3781.412176624091,3589.2119899571017,3596.3115271799525,2.257396022856236,0.0,0.3460907469551679,0.03277622564543817,50,50,0.0,-0.5,228,10.2,1282.2086148122069,4595.056204109645,71.36217334135898,0.1734697727255258,0.37530533787502696,0.6163516395254951,58.733216249304476,-13.397325980632866,0.5974299599911319,,1.0099999681893294e-06,50,0.27964451983783367,0.27964451983783367,0.0,2.9822014285929566e-05,4.912129470486576,0.0,-4.632514772663028,14259.528307016393,1.0,3289.2119899571017,True,lbfgsb_seed_1,10.2,0.0,0.0,9.558167483436552,0.0,0.0,0.27964451983783367,0.27964451983783367,0.0,0.0,0.0,0.3460907469551679,0.0,4595.0562041096455,0.0,438.41214982574706,3589.2119899571017,0.0,0.27964451983783367,0.27964451983783367,0.447,0.28024096012355226,14259.528297016393,4595.0562041096455,3589.2119899571017,71.36217334135945,37.89418311654005,0.0,0.3460907469551679,3.217449369706358e+25,0.0,0.0,4.272500865096139,0.0005964402857185913,6750813.209547487,3783.6675631831363,3781.412176624091,-0.18609507481429366,38.80007101412512,2.257396022856236,0.03277622564543817,3.462905805292992e+25,-0.5,-5.0,,,,,,,,,,,,,,,,,,,,,,,,,,,,,,,,,,,,,,,,,,,,,,,,,-4.632514772663028,,10,,1,,39,sigma_box,curvature,,3,6750813.209557487,3481.412176624091,9.999996725594201e-09,3.2744057994329315e-15,True,completed_requested_steps,-0.5,-0.5,-0.45,direct_preferred_endpoint,49,sigma_box_lower_supported
4.282998099568679,0.447,0,0,447.389002936769,4595.0562041096455,3783.985767687726,0,0,3781.74699230244,3589.843424557653,3596.9353782352514,2.2598499392867093,0.0,0.34559760998078665,0.03265425608324773,50,50,0.0,-0.5,229,10.2,1282.2086148122069,4595.056204109645,71.36217334135898,0.1734697727255258,0.37530533787502696,0.6163516395254951,58.73470250692181,-13.397325980632866,0.5901447440119227,,1.0099637216734887e-06,50,0.27942377744418767,0.27942377744418767,0.0,2.9599750986020192e-05,4.910719077810558,0.0,-4.631324900117357,14235.851591828785,1.0,3289.843424557653,True,lbfgsb_seed_1,10.2,0.0,0.0,9.581651229460132,0.0,0.0,0.27942377744418767,0.27942377744418767,0.0,0.0,0.0,0.34559760998078665,0.0,4595.0562041096455,0.0,447.389002936769,3589.843424557653,0.0,0.27942377744418767,0.27942377744418767,0.447,0.2800157724639081,14235.851581828785,4595.0562041096455,3589.843424557653,71.36217334135871,37.83790443090403,0.0,0.34559760998078665,3.222234883712885e+25,0.0,0.0,4.282998099568679,0.0005919950197204038,6852063.5972730545,3783.985767687726,3781.74699230244,0.024711876970817448,38.744998363416144,2.2598499392867093,0.03265425608324773,3.467682213106482e+25,-0.5,-5.0,,,,,,,,,,,,,,,,,,,,,,,,,,,,,,,,,,,,,,,,,,,,,,,,,-4.631324900117357,,10,,1,,39,sigma_box,curvature,,3,6852063.597283054,3481.74699230244,9.999997337331976e-09,2.6626680246186432e-15,True,completed_requested_steps,-0.5,-0.5,-0.45,direct_preferred_endpoint,49,sigma_box_lower_supported
4.348379798614269,0.447,0,0,530.702017252084,4601.556204109647,3789.7195372526353,0,0,3787.5405904849117,3594.7255899913134,3601.8301945432268,2.2750000000000004,0.0,0.3458263339756354,0.03216636011179128,50,50,0.0,-0.5,230,10.2,1282.2086148122069,4601.556204109645,71.36217334135898,0.1734697727255258,0.37530533787502696,0.6163516395254951,58.733216249304476,-13.397325980632866,0.2528713299980154,,4.679044935978989e-12,50,0.27951023447470624,0.27951023447470624,0.0,2.8764665561575865e-05,4.885339724002706,0.0,-4.605858254193561,14871.19062905409,1.0,3294.7255899913134,True,lbfgsb_seed_1,10.2,0.0,0.0,9.727919012559887,0.0,0.0,0.27951023447470624,0.27951023447470624,0.0,0.0,0.0,0.3458263339756354,0.0,4601.556204109647,0.0,530.702017252084,3594.7255899913134,0.0,0.27951023447470624,0.27951023447470624,0.447,0.28008552778593776,14871.19061905409,4601.556204109647,3594.7255899913134,71.36217334135907,37.867409648625824,0.0,0.3458263339756354,3.217449369706358e+25,0.0,0.0,4.348379798614269,0.0005752933112315173,7576486.170196811,3789.7195372526353,3787.5405904849117,1.4989443496621986,38.754666987151225,2.2750000000000004,0.03216636011179128,3.464193480896747e+25,-0.5,-5.0,,,,,,,,,,,,,,,,,,,,,,,,,,,,,,,,,,,,,,,,,,,,,,,,,-4.605858254193561,,9,,,1,40,sigma_box,curvature,,3,7576486.17020681,3487.5405904849117,9.999999393268288e-09,6.067317125956032e-16,True,completed_requested_steps,-0.5,-0.5,-0.45,direct_preferred_endpoint,49,sigma_box_lower_supported
4.229575731720411,0.447,0,0,384.66366456750734,4595.0562041096455,3779.933383732284,0,0,3777.629261517336,3585.3893563240567,3592.502749776446,2.2472983725667004,0.0,0.34631536917547573,0.03313258534674297,50,50,0.0,-0.5,231,10.2,1282.2086148122069,4595.056204109645,71.537173341359,0.1734697727255258,0.37530533787502696,0.6163516395254951,58.733216249304476,-13.397325980632866,0.6590858199924696,,1.0099992637267113e-06,50,0.2809959756108815,0.2809959756108815,0.0,3.0496934127710595e-05,4.928695780666386,0.0,-4.647730301989632,14152.572086084236,1.0,3285.3893563240567,True,lbfgsb_seed_1,10.2,0.0,0.0,9.462138102282799,0.0,0.0,0.2809959756108815,0.2809959756108815,0.0,0.0,0.0,0.34631536917547573,0.0,4595.0562041096455,0.0,384.66366456750734,3585.3893563240567,0.0,0.2809959756108815,0.2809959756108815,0.447,0.28160591429343573,14152.572076084236,4595.0562041096455,3585.3893563240567,71.53717334135885,37.89418311654005,0.0,0.34631536917547573,3.217449369706358e+25,0.0,0.0,4.229575731720411,0.0006099386825542119,6284173.304248996,3779.933383732284,3777.629261517336,-1.0801349820205601,38.82310235441016,2.2472983725667004,0.03313258534674297,3.4625605358532894e+25,-0.5,-5.0,,,,,,,,,,,,,,,,,,,,,,,,,,,,,,,,,,,,,,,,,,,,,,,,,-4.647730301989632,,10,,1,,39,sigma_box,curvature,,3,6284173.304258996,3477.629261517336,9.999997255172013e-09,2.744827986860886e-15,True,completed_requested_steps,-0.5,-0.5,-0.45,direct_preferred_endpoint,49,sigma_box_lower_supported
4.2153559920923955,0.447,0,0,371.4408919601751,4595.0562041096455,3779.60612910682,0,0,3777.2759310781275,3584.4997103989535,3591.6246677837794,2.2439307306408884,0.0,0.34712844739416454,0.03331341844123002,50,50,0.0,-0.5,232,10.2,1285.2086148122069,4595.056204109645,71.36217334135898,0.1734697727255258,0.37530533787502696,0.6163516395254951,58.733216249304476,-13.397325980632866,0.6818968120060163,,1.0099990719444377e-06,50,0.2813071001872198,0.2813071001872198,0.0,3.084495376046714e-05,4.930148941899999,0.0,-4.6488726866665395,14127.847855470065,1.0,3284.4997103989535,True,lbfgsb_seed_1,10.2,0.0,0.0,9.430326604233548,0.0,0.0,0.2813071001872198,0.2813071001872198,0.0,0.0,0.0,0.34712844739416454,0.0,4595.0562041096455,0.0,371.4408919601751,3584.4997103989535,0.0,0.2813071001872198,0.2813071001872198,0.447,0.28192399926242917,14127.847845470065,4595.0562041096455,3584.4997103989535,71.36217334135881,37.89418311654005,0.0,0.34712844739416454,3.217449369706358e+25,0.0,0.0,4.2153559920923955,0.0006168990752093428,6126729.909836601,3779.60612910682,3777.2759310781275,-1.3642331989664145,38.8173157308205,2.2439307306408884,0.03331341844123002,3.463226631846964e+25,-0.5,-5.0,,,,,,,,,,,,,,,,,,,,,,,,,,,,,,,,,,,,,,,,,,,,,,,,,-4.6488726866665395,,10,,1,,39,sigma_box,curvature,,3,6126729.9098466,3477.2759310781275,9.999998495435768e-09,1.5045642331980857e-15,True,completed_requested_steps,-0.5,-0.5,-0.45,direct_preferred_endpoint,49,sigma_box_lower_supported
4.348379798614269,0.447,0,0,598.8872904290704,4595.0562041096455,3797.609426912842,0,0,3795.4583110035314,3608.0728161157554,3615.1207199609803,2.2750000000000004,0.0,0.3419333465521575,0.03184983804413926,50,50,0.0,-0.5,233,10.2,1282.2086148122069,4595.056204109645,71.36217334135898,0.1734697727255258,0.37530533787502696,0.6163516395254951,58.733216249304476,-13.387825980632865,0.26035256499017123,,3.730735649495825e-12,50,0.2729818728671356,0.2729818728671356,0.0,2.8338025780372258e-05,4.850524236423181,0.0,-4.577570701581825,14505.201896001283,1.0,3308.0728161157554,True,lbfgsb_seed_1,10.2,0.0,0.0,9.727919012559887,0.0,0.0,0.2729818728671356,0.2729818728671356,0.0,0.0,0.0,0.3419333465521575,0.0,4595.0562041096455,0.0,598.8872904290704,3608.0728161157554,0.0,0.2729818728671356,0.2729818728671356,0.447,0.27354863338274304,14505.201886001283,4595.0562041096455,3608.0728161157554,71.36217334135881,37.89418311654005,0.0,0.3419333465521575,3.217449369706358e+25,0.0,0.0,4.348379798614269,0.0005667605156074451,8139979.137469988,3797.609426912842,3795.4583110035314,3.094180652831496,38.73851769676538,2.2750000000000004,0.03184983804413926,3.4620356664372654e+25,-0.5,-5.0,,,,,,,,,,,,,,,,,,,,,,,,,,,,,,,,,,,,,,,,,,,,,,,,,-4.577570701581825,,9,,,1,40,sigma_box,curvature,,3,8139979.137479988,3495.4583110035314,9.99999746406295e-09,2.535937049543408e-15,True,completed_requested_steps,-0.5,-0.5,-0.45,direct_preferred_endpoint,49,sigma_box_lower_supported
4.297198712522736,0.447,0,0,475.070906245928,4595.065526831597,3786.185642345398,0,0,3783.961735150745,3591.980507551689,3599.0722202434963,2.2631600325703625,0.0,0.3454897450735305,0.03253398458198059,50,50,0.0,-0.5,234,10.2,1282.1591645316123,4595.065526831598,71.35982809894142,0.1734697727255258,0.37530533787502696,0.6163516395254951,58.73321950899905,-13.396011630861135,0.5477784469985636,,1.0099938102982548e-06,50,0.27866909106161475,0.27866909106161475,0.0,2.9385963050232447e-05,4.900974010157658,0.0,-4.622334305059094,14297.68250807225,1.0,3291.980507551689,True,lbfgsb_seed_1,10.2,0.0,0.0,9.61341993852961,0.0,0.0,0.27866909106161475,0.27866909106161475,0.0,0.0,0.0,0.3454897450735305,0.0,4595.065526831597,0.0,475.070906245928,3591.980507551689,0.0,0.27866909106161475,0.27866909106161475,0.447,0.2792568103226194,14297.68249807225,4595.065526831597,3591.980507551689,71.35982809894111,37.89402115248153,0.0,0.3454897450735305,3.217459857625701e+25,0.0,0.0,4.297198712522736,0.0005877192610046489,7065000.914729498,3786.185642345398,3783.961735150745,0.4427633160397155,38.78841086385443,2.2631600325703625,0.03253398458198059,3.462794710939995e+25,-0.5,-5.0,,,,,,,,,,,,,,,,,,,,,,,,,,,,,,,,,,,,,,,,,,,,,,,,,-4.622334305059094,,9,,1,,40,sigma_box,curvature,,3,7065000.914739498,3483.961735150745,9.999998726158544e-09,1.2738414557905502e-15,True,completed_requested_steps,-0.5,-0.5,-0.45,direct_preferred_endpoint,49,sigma_box_lower_supported
4.30524345090773,0.447,0,0,484.221190051828,4595.065526831597,3786.503919066189,0,0,3784.293451075398,3592.6102241929552,3599.694377076234,2.265030371382833,0.0,0.34499757163872,0.03243167643483574,50,50,0.0,-0.5,235,10.2,1282.1591645316123,4595.065526831598,71.35982809894142,0.1734697727255258,0.37530533787502696,0.6163516395254951,58.73470576661639,-13.396011630861135,0.5302706129878061,,1.0099894713634475e-06,50,0.27844846435999293,0.27844846435999293,0.0,2.920582163313812e-05,4.89956490030934,0.0,-4.62114564177098,14273.942573160177,1.0,3292.6102241929552,True,lbfgsb_seed_1,10.2,0.0,0.0,9.631417116124675,0.0,0.0,0.27844846435999293,0.27844846435999293,0.0,0.0,0.0,0.34499757163872,0.0,4595.065526831597,0.0,484.221190051828,3592.6102241929552,0.0,0.27844846435999293,0.27844846435999293,0.447,0.2790325807926557,14273.942563160177,4595.065526831597,3592.6102241929552,71.3598280989411,37.83774270738676,0.0,0.34499757163872,3.2222453872315905e+25,0.0,0.0,4.30524345090773,0.0005841164326627624,7151823.678584478,3786.503919066189,3784.293451075398,0.6513215756527719,38.73314602287409,2.265030371382833,0.03243167643483574,3.4675897168504697e+25,-0.5,-5.0,,,,,,,,,,,,,,,,,,,,,,,,,,,,,,,,,,,,,,,,,,,,,,,,,-4.62114564177098,,9,,1,,40,sigma_box,curvature,,3,7151823.6785944775,3484.293451075398,9.999996624743944e-09,3.375256055836478e-15,True,completed_requested_steps,-0.5,-0.5,-0.45,direct_preferred_endpoint,49,sigma_box_lower_supported
4.348379798614269,0.447,0,0,539.6315656776053,4601.5655268316,3791.0796090542253,0,0,3788.904908941065,3597.496994763779,3604.593732801858,2.2750000000000004,0.0,0.3452258277423557,0.03211893422204698,50,50,0.0,-0.5,236,10.2,1282.1591645316123,4601.565526831598,71.35982809894142,0.1734697727255258,0.37530533787502696,0.6163516395254951,58.73321950899905,-13.396011630861135,0.25199684900871944,,4.619225599140245e-12,50,0.2785280140393689,0.2785280140393689,0.0,2.869826724904989e-05,4.879329293536035,0.0,-4.600829977763915,14910.832032195007,1.0,3297.496994763779,True,lbfgsb_seed_1,10.2,0.0,0.0,9.727919012559887,0.0,0.0,0.2785280140393689,0.2785280140393689,0.0,0.0,0.0,0.3452258277423557,0.0,4601.5655268316,0.0,539.6315656776053,3597.496994763779,0.0,0.2785280140393689,0.2785280140393689,0.447,0.2791019793843499,14910.832022195007,4601.5655268316,3597.496994763779,71.35982809894146,37.867247853261844,0.0,0.3452258277423557,3.217459857625701e+25,0.0,0.0,4.348379798614269,0.0005739653449809978,7670329.057575656,3791.0796090542253,3788.904908941065,1.7926704506457054,38.74980499050197,2.2750000000000004,0.03211893422204698,3.4640066050220296e+25,-0.5,-5.0,,,,,,,,,,,,,,,,,,,,,,,,,,,,,,,,,,,,,,,,,,,,,,,,,-4.600829977763915,,9,,,1,40,sigma_box,curvature,,3,7670329.057585656,3488.904908941065,9.99999929587181e-09,7.041281899463492e-16,True,completed_requested_steps,-0.5,-0.5,-0.45,direct_preferred_endpoint,49,sigma_box_lower_supported
4.257580071498413,0.447,0,0,419.15611935244124,4595.065526831597,3782.350044771849,0,0,3780.083484518594,3588.1682824924324,3595.2738498708754,2.253897624909878,0.0,0.3457133341465986,0.03286105862543055,50,50,0.0,-0.5,237,10.2,1282.1591645316123,4595.065526831598,71.53482809894143,0.1734697727255258,0.37530533787502696,0.6163516395254951,58.73321950899905,-13.396011630861135,0.6183342680014903,,1.0099901693283992e-06,50,0.2800163421738995,0.2800163421738995,0.0,2.9980293590570198e-05,4.91797132392342,0.0,-4.637984962043111,14190.438685952035,1.0,3288.1682824924324,True,lbfgsb_seed_1,10.2,0.0,0.0,9.524787631987502,0.0,0.0,0.2800163421738995,0.2800163421738995,0.0,0.0,0.0,0.3457133341465986,0.0,4595.065526831597,0.0,419.15611935244124,3588.1682824924324,0.0,0.2800163421738995,0.2800163421738995,0.447,0.2806159480457109,14190.438675952035,4595.065526831597,3588.1682824924324,71.53482809894152,37.89402115248153,0.0,0.3457133341465986,3.217459857625701e+25,0.0,0.0,4.257580071498413,0.0005996058718114039,6602976.509666947,3782.350044771849,3780.083484518594,-0.46944319116838706,38.812418301190924,2.253897624909878,0.03286105862543055,3.4624070389759208e+25,-0.5,-5.0,,,,,,,,,,,,,,,,,,,,,,,,,,,,,,,,,,,,,,,,,,,,,,,,,-4.637984962043111,,10,,1,,39,sigma_box,curvature,,3,6602976.509676946,3480.083484518594,9.999997775582625e-09,2.224417374380233e-15,True,completed_requested_steps,-0.5,-0.5,-0.45,direct_preferred_endpoint,49,sigma_box_lower_supported
4.2431112691914015,0.447,0,0,405.70643394189824,4595.065526831597,3782.004198180777,0,0,3779.712333533779,3587.2809730892577,3594.398064918913,2.2504934744238856,0.0,0.34652488356022115,0.03304172236732585,50,50,0.0,-0.5,238,10.2,1285.1591645316123,4595.065526831598,71.35982809894142,0.1734697727255258,0.37530533787502696,0.6163516395254951,58.73321950899905,-13.396011630861135,0.6361538079945603,,1.0099960154597349e-06,50,0.2803263472337687,0.2803263472337687,0.0,3.0317977199800785e-05,4.919505376887697,0.0,-4.6392093476311285,14165.645594284477,1.0,3287.2809730892577,True,lbfgsb_seed_1,10.2,0.0,0.0,9.492418946736915,0.0,0.0,0.2803263472337687,0.2803263472337687,0.0,0.0,0.0,0.34652488356022115,0.0,4595.065526831597,0.0,405.70643394189824,3587.2809730892577,0.0,0.2803263472337687,0.2803263472337687,0.447,0.2809327067777647,14165.645584284477,4595.065526831597,3587.2809730892577,71.35982809894175,37.89402115248153,0.0,0.34652488356022115,3.217459857625701e+25,0.0,0.0,4.2431112691914015,0.0006063595439960157,6438567.774632698,3782.004198180777,3779.712333533779,-0.7581027912658046,38.80675870138009,2.2504934744238856,0.03304172236732585,3.463070328323779e+25,-0.5,-5.0,,,,,,,,,,,,,,,,,,,,,,,,,,,,,,,,,,,,,,,,,,,,,,,,,-4.6392093476311285,,10,,1,,39,sigma_box,curvature,,3,6438567.774642698,3479.712333533779,9.999998812433477e-09,1.1875665226385306e-15,True,completed_requested_steps,-0.5,-0.5,-0.45,direct_preferred_endpoint,49,sigma_box_lower_supported
0.5542182679438297,0.447,0,0,914.103254552153,4595.065526831597,4036.2212674532498,0,0,3695.334737885822,3610.789506366798,3617.829747628936,0.21500000000000002,0.0,0.34134271694770296,0.26187324651813704,9,50,0.0,-0.39999999999999997,239,10.2,1282.1591645316123,4595.065526831598,71.35982809894142,0.1734697727255258,0.37530533787502696,0.6163516395254951,58.73321950899905,-13.386511630861136,0.3979556260019308,reverse_rollout_failed,0.0007800563946016143,9,0.18034521315561292,0.18034521315561292,1000000.0,0.0046123904023165135,3.8564269104029205,0.0,-3.6806940876496244,14544.080275377952,1.0,3310.789506366798,False,lbfgsb_seed_1,10.2,0.0,0.0,1.239861896966062,0.0,0.0,0.18034521315561292,0.18034521315561292,1000000.0,820.0,0.0,0.34134271694770296,0.0,4595.065526831597,0.0,914.103254552153,3610.789506366798,0.0,-1000820.0,-819.8196547868444,0.447,0.2725930212019432,14544.080265377952,4595.065526831597,3610.789506366798,71.35982809894142,37.89402115248153,0.0,0.34134271694770296,3.217459857625701e+25,0.0,0.0,0.5542182679438297,0.09224780804633026,914.103254552153,4036.2212674532498,3695.334737885822,47.909760806882296,38.90708339734582,0.21500000000000002,0.26187324651813704,3.343593911497011e+25,-0.35,-0.9,0.0007800463946016142,-0.03473080389300698,False,28,914.103264552153,3395.334737885822,-0.0007800463946016142,0.0007800563946016143,0.03473080389300698,True,-0.35,0.0007800463946016142,-0.03473080389300698,False,28,914.103264552153,3395.334737885822,-0.0007800463946016142,0.0007800563946016143,0.03473080389300698,True,-0.35,0,0.0021540038830575405,-0.042895709580166974,False,26,876.7051475183614,3400.2103804307458,-0.0021540038830575405,0.0021540138830575405,0.042895709580166974,True,-0.44999999999999996,41,0.0007800463946016142,-0.03473080389300698,False,28,914.103264552153,3395.334737885822,-0.0007800463946016142,0.0007800563946016143,0.03473080389300698,True,-0.35,-0.35,-0.44999999999999996,-1000000.0,,8,1,,,,curvature,curvature,no feasible sigma on scan grid,28,914.103264552153,3395.334737885822,-0.0007800463946016142,0.0007800563946016143,False,no_feasible_sigma,-0.35,-0.44999999999999996,-0.35,legacy_scan,8,no_feasible_sigma
4.3059950865578465,0.447,0,0,489.91044167308814,4595.06919621378,3787.193746728873,0,0,3784.980808154683,3593.068104626969,3600.1567439955306,2.2652049422413114,0.0,0.34525360818597217,0.03244622697896245,50,50,0.0,-0.5,240,10.2,1282.1397011196034,4595.069196213778,71.35890502188533,0.1734697727255258,0.37530533787502696,0.6163516395254951,58.73322079200044,-13.39549430859676,0.5360151920031058,,1.0099963602581784e-06,50,0.2782859462082612,0.2782859462082612,0.0,2.9233154490804216e-05,4.896511514515802,0.0,-4.618254801462031,14312.7302961841,1.0,3293.068104626969,True,lbfgsb_seed_1,10.2,0.0,0.0,9.63309862764619,0.0,0.0,0.2782859462082612,0.2782859462082612,0.0,0.0,0.0,0.34525360818597217,0.0,4595.06919621378,0.0,489.91044167308814,3593.068104626969,0.0,0.2782859462082612,0.2782859462082612,0.447,0.2788706092980773,14312.7302861841,4595.06919621378,3593.068104626969,71.35890502188477,37.89395740435462,0.0,0.34525360818597217,3.2174639856338146e+25,0.0,0.0,4.3059950865578465,0.0005846630898160843,7185088.854460123,3787.193746728873,3784.980808154683,0.6932066837906581,38.78361864546466,2.2652049422413114,0.03244622697896245,3.462761619774324e+25,-0.5,-5.0,,,,,,,,,,,,,,,,,,,,,,,,,,,,,,,,,,,,,,,,,,,,,,,,,-4.618254801462031,,9,,1,,40,sigma_box,curvature,,3,7185088.854470123,3484.980808154683,9.999996445741218e-09,3.554258782174064e-15,True,completed_requested_steps,-0.5,-0.5,-0.45,direct_preferred_endpoint,49,sigma_box_lower_supported
4.314112150556452,0.447,0,0,499.1420476189551,4595.06919621378,3787.5208101574613,0,0,3785.3211452785868,3593.6971463666237,3600.7782352484605,2.2670882288813594,0.0,0.34476181318026045,0.032343724934747055,50,50,0.0,-0.5,241,10.2,1282.1397011196034,4595.069196213778,71.35890502188533,0.1734697727255258,0.37530533787502696,0.6163516395254951,58.734707049617775,-13.39549430859676,0.5113011700013885,,1.0099953741080482e-06,50,0.2780656515342783,0.2780656515342783,0.0,2.9055194981519874e-05,4.895064165486296,0.0,-4.617027569147,14288.965428676816,1.0,3293.6971463666237,True,lbfgsb_seed_1,10.2,0.0,0.0,9.651257607508843,0.0,0.0,0.2780656515342783,0.2780656515342783,0.0,0.0,0.0,0.34476181318026045,0.0,4595.06919621378,0.0,499.1420476189551,3593.6971463666237,0.0,0.2780656515342783,0.2780656515342783,0.447,0.2786467554339087,14288.965418676817,4595.06919621378,3593.6971463666237,71.35890502188481,37.83767905393588,0.0,0.34476181318026045,3.222249521379526e+25,0.0,0.0,4.314112150556452,0.0005811038996303974,7273213.68660974,3787.5208101574613,3785.3211452785868,0.9034591835846004,38.72829856678238,2.2670882288813594,0.032343724934747055,3.46755815350476e+25,-0.5,-5.0,,,,,,,,,,,,,,,,,,,,,,,,,,,,,,,,,,,,,,,,,,,,,,,,,-4.617027569147,,9,,1,,40,sigma_box,curvature,,3,7273213.68661974,3485.3211452785868,9.999999181149464e-09,8.188505360095487e-16,True,completed_requested_steps,-0.5,-0.5,-0.45,direct_preferred_endpoint,49,sigma_box_lower_supported
4.348379798614269,0.447,0,0,543.2832460540269,4601.569196213774,3791.578156549747,0,0,3789.4050887697704,3598.5857259648424,3605.679374329041,2.2750000000000004,0.0,0.3449898855056664,0.032100624525741785,50,50,0.0,-0.5,242,10.2,1282.1397011196034,4601.569196213778,71.35890502188533,0.1734697727255258,0.37530533787502696,0.6163516395254951,58.73322079200044,-13.39549430859676,0.2595534470019629,,4.450315829578292e-12,50,0.27814255536393695,0.27814255536393695,0.0,2.8672941122298568e-05,4.877127038628214,0.0,-4.5990131562054,14926.466362466495,1.0,3298.5857259648424,True,lbfgsb_seed_1,10.2,0.0,0.0,9.727919012559887,0.0,0.0,0.27814255536393695,0.27814255536393695,0.0,0.0,0.0,0.3449898855056664,0.0,4601.569196213774,0.0,543.2832460540269,3598.5857259648424,0.0,0.27814255536393695,0.27814255536393695,0.447,0.2787160141863829,14926.466352466496,4601.569196213774,3598.5857259648424,71.35890502188559,37.867184171532074,0.0,0.3449898855056664,3.2174639856338146e+25,0.0,0.0,4.348379798614269,0.0005734588224459714,7705185.99249818,3791.578156549747,3789.4050887697704,1.898163310760729,38.748298820453925,2.2750000000000004,0.032100624525741785,3.463913498872263e+25,-0.5,-5.0,,,,,,,,,,,,,,,,,,,,,,,,,,,,,,,,,,,,,,,,,,,,,,,,,-4.5990131562054,,9,,,1,40,sigma_box,curvature,,3,7705185.9925081795,3489.4050887697704,9.999998182725927e-09,1.8172740727493803e-15,True,completed_requested_steps,-0.5,-0.5,-0.45,direct_preferred_endpoint,49,sigma_box_lower_supported
4.268804076080185,0.447,0,0,433.05539427951294,4595.06919621378,3783.3228677538364,0,0,3781.070783883462,3589.2599685507257,3596.362461965569,2.2565303965210917,0.0,0.34547679225210454,0.0327535220148701,50,50,0.0,-0.5,243,10.2,1282.1397011196034,4595.069196213778,71.53390502188533,0.1734697727255258,0.37530533787502696,0.6163516395254951,58.73322079200044,-13.39549430859676,0.6127428049949231,,1.0099963045056785e-06,50,0.27963184585988365,0.27963184585988365,0.0,2.9781032928211107e-05,4.913657508623076,0.0,-4.634055443796121,14205.373042955574,1.0,3289.2599685507257,True,lbfgsb_seed_1,10.2,0.0,0.0,9.549897261924352,0.0,0.0,0.27963184585988365,0.27963184585988365,0.0,0.0,0.0,0.34547679225210454,0.0,4595.06919621378,0.0,433.05539427951294,3589.2599685507257,0.0,0.27963184585988365,0.27963184585988365,0.447,0.2802274665184479,14205.373032955575,4595.06919621378,3589.2599685507257,71.53390502188529,37.89395740435462,0.0,0.34547679225210454,3.2174639856338146e+25,0.0,0.0,4.268804076080185,0.0005956206585642221,6733127.670317223,3783.3228677538364,3781.070783883462,-0.22444664100304734,38.80807150346126,2.2565303965210917,0.0327535220148701,3.4623496240673034e+25,-0.5,-5.0,,,,,,,,,,,,,,,,,,,,,,,,,,,,,,,,,,,,,,,,,,,,,,,,,-4.634055443796121,,10,,1,,39,sigma_box,curvature,,3,6733127.670327223,3481.070783883462,9.999999868759448e-09,1.3124055172958196e-16,True,completed_requested_steps,-0.5,-0.5,-0.45,direct_preferred_endpoint,49,sigma_box_lower_supported
4.254226566277924,0.447,0,0,419.502576446009,4595.06919621378,3782.968755153792,0,0,3780.691661905002,3588.373577106402,3595.4875794691193,2.253109659314156,0.0,0.3462877411914369,0.03293418814223181,50,50,0.0,-0.5,244,10.2,1285.1397011196034,4595.069196213778,71.35890502188533,0.1734697727255258,0.37530533787502696,0.6163516395254951,58.73322079200044,-13.39549430859676,0.6306711549987085,,1.009999431603201e-06,50,0.27994140982642124,0.27994140982642124,0.0,3.0114770687783567e-05,4.915227540624327,0.0,-4.635316245568594,14180.55279054829,1.0,3288.373577106402,True,lbfgsb_seed_1,10.2,0.0,0.0,9.517285383172089,0.0,0.0,0.27994140982642124,0.27994140982642124,0.0,0.0,0.0,0.3462877411914369,0.0,4595.06919621378,0.0,419.502576446009,3588.373577106402,0.0,0.27994140982642124,0.27994140982642124,0.447,0.2805437052401769,14180.55278054829,4595.06919621378,3588.373577106402,71.35890502188539,37.89395740435462,0.0,0.3462877411914369,3.2174639856338146e+25,0.0,0.0,4.254226566277924,0.0006022954137556713,6565828.9395208,3782.968755153792,3780.691661905002,-0.5151369604301943,38.80246847980801,2.253109659314156,0.03293418814223181,3.4630116524414905e+25,-0.5,-5.0,,,,,,,,,,,,,,,,,,,,,,,,,,,,,,,,,,,,,,,,,,,,,,,,,-4.635316245568594,,10,,1,,39,sigma_box,curvature,,3,6565828.939530799,3480.691661905002,9.99999883498089e-09,1.1650191098100633e-15,True,completed_requested_steps,-0.5,-0.5,-0.45,direct_preferred_endpoint,49,sigma_box_lower_supported
4.269741623055742,0.447,0,0,542.5019209129105,4595.06919621378,3795.064602890928,0,0,3792.8470071315687,3611.856743519791,3618.8939751088246,2.256749999955297,0.0,0.3411106509015842,0.03239526224915673,50,50,0.0,-0.5,245,10.2,1282.1397011196034,4595.069196213778,71.35890502188533,0.1734697727255258,0.37530533787502696,0.6163516395254951,58.73322079200044,-13.385994308596759,0.6328566380107077,,5.070356394634199e-12,50,0.27163333091615893,0.27163333091615893,0.0,2.9233920524474045e-05,4.8617401054245395,0.0,-4.590136008428905,14559.413682975723,1.0,3311.856743519791,True,lbfgsb_seed_1,10.2,0.0,0.0,9.551994682451324,0.0,0.0,0.27163333091615893,0.27163333091615893,0.0,0.0,0.0,0.3411106509015842,0.0,4595.06919621378,0.0,542.5019209129105,3611.856743519791,0.0,0.27163333091615893,0.27163333091615893,0.447,0.2722180093266484,14559.413672975723,4595.06919621378,3611.856743519791,71.35890502188539,37.89395740435462,0.0,0.3411106509015842,3.2174639856338146e+25,0.0,0.0,4.269741623055742,0.0005846784104894809,7489177.458800701,3795.064602890928,3792.8470071315687,2.2968015403901156,38.761814593055774,2.256749999955297,0.03239526224915673,3.4611147513788685e+25,-0.5,-5.0,,,,,,,,,,,,,,,,,,,,,,,,,,,,,,,,,,,,,,,,,,,,,,,,,-4.590136008428905,,10,,1,,39,sigma_box,curvature,,3,7489177.458810701,3492.8470071315687,9.999998331166436e-09,1.6688335643510942e-15,True,completed_requested_steps,-0.5,-0.5,-0.45,direct_preferred_endpoint,49,sigma_box_lower_supported
4.307575551218038,0.447,0,0,492.58488226360873,4595.069851041834,3787.3752450179163,0,0,3785.1642474869486,3593.262070937289,3600.3501622273475,2.265571913093329,0.0,0.34521149242124766,0.03243051552345139,50,50,0.0,-0.5,246,10.2,1282.1362277315443,4595.069851041834,71.35874029204132,0.1734697727255258,0.37530533787502696,0.6163516395254951,58.73322102096141,-13.39540198865949,0.525455309994868,,1.0099986101814555e-06,50,0.2782176354275412,0.2782176354275412,0.0,2.9206097627543227e-05,4.895708306359527,0.0,-4.617519877029613,14315.417495910087,1.0,3293.262070937289,True,lbfgsb_seed_1,10.2,0.0,0.0,9.63663434276966,0.0,0.0,0.2782176354275412,0.2782176354275412,0.0,0.0,0.0,0.34521149242124766,0.0,4595.069851041834,0.0,492.58488226360873,3593.262070937289,0.0,0.2782176354275412,0.2782176354275412,0.447,0.27880175738009205,14315.417485910088,4595.069851041834,3593.262070937289,71.3587402920413,37.89394602804821,0.0,0.34521149242124766,3.2174647223075776e+25,0.0,0.0,4.307575551218038,0.0005841219525508645,7206751.128407211,3787.3752450179163,3785.1642474869486,0.738243165357346,38.78275245707668,2.265571913093329,0.03243051552345139,3.4627559844397704e+25,-0.5,-5.0,,,,,,,,,,,,,,,,,,,,,,,,,,,,,,,,,,,,,,,,,,,,,,,,,-4.617519877029613,,9,,1,,40,sigma_box,curvature,,3,7206751.128417211,3485.1642474869486,9.999996497293059e-09,3.50270694069618e-15,True,completed_requested_steps,-0.5,-0.5,-0.45,direct_preferred_endpoint,49,sigma_box_lower_supported
4.315705871124041,0.447,0,0,501.8318517191283,4595.069851041834,3787.7039217451807,0,0,3785.506168356912,3593.890992311726,3600.9715347773395,2.267457580953837,0.0,0.3447197649006358,0.03232797677704004,50,50,0.0,-0.5,247,10.2,1282.1362277315443,4595.069851041834,71.35874029204132,0.1734697727255258,0.37530533787502696,0.6163516395254951,58.734707278578746,-13.39540198865949,0.5252497229957953,,1.0099968720960446e-06,50,0.27799739992303674,0.27799739992303674,0.0,2.902852736893502e-05,4.894253937861654,0.0,-4.616285566465986,14291.648176049692,1.0,3293.890992311726,True,lbfgsb_seed_1,10.2,0.0,0.0,9.65482297790613,0.0,0.0,0.27799739992303674,0.27799739992303674,0.0,0.0,0.0,0.3447197649006358,0.0,4595.069851041834,0.0,501.8318517191283,3593.890992311726,0.0,0.27799739992303674,0.27799739992303674,0.447,0.27857797047041544,14291.648166049692,4595.069851041834,3593.890992311726,71.35874029204118,37.83766769452504,0.0,0.3447197649006358,3.22225025914899e+25,0.0,0.0,4.315705871124041,0.0005805705473787004,7295111.634807549,3787.7039217451807,3785.506168356912,0.9488075445109181,38.72742224406164,2.267457580953837,0.03232797677704004,3.4675527970967255e+25,-0.5,-5.0,,,,,,,,,,,,,,,,,,,,,,,,,,,,,,,,,,,,,,,,,,,,,,,,,-4.616285566465986,,9,,1,,40,sigma_box,curvature,,3,7295111.634817549,3485.506168356912,9.999998035487575e-09,1.9645124253577685e-15,True,completed_requested_steps,-0.5,-0.5,-0.45,direct_preferred_endpoint,49,sigma_box_lower_supported
4.348379798614269,0.447,0,0,543.940893350092,4601.569851041832,3791.6663190278477,0,0,3789.4935397650042,3598.7798945344784,3605.872991912524,2.2750000000000004,0.0,0.3449478044520896,0.03209736591877896,50,50,0.0,-0.5,248,10.2,1282.1362277315443,4601.569851041834,71.35874029204132,0.1734697727255258,0.37530533787502696,0.6163516395254951,58.73322102096141,-13.39540198865949,0.2581087799917441,,4.4406389291007254e-12,50,0.27807383499997496,0.27807383499997496,0.0,2.8668465060610604e-05,4.876737646516015,0.0,-4.598692479981101,14929.25830547236,1.0,3298.7798945344784,True,lbfgsb_seed_1,10.2,0.0,0.0,9.727919012559887,0.0,0.0,0.27807383499997496,0.27807383499997496,0.0,0.0,0.0,0.3449478044520896,0.0,4601.569851041832,0.0,543.940893350092,3598.7798945344784,0.0,0.27807383499997496,0.27807383499997496,0.447,0.27864720430118717,14929.25829547236,4601.569851041832,3598.7798945344784,71.35874029204142,37.867172807074674,0.0,0.3449478044520896,3.2174647223075776e+25,0.0,0.0,4.348379798614269,0.0005733693012122121,7711357.301674399,3791.6663190278477,3789.4935397650042,1.9167581867143864,38.74803942925433,2.2750000000000004,0.03209736591877896,3.4638964160195423e+25,-0.5,-5.0,,,,,,,,,,,,,,,,,,,,,,,,,,,,,,,,,,,,,,,,,,,,,,,,,-4.598692479981101,,9,,,1,40,sigma_box,curvature,,3,7711357.301684398,3489.4935397650042,9.999996400467756e-09,3.5995322434131194e-15,True,completed_requested_steps,-0.5,-0.5,-0.45,direct_preferred_endpoint,49,sigma_box_lower_supported
4.270819777477263,0.447,0,0,435.55641663438496,4595.069851041834,3783.497835072381,0,0,3781.2483165433373,3589.4546641081124,3596.556609328227,2.257002478539944,0.0,0.34543460430772804,0.03273428741101801,50,50,0.0,-0.5,249,10.2,1282.1362277315443,4595.069851041834,71.53374029204133,0.1734697727255258,0.37530533787502696,0.6163516395254951,58.73322102096141,-13.39540198865949,0.6388148359983461,,1.0099988872445509e-06,50,0.27956329389441215,0.27956329389441215,0.0,2.9745712800743896e-05,4.912881847128824,0.0,-4.633348298947212,14208.039986238911,1.0,3289.4546641081124,True,lbfgsb_seed_1,10.2,0.0,0.0,9.554406661022961,0.0,0.0,0.27956329389441215,0.27956329389441215,0.0,0.0,0.0,0.34543460430772804,0.0,4595.069851041834,0.0,435.55641663438496,3589.4546641081124,0.0,0.27956329389441215,0.27956329389441215,0.447,0.280158208150427,14208.039976238912,4595.069851041834,3589.4546641081124,71.53374029204167,37.89394602804821,0.0,0.34543460430772804,3.2174647223075776e+25,0.0,0.0,4.270819777477263,0.0005949142560148779,6756642.6039766865,3783.497835072381,3781.2483165433373,-0.1804335062041852,38.80728688655332,2.257002478539944,0.03273428741101801,3.462339566372749e+25,-0.5,-5.0,,,,,,,,,,,,,,,,,,,,,,,,,,,,,,,,,,,,,,,,,,,,,,,,,-4.633348298947212,,10,,1,,39,sigma_box,curvature,,3,6756642.603986686,3481.2483165433373,9.999998558639647e-09,1.4413603528642468e-15,True,completed_requested_steps,-0.5,-0.5,-0.45,direct_preferred_endpoint,49,sigma_box_lower_supported
4.256222237494774,0.447,0,0,421.9843401229791,4595.069851041834,3783.1421845378254,0,0,3780.8677088352224,3588.5684363802484,3595.6818877837236,2.2535786525011066,0.0,0.3462454461624942,0.03291495794191228,50,50,0.0,-0.5,250,10.2,1285.1362277315443,4595.069851041834,71.35874029204132,0.1734697727255258,0.37530533787502696,0.6163516395254951,58.73322102096141,-13.39540198865949,0.6342266900028335,,1.0099916906581505e-06,50,0.27987277913462183,0.27987277913462183,0.0,3.0078752785878127e-05,4.914458573975725,0.0,-4.63461587359389,14183.21488338875,1.0,3288.5684363802484,True,lbfgsb_seed_1,10.2,0.0,0.0,9.521749972024104,0.0,0.0,0.27987277913462183,0.27987277913462183,0.0,0.0,0.0,0.3462454461624942,0.0,4595.069851041834,0.0,421.9843401229791,3588.5684363802484,0.0,0.27987277913462183,0.27987277913462183,0.447,0.2804743541903394,14183.21487338875,4595.069851041834,3588.5684363802484,71.35874029204163,37.89394602804821,0.0,0.3462454461624942,3.2174647223075776e+25,0.0,0.0,4.256222237494774,0.0006015750557175625,6588818.867347498,3783.1421845378254,3780.8677088352224,-0.47150172178443894,38.80169441554429,2.2535786525011066,0.03291495794191228,3.463001357523366e+25,-0.5,-5.0,,,,,,,,,,,,,,,,,,,,,,,,,,,,,,,,,,,,,,,,,,,,,,,,,-4.63461587359389,,10,,1,,39,sigma_box,curvature,,3,6588818.867357498,3480.8677088352224,9.999997703132696e-09,2.2968673033628496e-15,True,completed_requested_steps,-0.5,-0.5,-0.45,direct_preferred_endpoint,49,sigma_box_lower_supported
4.285783213325221,0.447,0,0,554.7101256393089,4595.069851041834,3795.907550623349,0,0,3793.7054687849477,3612.0470787720205,3619.083773635865,2.2604999999552966,0.0,0.3410692609188759,0.03226660716837929,50,50,0.0,-0.5,251,10.2,1282.1362277315443,4595.069851041834,71.35874029204132,0.1734697727255258,0.37530533787502696,0.6163516395254951,58.73322102096141,-13.38590198865949,0.6286477550020209,,4.715740612361745e-12,50,0.2715706949197292,0.2715706949197292,0.0,2.9022836070435876e-05,4.858023525399165,0.0,-4.586481853315506,14562.151888447259,1.0,3312.0470787720205,True,lbfgsb_seed_1,10.2,0.0,0.0,9.587881909004969,0.0,0.0,0.2715706949197292,0.2715706949197292,0.0,0.0,0.0,0.3410692609188759,0.0,4595.069851041834,0.0,554.7101256393089,3612.0470787720205,0.0,0.2715706949197292,0.2715706949197292,0.447,0.2721511516411379,14562.15187844726,4595.069851041834,3612.0470787720205,71.3587402920413,37.89394602804821,0.0,0.3410692609188759,3.2174647223075776e+25,0.0,0.0,4.285783213325221,0.0005804567214087175,7643442.002406331,3795.907550623349,3793.7054687849477,2.5207665150178555,38.756681137821175,2.2604999999552966,0.03226660716837929,3.461188815081731e+25,-0.5,-5.0,,,,,,,,,,,,,,,,,,,,,,,,,,,,,,,,,,,,,,,,,,,,,,,,,-4.586481853315506,,10,,1,,39,sigma_box,curvature,,3,7643442.00241633,3493.7054687849477,9.999998803717434e-09,1.1962825664981464e-15,True,completed_requested_steps,-0.5,-0.5,-0.45,direct_preferred_endpoint,49,sigma_box_lower_supported
4.308102313704916,0.447,0,0,493.476831515369,4595.070068990685,3787.4357622044763,0,0,3785.225409612598,3593.3266211827204,3600.4145300791865,2.265694193080068,0.0,0.3451974765256163,0.03242528275834854,50,50,0.0,-0.5,252,10.2,1282.135071670906,4595.070068990686,71.35868546439599,0.1734697727255258,0.37530533787502696,0.6163516395254951,58.73322109716734,-13.395371261472143,0.5544930640025996,,1.0099918803396865e-06,50,0.278194903605647,0.278194903605647,0.0,2.9197106548328745e-05,4.895440506371687,0.0,-4.617274799872588,14316.312008351855,1.0,3293.3266211827204,True,lbfgsb_seed_1,10.2,0.0,0.0,9.637812782337619,0.0,0.0,0.278194903605647,0.278194903605647,0.0,0.0,0.0,0.3451974765256163,0.0,4595.070068990685,0.0,493.476831515369,3593.3266211827204,0.0,0.278194903605647,0.278194903605647,0.447,0.2787788457366136,14316.311998351855,4595.070068990685,3593.3266211827204,71.35868546439605,37.89394224163082,0.0,0.3451974765256163,3.217464967497474e+25,0.0,0.0,4.308102313704916,0.0005839421309665749,7213976.762867326,3787.4357622044763,3785.225409612598,0.7532561055356022,38.78246341688546,2.265694193080068,0.03242528275834854,3.4627541268909696e+25,-0.5,-5.0,,,,,,,,,,,,,,,,,,,,,,,,,,,,,,,,,,,,,,,,,,,,,,,,,-4.617274799872588,,9,,1,,40,sigma_box,curvature,,3,7213976.7628773255,3485.225409612598,9.999997562264635e-09,2.4377353646292055e-15,True,completed_requested_steps,-0.5,-0.5,-0.45,direct_preferred_endpoint,49,sigma_box_lower_supported
4.316237069316801,0.447,0,0,502.72896302514664,4595.070068990685,3787.764984054623,0,0,3785.567865767202,3593.9555025006653,3601.035863125872,2.267580658271909,0.0,0.34470577146307535,0.03232273160787743,50,50,0.0,-0.5,253,10.2,1282.135071670906,4595.070068990686,71.35868546439599,0.1734697727255258,0.37530533787502696,0.6163516395254951,58.734707354784675,-13.395371261472143,0.5295474500017008,,1.0099934268813845e-06,50,0.27797468778965806,0.27797468778965806,0.0,2.901966581142501e-05,4.893983765774843,0.0,-4.616038097650996,14292.541206399228,1.0,3293.9555025006653,True,lbfgsb_seed_1,10.2,0.0,0.0,9.656011340753471,0.0,0.0,0.27797468778965806,0.27797468778965806,0.0,0.0,0.0,0.34470577146307535,0.0,4595.070068990685,0.0,502.72896302514664,3593.9555025006653,0.0,0.27797468778965806,0.27797468778965806,0.447,0.27855508110588656,14292.541196399228,4595.070068990685,3593.9555025006653,71.35868546439526,37.83766391373105,0.0,0.34470577146307535,3.2222505047035727e+25,0.0,0.0,4.316237069316801,0.0005803933162285002,7302416.208747408,3787.764984054623,3785.567865767202,0.9639263042371342,38.72712975609692,2.267580658271909,0.03232273160787743,3.4675510354884773e+25,-0.5,-5.0,,,,,,,,,,,,,,,,,,,,,,,,,,,,,,,,,,,,,,,,,,,,,,,,,-4.616038097650996,,9,,1,,40,sigma_box,curvature,,3,7302416.208757408,3485.567865767202,9.999999481125927e-09,5.188740724673285e-16,True,completed_requested_steps,-0.5,-0.5,-0.45,direct_preferred_endpoint,49,sigma_box_lower_supported
4.348379798614269,0.447,0,0,544.1601658605309,4601.570068990685,3791.6956214570096,0,0,3789.522938030087,3598.844512089644,3605.937426107009,2.2750000000000004,0.0,0.3449338001077721,0.03209628182425949,50,50,0.0,-0.5,254,10.2,1282.135071670906,4601.570068990686,71.35868546439599,0.1734697727255258,0.37530533787502696,0.6163516395254951,58.73322109716734,-13.395371261472143,0.26192492598784156,,4.435610111506086e-12,50,0.27805096708070254,0.27805096708070254,0.0,2.8666978171820737e-05,4.876608228292143,0.0,-4.598585928189612,14930.18768474869,1.0,3298.844512089644,True,lbfgsb_seed_1,10.2,0.0,0.0,9.727919012559887,0.0,0.0,0.27805096708070254,0.27805096708070254,0.0,0.0,0.0,0.3449338001077721,0.0,4601.570068990685,0.0,544.1601658605309,3598.844512089644,0.0,0.27805096708070254,0.27805096708070254,0.447,0.27862430664413895,14930.18767474869,4601.570068990685,3598.844512089644,71.35868546439617,37.86716902460103,0.0,0.3449338001077721,3.217464967497474e+25,0.0,0.0,4.348379798614269,0.0005733395634364147,7713408.724269535,3791.6956214570096,3789.522938030087,1.9229352011773555,38.74795358476217,2.2750000000000004,0.03209628182425949,3.463890705494023e+25,-0.5,-5.0,,,,,,,,,,,,,,,,,,,,,,,,,,,,,,,,,,,,,,,,,,,,,,,,,-4.598585928189612,,9,,,1,40,sigma_box,curvature,,3,7713408.724279535,3489.522938030087,9.999998044621388e-09,1.9553786126693314e-15,True,completed_requested_steps,-0.5,-0.5,-0.45,direct_preferred_endpoint,49,sigma_box_lower_supported
4.271491540374484,0.447,0,0,436.39024473231507,4595.070068990685,3783.556167945952,0,0,3781.3075020428837,3589.5194570405465,3596.6212198282587,2.257159757494927,0.0,0.3454205643947698,0.03272788238985071,50,50,0.0,-0.5,255,10.2,1282.135071670906,4595.070068990686,71.53368546439599,0.1734697727255258,0.37530533787502696,0.6163516395254951,58.73322109716734,-13.395371261472143,0.6206163790047867,,1.009978892080019e-06,50,0.27954048180181124,0.27954048180181124,0.0,2.973397299549374e-05,4.912623260650432,0.0,-4.633112512821617,14208.927755724124,1.0,3289.5194570405465,True,lbfgsb_seed_1,10.2,0.0,0.0,9.555909486296384,0.0,0.0,0.27954048180181124,0.27954048180181124,0.0,0.0,0.0,0.3454205643947698,0.0,4595.070068990685,0.0,436.39024473231507,3589.5194570405465,0.0,0.27954048180181124,0.27954048180181124,0.447,0.2801351612617211,14208.927745724124,4595.070068990685,3589.5194570405465,71.53368546439611,37.89394224163082,0.0,0.3454205643947698,3.217464967497474e+25,0.0,0.0,4.271491540374484,0.0005946794599098748,6764489.06940722,3783.556167945952,3781.3075020428837,-0.16576316751387765,38.80702507567926,2.257159757494927,0.03272788238985071,3.4623362344366922e+25,-0.5,-5.0,,,,,,,,,,,,,,,,,,,,,,,,,,,,,,,,,,,,,,,,,,,,,,,,,-4.633112512821617,,10,,1,,39,sigma_box,curvature,,3,6764489.06941722,3481.3075020428837,9.99999800977005e-09,1.9902299499095476e-15,True,completed_requested_steps,-0.5,-0.5,-0.45,direct_preferred_endpoint,49,sigma_box_lower_supported
4.256887290939264,0.447,0,0,422.81170181846755,4595.070068990685,3783.2000006997273,0,0,3780.9263949708406,3588.633283796331,3595.746551847429,2.253734894692898,0.0,0.34623137061317966,0.032908554657531196,50,50,0.0,-0.5,256,10.2,1285.135071670906,4595.070068990686,71.35868546439599,0.1734697727255258,0.37530533787502696,0.6163516395254951,58.73322109716734,-13.395371261472143,0.6278540970088216,,1.0099839219631087e-06,50,0.2798499408389965,0.2798499408389965,0.0,3.0066781145365873e-05,4.914202236897689,0.0,-4.634382362839839,14184.101038254052,1.0,3288.633283796331,True,lbfgsb_seed_1,10.2,0.0,0.0,9.52323778733616,0.0,0.0,0.2798499408389965,0.2798499408389965,0.0,0.0,0.0,0.34623137061317966,0.0,4595.070068990685,0.0,422.81170181846755,3588.633283796331,0.0,0.2798499408389965,0.2798499408389965,0.447,0.2804512764619038,14184.101028254052,4595.070068990685,3588.633283796331,71.35868546439573,37.89394224163082,0.0,0.34623137061317966,3.217464967497474e+25,0.0,0.0,4.256887290939264,0.0006013356229073175,6596489.932455878,3783.2000006997273,3780.9263949708406,-0.4569583640148882,38.801436153095686,2.253734894692898,0.032908554657531196,3.462997945603043e+25,-0.5,-5.0,,,,,,,,,,,,,,,,,,,,,,,,,,,,,,,,,,,,,,,,,,,,,,,,,-4.634382362839839,,10,,1,,39,sigma_box,curvature,,3,6596489.932465877,3480.9263949708406,9.999997404854355e-09,2.595145645276905e-15,True,completed_requested_steps,-0.5,-0.5,-0.45,direct_preferred_endpoint,49,sigma_box_lower_supported
4.292216712062982,0.447,0,0,559.5752912323399,4595.070068990685,3796.240584315254,0,0,3794.04461766087,3612.110420634621,3619.146936883283,2.2619999999552967,0.0,0.34105548654170115,0.0322155038398134,50,50,0.0,-0.5,257,10.2,1282.135071670906,4595.070068990686,71.35868546439599,0.1734697727255258,0.37530533787502696,0.6163516395254951,58.73322109716734,-13.385871261472143,0.6279701800085604,,4.580489626762466e-12,50,0.271550110524601,0.271550110524601,0.0,2.8939652477499857e-05,4.856555562219173,0.0,-4.585034391347049,14563.06337966185,1.0,3312.110420634621,True,lbfgsb_seed_1,10.2,0.0,0.0,9.60227452363083,0.0,0.0,0.271550110524601,0.271550110524601,0.0,0.0,0.0,0.34105548654170115,0.0,4595.070068990685,0.0,559.5752912323399,3612.110420634621,0.0,0.271550110524601,0.271550110524601,0.447,0.272128903574151,14563.06336966185,4595.070068990685,3612.110420634621,71.3586854643954,37.89394224163082,0.0,0.34105548654170115,3.217464967497474e+25,0.0,0.0,4.292216712062982,0.0005787930495499971,7705443.822702023,3796.240584315254,3794.04461766087,2.609386752790676,38.75464005122307,2.2619999999552967,0.0322155038398134,3.4612192735640555e+25,-0.5,-5.0,,,,,,,,,,,,,,,,,,,,,,,,,,,,,,,,,,,,,,,,,,,,,,,,,-4.585034391347049,,10,,1,,39,sigma_box,curvature,,3,7705443.822712023,3494.04461766087,9.999999404273908e-09,5.957260926045025e-16,True,completed_requested_steps,-0.5,-0.5,-0.45,direct_preferred_endpoint,49,sigma_box_lower_supported
4.3082777191321915,0.447,0,0,493.7739086544407,4595.070141531409,3787.455913606243,0,0,3785.2457755488917,3593.3481047631426,3600.435952955705,2.2657349074929956,0.0,0.3451928117458863,0.03242354075939516,50,50,0.0,-0.5,258,10.2,1282.1346868949531,4595.0701415314115,71.3586672159073,0.1734697727255258,0.37530533787502696,0.6163516395254951,58.73322112253124,-13.39536103442834,0.5442869700054871,,1.0099795446587574e-06,50,0.278187338165673,0.278187338165673,0.0,2.9194115632169562e-05,4.8953513342359845,0.0,-4.617193190185944,14316.609745740065,1.0,3293.3481047631426,True,lbfgsb_seed_1,10.2,0.0,0.0,9.638205188215194,0.0,0.0,0.278187338165673,0.278187338165673,0.0,0.0,0.0,0.3451928117458863,0.0,4595.070141531409,0.0,493.7739086544407,3593.3481047631426,0.0,0.278187338165673,0.278187338165673,0.447,0.2787712204783164,14316.609735740065,4595.070141531409,3593.3481047631426,71.35866721590757,37.89394098138353,0.0,0.3451928117458863,3.217465049104944e+25,0.0,0.0,4.3082777191321915,0.0005838823126433912,7216383.285634661,3787.455913606243,3785.2457755488917,0.7582547460434397,38.78236716334355,2.2657349074929956,0.03242354075939516,3.462753509125697e+25,-0.5,-5.0,,,,,,,,,,,,,,,,,,,,,,,,,,,,,,,,,,,,,,,,,,,,,,,,,-4.617193190185944,,9,,1,,40,sigma_box,curvature,,3,7216383.285644661,3485.2457755488917,9.999998321355333e-09,1.6786446675028264e-15,True,completed_requested_steps,-0.5,-0.5,-0.45,direct_preferred_endpoint,49,sigma_box_lower_supported
4.316413954056969,0.447,0,0,503.02775944026257,4595.070141531409,3787.785320250609,0,0,3785.5884132235597,3593.9769727494886,3601.0572728548937,2.267621638670564,0.0,0.3447011141577898,0.03232098543410985,50,50,0.0,-0.5,259,10.2,1282.1346868949531,4595.0701415314115,71.3586672159073,0.1734697727255258,0.37530533787502696,0.6163516395254951,58.73470738014858,-13.39536103442834,0.5272904890007339,,1.009995763607184e-06,50,0.27796712890265973,0.27796712890265973,0.0,2.9016717974084118e-05,4.8938937892987004,0.0,-4.615955677114015,14292.838450478112,1.0,3293.9769727494886,True,lbfgsb_seed_1,10.2,0.0,0.0,9.65640705605586,0.0,0.0,0.27796712890265973,0.27796712890265973,0.0,0.0,0.0,0.3447011141577898,0.0,4595.070141531409,0.0,503.02775944026257,3593.9769727494886,0.0,0.27796712890265973,0.27796712890265973,0.447,0.2785474632621414,14292.838440478112,4595.070141531409,3593.9769727494886,71.35866721590713,37.83766265535542,0.0,0.3447011141577898,3.222250586432423e+25,0.0,0.0,4.316413954056969,0.0005803343594816823,7304849.197349681,3787.785320250609,3785.5884132235597,0.9689610512683275,38.727032319269235,2.267621638670564,0.03232098543410985,3.4675504513294875e+25,-0.5,-5.0,,,,,,,,,,,,,,,,,,,,,,,,,,,,,,,,,,,,,,,,,,,,,,,,,-4.615955677114015,,9,,1,,40,sigma_box,curvature,,3,7304849.19735968,3485.5884132235597,9.99999928179279e-09,7.182072104497643e-16,True,completed_requested_steps,-0.5,-0.5,-0.45,direct_preferred_endpoint,49,sigma_box_lower_supported
4.348379798614269,0.447,0,0,544.2331895504526,4601.570141531414,3791.70537000401,0,0,3789.5327184530997,3598.8660180720262,3605.9588710636554,2.2750000000000004,0.0,0.34492913917251744,0.03209592105193719,50,50,0.0,-0.5,260,10.2,1282.1346868949531,4601.5701415314115,71.3586672159073,0.1734697727255258,0.37530533787502696,0.6163516395254951,58.73322112253124,-13.39536103442834,0.25761749400408007,,4.435595417150738e-12,50,0.27804335636850097,0.27804335636850097,0.0,2.866648360536628e-05,4.876565172869126,0.0,-4.598550482984231,14930.497027520045,1.0,3298.8660180720262,True,lbfgsb_seed_1,10.2,0.0,0.0,9.727919012559887,0.0,0.0,0.27804335636850097,0.27804335636850097,0.0,0.0,0.0,0.34492913917251744,0.0,4601.570141531414,0.0,544.2331895504526,3598.8660180720262,0.0,0.27804335636850097,0.27804335636850097,0.447,0.2786166860406083,14930.497017520045,4601.570141531414,3598.8660180720262,71.35866721590756,37.86716776566632,0.0,0.34492913917251744,3.217465049104944e+25,0.0,0.0,4.348379798614269,0.0005733296721073255,7714091.2327077,3791.70537000401,3789.5327184530997,1.9249898600653403,38.74792506433842,2.2750000000000004,0.03209592105193719,3.463888802221229e+25,-0.5,-5.0,,,,,,,,,,,,,,,,,,,,,,,,,,,,,,,,,,,,,,,,,,,,,,,,,-4.598550482984231,,9,,,1,40,sigma_box,curvature,,3,7714091.232717699,3489.5327184530997,9.999999139038559e-09,8.609614409040103e-16,True,completed_requested_steps,-0.5,-0.5,-0.45,direct_preferred_endpoint,49,sigma_box_lower_supported
4.271715221888484,0.447,0,0,436.6679298168963,4595.070141531409,3783.5755929391435,0,0,3781.327210683828,3589.5410213919463,3596.642723462799,2.2572121222615245,0.0,0.3454158916219834,0.032725750250913975,50,50,0.0,-0.5,261,10.2,1282.1346868949531,4595.0701415314115,71.5336672159073,0.1734697727255258,0.37530533787502696,0.6163516395254951,58.73322112253124,-13.39536103442834,0.6196592210035305,,1.0099946577270296e-06,50,0.27953288964550205,0.27953288964550205,0.0,2.97300673816725e-05,4.912537152215069,0.0,-4.633033992636949,14209.223248726004,1.0,3289.5410213919463,True,lbfgsb_seed_1,10.2,0.0,0.0,9.556409892367974,0.0,0.0,0.27953288964550205,0.27953288964550205,0.0,0.0,0.0,0.3454158916219834,0.0,4595.070141531409,0.0,436.6679298168963,3589.5410213919463,0.0,0.27953288964550205,0.27953288964550205,0.447,0.2801274909931355,14209.223238726005,4595.070141531409,3589.5410213919463,71.53366721590768,37.89394098138353,0.0,0.3454158916219834,3.217465049104944e+25,0.0,0.0,4.271715221888484,0.00059460134763345,6767102.787405144,3783.5755929391435,3781.327210683828,-0.16087830305137718,38.80693787338083,2.2572121222615245,0.032725750250913975,3.4623351266819837e+25,-0.5,-5.0,,,,,,,,,,,,,,,,,,,,,,,,,,,,,,,,,,,,,,,,,,,,,,,,,-4.633033992636949,,10,,1,,39,sigma_box,curvature,,3,6767102.787415144,3481.327210683828,9.999997282870531e-09,2.7171294681211626e-15,True,completed_requested_steps,-0.5,-0.5,-0.45,direct_preferred_endpoint,49,sigma_box_lower_supported
4.257108735719096,0.447,0,0,423.08723234113177,4595.070141531409,3783.219251873593,0,0,3780.945935562603,3588.654866280973,3595.7680733090274,2.2537869136929514,0.0,0.34622668597996675,0.03290642313222064,50,50,0.0,-0.5,262,10.2,1285.1346868949531,4595.0701415314115,71.3586672159073,0.1734697727255258,0.37530533787502696,0.6163516395254951,58.73322112253124,-13.39536103442834,0.6401132229948416,,1.0099863204351928e-06,50,0.2798423399610217,0.2798423399610217,0.0,3.0062798433683204e-05,4.914116885263873,0.0,-4.634304608101285,14184.39599383034,1.0,3288.654866280973,True,lbfgsb_seed_1,10.2,0.0,0.0,9.523733189528178,0.0,0.0,0.2798423399610217,0.2798423399610217,0.0,0.0,0.0,0.34622668597996675,0.0,4595.070141531409,0.0,423.08723234113177,3588.654866280973,0.0,0.2798423399610217,0.2798423399610217,0.447,0.28044359592969537,14184.39598383034,4595.070141531409,3588.654866280973,71.35866721590757,37.89394098138353,0.0,0.34622668597996675,3.217465049104944e+25,0.0,0.0,4.257108735719096,0.000601255968673664,6599045.131413455,3783.219251873593,3780.945935562603,-0.4521162517610342,38.801350152652674,2.2537869136929514,0.03290642313222064,3.4629968102090963e+25,-0.5,-5.0,,,,,,,,,,,,,,,,,,,,,,,,,,,,,,,,,,,,,,,,,,,,,,,,,-4.634304608101285,,10,,1,,39,sigma_box,curvature,,3,6599045.131423455,3480.945935562603,9.999995131716108e-09,4.868283892161547e-15,True,completed_requested_steps,-0.5,-0.5,-0.45,direct_preferred_endpoint,49,sigma_box_lower_supported
0.5542182679438297,0.447,0,0,929.1710341913415,4595.070141531409,4038.25474376151,0,0,3695.9217037024755,3612.1315020417364,3619.167958844033,0.21500000000000002,0.0,0.34105090214233197,0.26174129344909547,9,50,0.0,-0.39999999999999997,263,10.2,1282.1346868949531,4595.0701415314115,71.3586672159073,0.1734697727255258,0.37530533787502696,0.6163516395254951,58.73322112253124,-13.385861034428341,0.41280204699432943,reverse_rollout_failed,0.00047321306340396285,9,0.17949696121989955,0.17949696121989955,1000000.0,0.004631226896880614,3.848444450374219,0.0,-3.6735787160512,14563.366768420348,1.0,3312.1315020417364,False,lbfgsb_seed_1,10.2,0.0,0.0,1.239861896966062,0.0,0.0,0.17949696121989955,0.17949696121989955,1000000.0,820.0,0.0,0.34105090214233197,0.0,4595.070141531409,0.0,929.1710341913415,3612.1315020417364,0.0,-1000820.0,-819.8205030387801,0.447,0.2721214991575118,14563.366758420349,4595.070141531409,3612.1315020417364,71.35866721590726,37.89394098138353,0.0,0.34105090214233197,3.217465049104944e+25,0.0,0.0,0.5542182679438297,0.09262453793761227,929.1710341913415,4038.25474376151,3695.9217037024755,48.123392535755244,38.90674969449132,0.21500000000000002,0.26174129344909547,3.342780637453667e+25,-0.35,-0.9,0.00047320306340396286,-0.03458116204829853,False,27,929.1710441913415,3395.9217037024755,-0.00047320306340396286,0.00047321306340396285,0.03458116204829853,True,-0.35,0.00047320306340396286,-0.03458116204829853,False,27,929.1710441913415,3395.9217037024755,-0.00047320306340396286,0.00047321306340396285,0.03458116204829853,True,-0.35,0,0.0018748326196720495,-0.0424467593013933,False,31,896.9094235948705,3400.9620586674637,-0.0018748326196720495,0.0018748426196720494,0.0424467593013933,True,-0.44999999999999996,41,0.00047320306340396286,-0.03458116204829853,False,27,929.1710441913415,3395.9217037024755,-0.00047320306340396286,0.00047321306340396285,0.03458116204829853,True,-0.35,-0.35,-0.44999999999999996,-1000000.0,,8,1,,,,curvature,curvature,no feasible sigma on scan grid,27,929.1710441913415,3395.9217037024755,-0.00047320306340396286,0.00047321306340396285,False,no_feasible_sigma,-0.35,-0.44999999999999996,-0.35,legacy_scan,8,no_feasible_sigma
4.308346769238109,0.447,0,0,493.89086074226725,4595.070170083118,3787.4638489347108,0,0,3785.253795300841,3593.3565604798528,3600.4443847799885,2.2657509346753364,0.0,0.34519097573423285,0.032422855041410306,50,50,0.0,-0.5,264,10.2,1282.1345354488378,4595.0701700831205,71.35866003338276,0.1734697727255258,0.37530533787502696,0.6163516395254951,58.73322113251436,-13.395357009109077,0.5461525980063016,,1.009999118914267e-06,50,0.2781843605077263,0.2781843605077263,0.0,2.9192938616340316e-05,4.8953162197708044,0.0,-4.617161052201695,14316.72693571023,1.0,3293.3565604798528,True,lbfgsb_seed_1,10.2,0.0,0.0,9.638359662725076,0.0,0.0,0.2781843605077263,0.2781843605077263,0.0,0.0,0.0,0.34519097573423285,0.0,4595.070170083118,0.0,493.89086074226725,3593.3565604798528,0.0,0.2781843605077263,0.2781843605077263,0.447,0.27876821928005313,14316.72692571023,4595.070170083118,3593.3565604798528,71.35866003338295,37.893940485355834,0.0,0.34519097573423285,3.217465081225279e+25,0.0,0.0,4.308346769238109,0.0005838587723268063,7217330.841692462,3787.4638489347108,3785.253795300841,0.7602231294457904,38.78232924220794,2.2657509346753364,0.032422855041410306,3.462753267475671e+25,-0.5,-5.0,,,,,,,,,,,,,,,,,,,,,,,,,,,,,,,,,,,,,,,,,,,,,,,,,-4.617161052201695,,9,,1,,40,sigma_box,curvature,,3,7217330.841702461,3485.253795300841,9.999996889326878e-09,3.110673122780112e-15,True,completed_requested_steps,-0.5,-0.5,-0.45,direct_preferred_endpoint,49,sigma_box_lower_supported
4.316483587639259,0.447,0,0,503.1453975732354,4595.070170083118,3787.7933244786964,0,0,3785.5965005870826,3593.9854232190073,3601.065699504467,2.267637770816684,0.0,0.3446992810879962,0.03232029810146125,50,50,0.0,-0.5,265,10.2,1282.1345354488378,4595.0701700831205,71.35866003338276,0.1734697727255258,0.37530533787502696,0.6163516395254951,58.734707390131696,-13.395357009109077,0.5207037159998436,,1.0099886074634153e-06,50,0.27796415382343276,0.27796415382343276,0.0,2.901555793483057e-05,4.893858375221018,0.0,-4.61592323695552,14292.955446276312,1.0,3293.9854232190073,True,lbfgsb_seed_1,10.2,0.0,0.0,9.65656283588201,0.0,0.0,0.27796415382343276,0.27796415382343276,0.0,0.0,0.0,0.3446992810879962,0.0,4595.070170083118,0.0,503.1453975732354,3593.9854232190073,0.0,0.27796415382343276,0.27796415382343276,0.447,0.27854446498212937,14292.955436276312,4595.070170083118,3593.9854232190073,71.35866003338313,37.83766216006441,0.0,0.3446992810879962,3.2222506186005322e+25,0.0,0.0,4.316483587639259,0.0005803111586966114,7305806.967021907,3787.7933244786964,3785.5965005870826,0.9709426111405868,38.726993976566455,2.267637770816684,0.03232029810146125,3.467550220714377e+25,-0.5,-5.0,,,,,,,,,,,,,,,,,,,,,,,,,,,,,,,,,,,,,,,,,,,,,,,,,-4.61592323695552,,9,,1,,40,sigma_box,curvature,,3,7305806.967031906,3485.5965005870826,9.999997172502224e-09,2.827497776134215e-15,True,completed_requested_steps,-0.5,-0.5,-0.45,direct_preferred_endpoint,49,sigma_box_lower_supported
4.348379798614269,0.447,0,0,544.2619371486305,4601.570170083123,3791.709206412864,0,0,3789.5365674052737,3598.874482605912,3605.9673115785017,2.2750000000000004,0.0,0.3449273046740063,0.03209577906041282,50,50,0.0,-0.5,266,10.2,1282.1345354488378,4601.5701700831205,71.35866003338276,0.1734697727255258,0.37530533787502696,0.6163516395254951,58.73322113251436,-13.395357009109077,0.2588470769987907,,4.434295472521516e-12,50,0.2780403608945867,0.2780403608945867,0.0,2.866628899003132e-05,4.876548229041703,0.0,-4.598536534436105,14930.618785391984,1.0,3298.874482605912,True,lbfgsb_seed_1,10.2,0.0,0.0,9.727919012559887,0.0,0.0,0.2780403608945867,0.2780403608945867,0.0,0.0,0.0,0.3449273046740063,0.0,4601.570170083123,0.0,544.2619371486305,3598.874482605912,0.0,0.2780403608945867,0.2780403608945867,0.447,0.27861368667438735,14930.618775391984,4601.570170083123,3598.874482605912,71.3586600333829,37.86716727015528,0.0,0.3449273046740063,3.217465081225279e+25,0.0,0.0,4.348379798614269,0.0005733257798006264,7714359.828069544,3791.709206412864,3789.5365674052737,1.9257983952062832,38.74791384576032,2.2750000000000004,0.03209577906041282,3.4638880527486578e+25,-0.5,-5.0,,,,,,,,,,,,,,,,,,,,,,,,,,,,,,,,,,,,,,,,,,,,,,,,,-4.598536534436105,,9,,,1,40,sigma_box,curvature,,3,7714359.828079544,3489.5365674052737,9.999997608263267e-09,2.3917367328639973e-15,True,completed_requested_steps,-0.5,-0.5,-0.45,direct_preferred_endpoint,49,sigma_box_lower_supported
4.2718032754700435,0.447,0,0,436.7772324714815,4595.070170083118,3783.583245409026,0,0,3781.3349747829825,3589.549508899293,3596.651187072661,2.257232735216618,0.0,0.3454140524643963,0.03272491094802439,50,50,0.0,-0.5,267,10.2,1282.1345354488378,4595.0701700831205,71.53366003338277,0.1734697727255258,0.37530533787502696,0.6163516395254951,58.73322113251436,-13.395357009109077,0.6086215370014543,,1.0099993602148078e-06,50,0.2795299014739214,0.2795299014739214,0.0,2.9728530281458722e-05,4.912503230031585,0.0,-4.633003057087945,14209.33955530172,1.0,3289.549508899293,True,lbfgsb_seed_1,10.2,0.0,0.0,9.556606880246182,0.0,0.0,0.2795299014739214,0.2795299014739214,0.0,0.0,0.0,0.3454140524643963,0.0,4595.070170083118,0.0,436.7772324714815,3589.549508899293,0.0,0.2795299014739214,0.2795299014739214,0.447,0.2801244720795506,14209.33954530172,4595.070170083118,3589.549508899293,71.53366003338277,37.893940485355834,0.0,0.3454140524643963,3.217465081225279e+25,0.0,0.0,4.2718032754700435,0.0005945706056291744,6768132.141903359,3783.583245409026,3781.3349747829825,-0.1589538417828118,38.80690347799765,2.257232735216618,0.03272491094802439,3.462334694052859e+25,-0.5,-5.0,,,,,,,,,,,,,,,,,,,,,,,,,,,,,,,,,,,,,,,,,,,,,,,,,-4.633003057087945,,10,,1,,39,sigma_box,curvature,,3,6768132.141913359,3481.3349747829825,9.999999282426862e-09,7.175731382166977e-16,True,completed_requested_steps,-0.5,-0.5,-0.45,direct_preferred_endpoint,49,sigma_box_lower_supported
4.257195907130263,0.447,0,0,423.1956965734216,4595.070170083118,3783.2268316406357,0,0,3780.9536292249923,3588.6633609253777,3595.776543935442,2.2538073901534084,0.0,0.34622484215424426,0.03290558412483592,50,50,0.0,-0.5,268,10.2,1285.1345354488378,4595.0701700831205,71.35866003338276,0.1734697727255258,0.37530533787502696,0.6163516395254951,58.73322113251436,-13.395357009109077,0.6406547590013361,,1.0099830597553672e-06,50,0.2798393483547499,0.2798393483547499,0.0,3.006123108827419e-05,4.914083279958014,0.0,-4.634273992834352,14184.512088874106,1.0,3288.6633609253777,True,lbfgsb_seed_1,10.2,0.0,0.0,9.523928203870833,0.0,0.0,0.2798393483547499,0.2798393483547499,0.0,0.0,0.0,0.34622484215424426,0.0,4595.070170083118,0.0,423.1956965734216,3588.6633609253777,0.0,0.2798393483547499,0.2798393483547499,0.447,0.28044057297651537,14184.512078874106,4595.070170083118,3588.6633609253777,71.35866003338295,37.893940485355834,0.0,0.34622484215424426,3.217465081225279e+25,0.0,0.0,4.257195907130263,0.0006012246217654837,6600051.199807401,3783.2268316406357,3780.9536292249923,-0.4502097909849445,38.801316279512896,2.2538073901534084,0.03290558412483592,3.462996364273966e+25,-0.5,-5.0,,,,,,,,,,,,,,,,,,,,,,,,,,,,,,,,,,,,,,,,,,,,,,,,,-4.634273992834352,,10,,1,,39,sigma_box,curvature,,3,6600051.1998174,3480.9536292249923,9.99999931880415e-09,6.81195850095158e-16,True,completed_requested_steps,-0.5,-0.5,-0.45,direct_preferred_endpoint,49,sigma_box_lower_supported
0.5542182679438297,0.447,0,0,929.2607893444904,4595.070170083118,4038.2666947092375,0,0,3695.9252680757904,3612.139799467178,3619.1762328720115,0.21500000000000002,0.0,0.3410490977673308,0.2617404781594639,9,50,0.0,-0.39999999999999997,269,10.2,1282.1345354488378,4595.0701700831205,71.35866003338276,0.1734697727255258,0.37530533787502696,0.6163516395254951,58.73322113251436,-13.385857009109076,0.4038506790093379,reverse_rollout_failed,0.00047132961678700205,9,0.17949186712832743,0.17949186712832743,1000000.0,0.004631335887531085,3.84839756108702,0.0,-3.6735370298462233,14563.486182778744,1.0,3312.139799467178,False,lbfgsb_seed_1,10.2,0.0,0.0,1.239861896966062,0.0,0.0,0.17949186712832743,0.17949186712832743,1000000.0,820.0,0.0,0.3410490977673308,0.0,4595.070170083118,0.0,929.2607893444904,3612.139799467178,0.0,-1000820.0,-819.8205081328716,0.447,0.27211858487894913,14563.486172778745,4595.070170083118,3612.139799467178,71.35866003338263,37.893940485355834,0.0,0.3410490977673308,3.217465081225279e+25,0.0,0.0,0.5542182679438297,0.0926267177506217,929.2607893444904,4038.2666947092375,3695.9252680757904,48.124647199796556,38.90675046214306,0.21500000000000002,0.2617404781594639,3.342775625140767e+25,-0.35,-0.9,0.00047131961678700205,-0.034580309972912726,False,25,929.2607993444904,3395.9252680757904,-0.00047131961678700205,0.00047132961678700205,0.034580309972912726,True,-0.35,0.00047131961678700205,-0.034580309972912726,False,25,929.2607993444904,3395.9252680757904,-0.00047131961678700205,0.00047132961678700205,0.034580309972912726,True,-0.35,0,0.0018731110766852719,-0.04244422249646407,False,27,897.0290213456346,3400.9665764183906,-0.0018731110766852719,0.0018731210766852718,0.04244422249646407,True,-0.44999999999999996,41,0.00047131961678700205,-0.034580309972912726,False,25,929.2607993444904,3395.9252680757904,-0.00047131961678700205,0.00047132961678700205,0.034580309972912726,True,-0.35,-0.35,-0.44999999999999996,-1000000.0,,8,1,,,,curvature,curvature,no feasible sigma on scan grid,25,929.2607993444904,3395.9252680757904,-0.00047131961678700205,0.00047132961678700205,False,no_feasible_sigma,-0.35,-0.44999999999999996,-0.35,legacy_scan,8,no_feasible_sigma
4.30836134181348,0.447,0,0,493.9155337972047,4595.070176108566,3787.465528433901,0,0,3785.255492615272,3593.3583449342677,3600.446164192275,2.2657543170750145,0.0,0.34519058827086607,0.03242271028474581,50,50,0.0,-0.5,270,10.2,1282.1345034882045,4595.070176108568,71.3586585176091,0.1734697727255258,0.37530533787502696,0.6163516395254951,58.73322113462116,-13.395356159620444,0.5331088279926917,,1.0099950156970904e-06,50,0.2781837321191558,0.2781837321191558,0.0,2.919269020202897e-05,4.895308787868276,0.0,-4.617154248439323,14316.751667186023,1.0,3293.3583449342677,True,lbfgsb_seed_1,10.2,0.0,0.0,9.638392263564832,0.0,0.0,0.2781837321191558,0.2781837321191558,0.0,0.0,0.0,0.34519058827086607,0.0,4595.070176108566,0.0,493.9155337972047,3593.3583449342677,0.0,0.2781837321191558,0.2781837321191558,0.447,0.2787675859231964,14316.751657186023,4595.070176108566,3593.3583449342677,71.3586585176091,37.89394038067593,0.0,0.34519058827086607,3.21746508800384e+25,0.0,0.0,4.30836134181348,0.0005838538040405794,7217531.084935565,3787.465528433901,3785.255492615272,0.7606398360872251,38.782321186310845,2.2657543170750145,0.03242271028474581,3.462753219006496e+25,-0.5,-5.0,,,,,,,,,,,,,,,,,,,,,,,,,,,,,,,,,,,,,,,,,,,,,,,,,-4.617154248439323,,9,,1,,40,sigma_box,curvature,,3,7217531.084945564,3485.255492615272,9.999997880839482e-09,2.1191605176751254e-15,True,completed_requested_steps,-0.5,-0.5,-0.45,direct_preferred_endpoint,49,sigma_box_lower_supported
4.31649828248124,0.447,0,0,503.1702240420275,4595.070176108566,3787.7950138464403,0,0,3785.598207497107,3593.9872065660843,3601.0674778247044,2.267641175165773,0.0,0.3446988942454649,0.03232015305287541,50,50,0.0,-0.5,271,10.2,1282.1345034882045,4595.070176108568,71.3586585176091,0.1734697727255258,0.37530533787502696,0.6163516395254951,58.7347073922385,-13.395356159620444,0.530629619010142,,1.0099982253642774e-06,50,0.27796352597803686,0.27796352597803686,0.0,2.901531315424588e-05,4.89385090076267,0.0,-4.615916390097787,14292.980136774273,1.0,3293.9872065660843,True,lbfgsb_seed_1,10.2,0.0,0.0,9.65659571024886,0.0,0.0,0.27796352597803686,0.27796352597803686,0.0,0.0,0.0,0.3446988942454649,0.0,4595.070176108566,0.0,503.1702240420275,3593.9872065660843,0.0,0.27796352597803686,0.27796352597803686,0.447,0.2785438322411218,14292.980126774273,4595.070176108566,3593.9872065660843,71.35865851760919,37.83766205553997,0.0,0.3446988942454649,3.2222506253891756e+25,0.0,0.0,4.31649828248124,0.0005803062630849176,7306009.104435767,3787.7950138464403,3785.598207497107,0.97136083320047,38.726985882261154,2.267641175165773,0.03232015305287541,3.467550172196019e+25,-0.5,-5.0,,,,,,,,,,,,,,,,,,,,,,,,,,,,,,,,,,,,,,,,,,,,,,,,,-4.615916390097787,,9,,1,,40,sigma_box,curvature,,3,7306009.104445767,3485.598207497107,9.99999601111467e-09,3.988885330613295e-15,True,completed_requested_steps,-0.5,-0.5,-0.45,direct_preferred_endpoint,49,sigma_box_lower_supported
4.348379798614269,0.447,0,0,544.2680043546536,4601.570176108568,3791.7100159932334,0,0,3789.5373796325266,3598.876268921057,3605.969092824779,2.2750000000000004,0.0,0.3449269175299658,0.03209574909553565,50,50,0.0,-0.5,272,10.2,1282.1345034882045,4601.570176108568,71.3586585176091,0.1734697727255258,0.37530533787502696,0.6163516395254951,58.73322113462116,-13.395356159620444,0.2636826249945443,,4.438095545884388e-12,50,0.27803972874570904,0.27803972874570904,0.0,2.8666247922293223e-05,4.876544653464605,0.0,-4.598533590966818,14930.644480863495,1.0,3298.876268921057,True,lbfgsb_seed_1,10.2,0.0,0.0,9.727919012559887,0.0,0.0,0.27803972874570904,0.27803972874570904,0.0,0.0,0.0,0.3449269175299658,0.0,4601.570176108568,0.0,544.2680043546536,3598.876268921057,0.0,0.27803972874570904,0.27803972874570904,0.447,0.2786130537041549,14930.644470863495,4601.570176108568,3598.876268921057,71.35865851760913,37.86716716558441,0.0,0.3449269175299658,3.21746508800384e+25,0.0,0.0,4.348379798614269,0.0005733249584458644,7714416.508796865,3791.7100159932334,3789.5373796325266,1.925969013344421,38.74791147873117,2.2750000000000004,0.03209574909553565,3.463887894557302e+25,-0.5,-5.0,,,,,,,,,,,,,,,,,,,,,,,,,,,,,,,,,,,,,,,,,,,,,,,,,-4.598533590966818,,9,,,1,40,sigma_box,curvature,,3,7714416.508806865,3489.5373796325266,9.999996132929326e-09,3.8670706745584625e-15,True,completed_requested_steps,-0.5,-0.5,-0.45,direct_preferred_endpoint,49,sigma_box_lower_supported
4.271821860174403,0.447,0,0,436.80033481739633,4595.070176108566,3783.5848484058874,0,0,3781.336601326828,3589.5513000626547,3596.652973192794,2.25723708575964,0.0,0.3454136643371302,0.03272473393130868,50,50,0.0,-0.5,273,10.2,1282.1345034882045,4595.070176108568,71.5336585176091,0.1734697727255258,0.37530533787502696,0.6163516395254951,58.73322113462116,-13.395356159620444,0.6001533219969133,,1.0099971979586248e-06,50,0.27952927086143986,0.27952927086143986,0.0,2.9728206135770654e-05,4.912496124215952,0.0,-4.632996581560648,14209.364100348186,1.0,3289.5513000626547,True,lbfgsb_seed_1,10.2,0.0,0.0,9.556648456766002,0.0,0.0,0.27952927086143986,0.27952927086143986,0.0,0.0,0.0,0.3454136643371302,0.0,4595.070176108566,0.0,436.80033481739633,3589.5513000626547,0.0,0.27952927086143986,0.27952927086143986,0.447,0.2801238349841553,14209.364090348186,4595.070176108566,3589.5513000626547,71.5336585176088,37.89394038067593,0.0,0.3454136643371302,3.21746508800384e+25,0.0,0.0,4.271821860174403,0.000594564122715413,6768348.726444431,3783.5848484058874,3781.336601326828,-0.15855098899708964,38.80689636036261,2.25723708575964,0.03272473393130868,3.4623345956388286e+25,-0.5,-5.0,,,,,,,,,,,,,,,,,,,,,,,,,,,,,,,,,,,,,,,,,,,,,,,,,-4.632996581560648,,10,,1,,39,sigma_box,curvature,,3,6768348.72645443,3481.336601326828,9.999998317690308e-09,1.6823096926587998e-15,True,completed_requested_steps,-0.5,-0.5,-0.45,direct_preferred_endpoint,49,sigma_box_lower_supported
4.257214304454619,0.447,0,0,423.21858759405404,4595.070176108566,3783.2284315864295,0,0,3780.9552532058865,3588.6651535949095,3595.778331536323,2.2538117116093637,0.0,0.3462244530418374,0.03290540705741035,50,50,0.0,-0.5,274,10.2,1285.1345034882045,4595.070176108568,71.3586585176091,0.1734697727255258,0.37530533787502696,0.6163516395254951,58.73322113462116,-13.395356159620444,0.6336768219916848,,1.0099925808558534e-06,50,0.2798387170219834,0.2798387170219834,0.0,3.006090033220721e-05,4.914076186526761,0.0,-4.6342675304051095,14184.536589279387,1.0,3288.6651535949095,True,lbfgsb_seed_1,10.2,0.0,0.0,9.523969361196016,0.0,0.0,0.2798387170219834,0.2798387170219834,0.0,0.0,0.0,0.3462244530418374,0.0,4595.070176108566,0.0,423.21858759405404,3588.6651535949095,0.0,0.2798387170219834,0.2798387170219834,0.447,0.2804399350286275,14184.536579279387,4595.070176108566,3588.6651535949095,71.3586585176091,37.89394038067593,0.0,0.3462244530418374,3.21746508800384e+25,0.0,0.0,4.257214304454619,0.0006012180066441442,6600263.5518610785,3783.2284315864295,3780.9552532058865,-0.4498073719920809,38.801309127237445,2.2538117116093637,0.03290540705741035,3.462996270351519e+25,-0.5,-5.0,,,,,,,,,,,,,,,,,,,,,,,,,,,,,,,,,,,,,,,,,,,,,,,,,-4.6342675304051095,,10,,1,,39,sigma_box,curvature,,3,6600263.551871078,3480.9552532058865,9.999995438272987e-09,4.56172701329469e-15,True,completed_requested_steps,-0.5,-0.5,-0.45,direct_preferred_endpoint,49,sigma_box_lower_supported
0.5542182679438297,0.447,0,0,929.2812637719783,4595.070176108566,4038.269436055299,0,0,3695.9260554495713,3612.1415505165364,3619.1779789837005,0.21500000000000002,0.0,0.3410487169803981,0.2617403047507273,9,50,0.0,-0.39999999999999997,275,10.2,1282.1345034882045,4595.070176108568,71.3586585176091,0.1734697727255258,0.37530533787502696,0.6163516395254951,58.73322113462116,-13.385856159620445,0.3986094309948385,reverse_rollout_failed,0.00047093199431590436,9,0.1794907431648114,0.1794907431648114,1000000.0,0.004631361335015738,3.848386805514794,0.0,-3.6735274236849986,14563.511383683644,1.0,3312.1415505165364,False,lbfgsb_seed_1,10.2,0.0,0.0,1.239861896966062,0.0,0.0,0.1794907431648114,0.1794907431648114,1000000.0,820.0,0.0,0.3410487169803981,0.0,4595.070176108566,0.0,929.2812637719783,3612.1415505165364,0.0,-1000820.0,-819.8205092568352,0.447,0.27211796986512615,14563.511373683645,4595.070176108566,3612.1415505165364,71.35865851760941,37.89394038067593,0.0,0.3410487169803981,3.21746508800384e+25,0.0,0.0,0.5542182679438297,0.09262722670031476,929.2812637719783,4038.269436055299,3695.9260554495713,48.12493338401971,38.90674955182894,0.21500000000000002,0.2617403047507273,3.342774568744679e+25,-0.35,-0.9,0.00047092199431590437,-0.03458008110847044,False,28,929.2812737719782,3395.9260554495713,-0.00047092199431590437,0.00047093199431590436,0.03458008110847044,True,-0.35,0.00047092199431590437,-0.03458008110847044,False,28,929.2812737719782,3395.9260554495713,-0.00047092199431590437,0.00047093199431590436,0.03458008110847044,True,-0.35,0,0.001872748100378647,-0.04244370361998362,False,30,897.053856631288,3400.96751997304,-0.001872748100378647,0.001872758100378647,0.04244370361998362,True,-0.44999999999999996,41,0.00047092199431590437,-0.03458008110847044,False,28,929.2812737719782,3395.9260554495713,-0.00047092199431590437,0.00047093199431590436,0.03458008110847044,True,-0.35,-0.35,-0.44999999999999996,-1000000.0,,8,1,,,,curvature,curvature,no feasible sigma on scan grid,28,929.2812737719782,3395.9260554495713,-0.00047092199431590437,0.00047093199431590436,False,no_feasible_sigma,-0.35,-0.44999999999999996,-0.35,legacy_scan,8,no_feasible_sigma
4.308364417424184,0.447,0,0,493.9207500022096,4595.070177380158,3787.465878463269,0,0,3785.2558464041394,3593.3587215185744,3600.4465397125136,2.265755030944944,0.0,0.34519050650209915,0.03242267977482702,50,50,0.0,-0.5,276,10.2,1282.1344967433495,4595.0701773801575,71.35865819772579,0.1734697727255258,0.37530533787502696,0.6163516395254951,58.73322113506577,-13.395355980347476,0.4949142330005998,,1.009995696429009e-06,50,0.27818359950583993,0.27818359950583993,0.0,2.919263781375747e-05,4.895307238964315,0.0,-4.617152832096289,14316.756886431733,1.0,3293.3587215185744,True,lbfgsb_seed_1,10.2,0.0,0.0,9.63839914412569,0.0,0.0,0.27818359950583993,0.27818359950583993,0.0,0.0,0.0,0.34519050650209915,0.0,4595.070177380158,0.0,493.9207500022096,3593.3587215185744,0.0,0.27818359950583993,0.27818359950583993,0.447,0.2787674522621151,14316.756876431733,4595.070177380158,3593.3587215185744,71.35865819772631,37.89394035858479,0.0,0.34519050650209915,3.2174650894343503e+25,0.0,0.0,4.308364417424184,0.0005838527562751494,7217573.104295921,3787.465878463269,3785.2558464041394,0.7607265853203777,38.78231953511162,2.265755030944944,0.03242267977482702,3.4627532064268866e+25,-0.5,-5.0,,,,,,,,,,,,,,,,,,,,,,,,,,,,,,,,,,,,,,,,,,,,,,,,,-4.617152832096289,,9,,1,,40,sigma_box,curvature,,3,7217573.10430592,3485.2558464041394,9.99999772933069e-09,2.270669308893594e-15,True,completed_requested_steps,-0.5,-0.5,-0.45,direct_preferred_endpoint,49,sigma_box_lower_supported
4.316501384354704,0.447,0,0,503.17547019762605,4595.070177380158,3787.795367404662,0,0,3785.5985647582393,3593.9875829167217,3601.067853114491,2.2676418937742713,0.0,0.3446988126077135,0.03232012246479962,50,50,0.0,-0.5,277,10.2,1282.1344967433495,4595.0701773801575,71.35865819772579,0.1734697727255258,0.37530533787502696,0.6163516395254951,58.73470739268311,-13.395355980347476,0.4864218969887588,,1.009989560279792e-06,50,0.277963393479838,0.277963393479838,0.0,2.9015261508102966e-05,4.893849336476273,0.0,-4.615914958257943,14292.98534737361,1.0,3293.9875829167217,True,lbfgsb_seed_1,10.2,0.0,0.0,9.656602649563096,0.0,0.0,0.277963393479838,0.277963393479838,0.0,0.0,0.0,0.3446988126077135,0.0,4595.070177380158,0.0,503.17547019762605,3593.9875829167217,0.0,0.277963393479838,0.277963393479838,0.447,0.27854369871000006,14292.98533737361,4595.070177380158,3593.9875829167217,71.35865819772563,37.83766203348137,0.0,0.3446988126077135,3.2222506268218367e+25,0.0,0.0,4.316501384354704,0.0005803052301620593,7306051.606935291,3787.795367404662,3785.5985647582393,0.9714482965966031,38.72698420733339,2.2676418937742713,0.03232012246479962,3.467550160333233e+25,-0.5,-5.0,,,,,,,,,,,,,,,,,,,,,,,,,,,,,,,,,,,,,,,,,,,,,,,,,-4.615914958257943,,9,,1,,40,sigma_box,curvature,,3,7306051.60694529,3485.5985647582393,9.999996101715337e-09,3.898284663551723e-15,True,completed_requested_steps,-0.5,-0.5,-0.45,direct_preferred_endpoint,49,sigma_box_lower_supported
4.348379798614269,0.447,0,0,544.269284774391,4601.570177380154,3791.7101868423097,0,0,3789.5375510401823,3598.87664589806,3605.9694687320753,2.2750000000000004,0.0,0.3449268358285874,0.032095742771879286,50,50,0.0,-0.5,278,10.2,1282.1344967433495,4601.5701773801575,71.35865819772579,0.1734697727255258,0.37530533787502696,0.6163516395254951,58.73322113506577,-13.395355980347476,0.23549920099321753,,4.437929155164121e-12,50,0.27803959533954514,0.27803959533954514,0.0,2.8666239255648042e-05,4.876543898896027,0.0,-4.598532969795737,14930.649903549967,1.0,3298.87664589806,True,lbfgsb_seed_1,10.2,0.0,0.0,9.727919012559887,0.0,0.0,0.27803959533954514,0.27803959533954514,0.0,0.0,0.0,0.3449268358285874,0.0,4601.570177380154,0.0,544.269284774391,3598.87664589806,0.0,0.27803959533954514,0.27803959533954514,0.447,0.2786129201246581,14930.649893549968,4601.570177380154,3598.87664589806,71.35865819772539,37.86716714351631,0.0,0.3449268358285874,3.2174650894343503e+25,0.0,0.0,4.348379798614269,0.0005733247851129608,7714428.470374428,3791.7101868423097,3789.5375510401823,1.9260050194380969,38.74791097922364,2.2750000000000004,0.032095742771879286,3.463887861172078e+25,-0.5,-5.0,,,,,,,,,,,,,,,,,,,,,,,,,,,,,,,,,,,,,,,,,,,,,,,,,-4.598532969795737,,9,,,1,40,sigma_box,curvature,,3,7714428.470384427,3489.5375510401823,9.999997898348835e-09,2.1016511653127466e-15,True,completed_requested_steps,-0.5,-0.5,-0.45,direct_preferred_endpoint,49,sigma_box_lower_supported
4.271825781330739,0.447,0,0,436.80520064368466,4595.070177380158,3783.585189837374,0,0,3781.3369477293368,3589.551678062804,3596.6533501286517,2.2572380036711697,0.0,0.3454135824282561,0.032724696550412005,50,50,0.0,-0.5,279,10.2,1282.1344967433495,4595.0701773801575,71.53365819772579,0.1734697727255258,0.37530533787502696,0.6163516395254951,58.73322113506577,-13.395355980347476,0.5535477500088746,,1.0099833429748708e-06,50,0.27952913778047583,0.27952913778047583,0.0,2.972813768139515e-05,4.91249461070823,0.0,-4.632995201065436,14209.369280250845,1.0,3289.551678062804,True,lbfgsb_seed_1,10.2,0.0,0.0,9.556657228927829,0.0,0.0,0.27952913778047583,0.27952913778047583,0.0,0.0,0.0,0.3454135824282561,0.0,4595.070177380158,0.0,436.80520064368466,3589.551678062804,0.0,0.27952913778047583,0.27952913778047583,0.447,0.28012370053410374,14209.369270250845,4595.070177380158,3589.551678062804,71.5336581977254,37.89394035858479,0.0,0.3454135824282561,3.2174650894343503e+25,0.0,0.0,4.271825781330739,0.000594562753627903,6768394.60452664,3783.585189837374,3781.3369477293368,-0.15846511237884142,38.806894821576705,2.2572380036711697,0.032724696550412005,3.462334576707757e+25,-0.5,-5.0,,,,,,,,,,,,,,,,,,,,,,,,,,,,,,,,,,,,,,,,,,,,,,,,,-4.632995201065436,,10,,1,,39,sigma_box,curvature,,3,6768394.6045366395,3481.3369477293368,9.999999454908113e-09,5.450918864870674e-16,True,completed_requested_steps,-0.5,-0.5,-0.45,direct_preferred_endpoint,49,sigma_box_lower_supported
4.257218187335009,0.447,0,0,423.223427253062,4595.070177380158,3783.2287659758417,0,0,3780.9555926640933,3588.665531912902,3595.778708784651,2.253812623679638,0.0,0.34622437092506375,0.032905369719806274,50,50,0.0,-0.5,280,10.2,1285.1344967433495,4595.0701773801575,71.35865819772579,0.1734697727255258,0.37530533787502696,0.6163516395254951,58.73322113506577,-13.395355980347476,0.5868586560100084,,1.0099987411194825e-06,50,0.27983858378661997,0.27983858378661997,0.0,3.0060830602707256e-05,4.91407470399699,0.0,-4.634266181040973,14184.541759760756,1.0,3288.665531912902,True,lbfgsb_seed_1,10.2,0.0,0.0,9.523978047729326,0.0,0.0,0.27983858378661997,0.27983858378661997,0.0,0.0,0.0,0.34622437092506375,0.0,4595.070177380158,0.0,423.223427253062,3588.665531912902,0.0,0.27983858378661997,0.27983858378661997,0.447,0.2804398003986741,14184.541749760756,4595.070177380158,3588.665531912902,71.35865819772631,37.89394035858479,0.0,0.34622437092506375,3.2174650894343503e+25,0.0,0.0,4.257218187335009,0.0006012166120541451,6600308.185804795,3783.2287659758417,3780.9555926640933,-0.44972333998336567,38.801307656456835,2.253812623679638,0.032905369719806274,3.462996248575444e+25,-0.5,-5.0,,,,,,,,,,,,,,,,,,,,,,,,,,,,,,,,,,,,,,,,,,,,,,,,,-4.634266181040973,,10,,1,,39,sigma_box,curvature,,3,6600308.185814794,3480.9555926640933,9.999999009854009e-09,9.90145990934438e-16,True,completed_requested_steps,-0.5,-0.5,-0.45,direct_preferred_endpoint,49,sigma_box_lower_supported
0.5542182679438297,0.447,0,0,929.2854746343526,4595.070177380158,4038.2699992687953,0,0,3695.92621891223,3612.1419200511937,3619.178347476318,0.21500000000000002,0.0,0.3410486366205978,0.26174026830657354,9,50,0.0,-0.39999999999999997,281,10.2,1282.1344967433495,4595.0701773801575,71.35865819772579,0.1734697727255258,0.37530533787502696,0.6163516395254951,58.73322113506577,-13.385855980347477,0.379832726001041,reverse_rollout_failed,0.0004708479274254135,9,0.1794905093116046,0.1794905093116046,1000000.0,0.00463136653817352,3.8483845957688523,0.0,-3.6735254529954213,14563.516701995235,1.0,3312.1419200511937,False,lbfgsb_seed_1,10.2,0.0,0.0,1.239861896966062,0.0,0.0,0.1794905093116046,0.1794905093116046,1000000.0,820.0,0.0,0.3410486366205978,0.0,4595.070177380158,0.0,929.2854746343526,3612.1419200511937,0.0,-1000820.0,-819.8205094906884,0.447,0.272117840075075,14563.516691995235,4595.070177380158,3612.1419200511937,71.35865819772567,37.89394035858479,0.0,0.3410486366205978,3.2174650894343503e+25,0.0,0.0,0.5542182679438297,0.0926273307634704,929.2854746343526,4038.2699992687953,3695.92621891223,48.1249923078252,38.90674944175399,0.21500000000000002,0.26174026830657354,3.342774345095325e+25,-0.35,-0.9,0.00047083792742541353,-0.03458003614832639,False,24,929.2854846343525,3395.92621891223,-0.00047083792742541353,0.0004708479274254135,0.03458003614832639,True,-0.35,0.00047083792742541353,-0.03458003614832639,False,24,929.2854846343525,3395.92621891223,-0.00047083792742541353,0.0004708479274254135,0.03458003614832639,True,-0.35,0,0.001872671318473003,-0.04244359231558836,False,26,897.0591377354481,3400.9677199304815,-0.001872671318473003,0.001872681318473003,0.04244359231558836,True,-0.44999999999999996,41,0.00047083792742541353,-0.03458003614832639,False,24,929.2854846343525,3395.92621891223,-0.00047083792742541353,0.0004708479274254135,0.03458003614832639,True,-0.35,-0.35,-0.44999999999999996,-1000000.0,,8,1,,,,curvature,curvature,no feasible sigma on scan grid,24,929.2854846343525,3395.92621891223,-0.00047083792742541353,0.0004708479274254135,False,no_feasible_sigma,-0.35,-0.44999999999999996,-0.35,legacy_scan,8,no_feasible_sigma
4.308365066867717,0.447,0,0,493.9218445453064,4595.070177648508,3787.4659557027335,0,0,3785.255924437616,3593.3588009915406,3600.4466189609193,2.2657551816850905,0.0,0.34519048924591916,0.03242267330222175,50,50,0.0,-0.5,282,10.2,1282.13449531994,4595.070177648508,71.35865813021877,0.1734697727255258,0.37530533787502696,0.6163516395254951,58.7332211351596,-13.395355942514366,0.4899269729939988,,1.0099970515046744e-06,50,0.27818357152030093,0.27818357152030093,0.0,2.9192626723717476e-05,4.895306897174419,0.0,-4.617152518280842,14316.757987882824,1.0,3293.3588009915406,True,lbfgsb_seed_1,10.2,0.0,0.0,9.638400597019501,0.0,0.0,0.27818357152030093,0.27818357152030093,0.0,0.0,0.0,0.34519048924591916,0.0,4595.070177648508,0.0,493.9218445453064,3593.3588009915406,0.0,0.27818357152030093,0.27818357152030093,0.447,0.2787674240547753,14316.757977882824,4595.070177648508,3593.3588009915406,71.35865813021893,37.893940353922545,0.0,0.34519048924591916,3.217465089736259e+25,0.0,0.0,4.308365066867717,0.0005838525344743495,7217582.158915879,3787.4659557027335,3785.255924437616,0.7607458038923576,38.78231914950287,2.2657551816850905,0.03242267330222175,3.4627532055479705e+25,-0.5,-5.0,,,,,,,,,,,,,,,,,,,,,,,,,,,,,,,,,,,,,,,,,,,,,,,,,-4.617152518280842,,9,,1,,40,sigma_box,curvature,,3,7217582.158925879,3485.255924437616,9.999997004254687e-09,2.9957453136996025e-15,True,completed_requested_steps,-0.5,-0.5,-0.45,direct_preferred_endpoint,49,sigma_box_lower_supported
4.316502038112208,0.447,0,0,503.1765695867773,4595.070177648508,3787.7954449721515,0,0,3785.5986431059255,3593.9876623403534,3601.067932314257,2.2676420452296737,0.0,0.34469879537918624,0.03232011598955435,50,50,0.0,-0.5,283,10.2,1282.13449531994,4595.070177648508,71.35865813021877,0.1734697727255258,0.37530533787502696,0.6163516395254951,58.73470739277694,-13.395355942514366,0.4768112210003892,,1.009953105948071e-06,50,0.27796336551803846,0.27796336551803846,0.0,2.9015250602792975e-05,4.89384899328596,0.0,-4.615914643018525,14292.986447001684,1.0,3293.9876623403534,True,lbfgsb_seed_1,10.2,0.0,0.0,9.656604112107848,0.0,0.0,0.27796336551803846,0.27796336551803846,0.0,0.0,0.0,0.34469879537918624,0.0,4595.070177648508,0.0,503.1765695867773,3593.9876623403534,0.0,0.27796336551803846,0.27796336551803846,0.447,0.2785436705300943,14292.986437001684,4595.070177648508,3593.9876623403534,71.358658130219,37.83766202882632,0.0,0.34469879537918624,3.2222506271241714e+25,0.0,0.0,4.316502038112208,0.0005803050120558595,7306060.73073309,3787.7954449721515,3785.5986431059255,0.9714675522802481,38.72698382220325,2.2676420452296737,0.03232011598955435,3.4675501593124384e+25,-0.5,-5.0,,,,,,,,,,,,,,,,,,,,,,,,,,,,,,,,,,,,,,,,,,,,,,,,,-4.615914643018525,,9,,1,,40,sigma_box,curvature,,3,7306060.73074309,3485.5986431059255,9.999999342079136e-09,6.579208639313537e-16,True,completed_requested_steps,-0.5,-0.5,-0.45,direct_preferred_endpoint,49,sigma_box_lower_supported
4.348379798614269,0.447,0,0,544.2695549899843,4601.5701776485075,3791.7102228975464,0,0,3789.537587213299,3598.8767254538843,3605.969548062147,2.2750000000000004,0.0,0.3449268185866297,0.0320957414373583,50,50,0.0,-0.5,284,10.2,1282.13449531994,4601.570177648508,71.35865813021877,0.1734697727255258,0.37530533787502696,0.6163516395254951,58.7332211351596,-13.395355942514366,0.23392453000997193,,4.435575974091792e-12,50,0.278039567186009,0.278039567186009,0.0,2.8666237426677734e-05,4.8765437396552045,0.0,-4.598532838706622,14930.651047931668,1.0,3298.8767254538843,True,lbfgsb_seed_1,10.2,0.0,0.0,9.727919012559887,0.0,0.0,0.278039567186009,0.278039567186009,0.0,0.0,0.0,0.3449268185866297,0.0,4601.5701776485075,0.0,544.2695549899843,3598.8767254538843,0.0,0.278039567186009,0.278039567186009,0.447,0.27861289193454253,14930.651037931668,4601.5701776485075,3598.8767254538843,71.35865813021869,37.86716713885891,0.0,0.3449268185866297,3.217465089736259e+25,0.0,0.0,4.348379798614269,0.0005733247485335546,7714430.994693756,3791.7102228975464,3789.537587213299,1.9260126179966148,38.74791087380953,2.2750000000000004,0.0320957414373583,3.4638878541266294e+25,-0.5,-5.0,,,,,,,,,,,,,,,,,,,,,,,,,,,,,,,,,,,,,,,,,,,,,,,,,-4.598532838706622,,9,,,1,40,sigma_box,curvature,,3,7714430.994703756,3489.537587213299,9.99999854136589e-09,1.4586341112211106e-15,True,completed_requested_steps,-0.5,-0.5,-0.45,direct_preferred_endpoint,49,sigma_box_lower_supported
4.271826608338717,0.447,0,0,436.80622413709193,4595.070177648508,3783.585262885839,0,0,3781.3370218272107,3589.5517578345425,3596.6534296757836,2.2572381972670557,0.0,0.34541356514250954,0.03272468865580705,50,50,0.0,-0.5,285,10.2,1282.13449531994,4595.070177648508,71.53365813021878,0.1734697727255258,0.37530533787502696,0.6163516395254951,58.7332211351596,-13.395355942514366,0.5543582100071944,,1.009969823640751e-06,50,0.27952910969581657,0.27952910969581657,0.0,2.972812322269425e-05,4.912494286896836,0.0,-4.632994905324242,14209.370373398493,1.0,3289.5517578345425,True,lbfgsb_seed_1,10.2,0.0,0.0,9.556659079057532,0.0,0.0,0.27952910969581657,0.27952910969581657,0.0,0.0,0.0,0.34541356514250954,0.0,4595.070177648508,0.0,436.80622413709193,3589.5517578345425,0.0,0.27952910969581657,0.27952910969581657,0.447,0.28012367216027045,14209.370363398493,4595.070177648508,3589.5517578345425,71.53365813021895,37.893940353922545,0.0,0.34541356514250954,3.217465089736259e+25,0.0,0.0,4.271826608338717,0.0005945624644538849,6768404.3390079895,3783.585262885839,3781.3370218272107,-0.15844671680848876,38.80689448533277,2.2572381972670557,0.03272468865580705,3.462334573284206e+25,-0.5,-5.0,,,,,,,,,,,,,,,,,,,,,,,,,,,,,,,,,,,,,,,,,,,,,,,,,-4.632994905324242,,10,,1,,39,sigma_box,curvature,,3,6768404.339017989,3481.3370218272107,9.99999911206291e-09,8.879370895583263e-16,True,completed_requested_steps,-0.5,-0.5,-0.45,direct_preferred_endpoint,49,sigma_box_lower_supported
4.257219006440017,0.447,0,0,423.2244390671649,4595.070177648508,3783.2288400303723,0,0,3780.955667791966,3588.665611751733,3595.7787883977508,2.2538128160834314,0.0,0.34622435359544207,0.03290536180805719,50,50,0.0,-0.5,286,10.2,1285.13449531994,4595.070177648508,71.35865813021877,0.1734697727255258,0.37530533787502696,0.6163516395254951,58.7332211351596,-13.395355942514366,0.5853300090093398,,1.0099832096811846e-06,50,0.27983855567064264,0.27983855567064264,0.0,3.0060815811339128e-05,4.914074375673089,0.0,-4.634265880818258,14184.542850920612,1.0,3288.665611751733,True,lbfgsb_seed_1,10.2,0.0,0.0,9.523979880179008,0.0,0.0,0.27983855567064264,0.27983855567064264,0.0,0.0,0.0,0.34622435359544207,0.0,4595.070177648508,0.0,423.2244390671649,3588.665611751733,0.0,0.27983855567064264,0.27983855567064264,0.447,0.2804397719868694,14184.542840920612,4595.070177648508,3588.665611751733,71.35865813021924,37.893940353922545,0.0,0.34622435359544207,3.217465089736259e+25,0.0,0.0,4.257219006440017,0.0006012163162267825,6600317.798707677,3783.2288400303723,3780.955667791966,-0.44970464983485126,38.8013073052161,2.2538128160834314,0.03290536180805719,3.4629962460304133e+25,-0.5,-5.0,,,,,,,,,,,,,,,,,,,,,,,,,,,,,,,,,,,,,,,,,,,,,,,,,-4.634265880818258,,10,,1,,39,sigma_box,curvature,,3,6600317.798717677,3480.955667791966,9.999999011990114e-09,9.88009886835285e-16,True,completed_requested_steps,-0.5,-0.5,-0.45,direct_preferred_endpoint,49,sigma_box_lower_supported
0.5542182679438297,0.447,0,0,929.2858401300532,4595.070177648508,4038.2700430299014,0,0,3695.9262414952586,3612.1419980364108,3619.178425241631,0.21500000000000002,0.0,0.34104861966176175,0.26174026105193404,9,50,0.0,-0.39999999999999997,287,10.2,1282.13449531994,4595.070177648508,71.35865813021877,0.1734697727255258,0.37530533787502696,0.6163516395254951,58.7332211351596,-13.385855942514366,0.37945579399820417,reverse_rollout_failed,0.0004708303184338362,9,0.17949047675706087,0.17949047675706087,1000000.0,0.004631366796380399,3.8483844240739047,0.0,-3.673525314113224,14563.51782435357,1.0,3312.1419980364108,False,lbfgsb_seed_1,10.2,0.0,0.0,1.239861896966062,0.0,0.0,0.17949047675706087,0.17949047675706087,1000000.0,820.0,0.0,0.34104861966176175,0.0,4595.070177648508,0.0,929.2858401300532,3612.1419980364108,0.0,-1000820.0,-819.8205095232429,0.447,0.27211781268466884,14563.51781435357,4595.070177648508,3612.1419980364108,71.35865813021893,37.893940353922545,0.0,0.34104861966176175,3.217465089736259e+25,0.0,0.0,0.5542182679438297,0.09262733592760797,929.2858401300532,4038.2700430299014,3695.9262414952586,48.124997398404645,38.906749782450476,0.21500000000000002,0.26174026105193404,3.3427742977113537e+25,-0.35,-0.9,0.0004708203184338362,-0.03458004345684951,False,23,929.2858501300532,3395.9262414952586,-0.0004708203184338362,0.0004708303184338362,0.03458004345684951,True,-0.35,0.0004708203184338362,-0.03458004345684951,False,23,929.2858501300532,3395.9262414952586,-0.0004708203184338362,0.0004708303184338362,0.03458004345684951,True,-0.35,0,0.001872655536688909,-0.04244354764374347,False,31,897.0607975571434,3400.9677762470155,-0.001872655536688909,0.001872665536688909,0.04244354764374347,True,-0.44999999999999996,41,0.0004708203184338362,-0.03458004345684951,False,23,929.2858501300532,3395.9262414952586,-0.0004708203184338362,0.0004708303184338362,0.03458004345684951,True,-0.35,-0.35,-0.44999999999999996,-1000000.0,,8,1,,,,curvature,curvature,no feasible sigma on scan grid,23,929.2858501300532,3395.9262414952586,-0.0004708203184338362,0.0004708303184338362,False,no_feasible_sigma,-0.35,-0.44999999999999996,-0.35,legacy_scan,8,no_feasible_sigma
4.308365203420359,0.447,0,0,493.922075632481,4595.07017770514,3787.4659713501396,0,0,3785.2559402519187,3593.3588177632264,3600.446635685208,2.2657552133798604,0.0,0.3451904856042405,0.03242267194682703,50,50,0.0,-0.5,288,10.2,1282.134495019549,4595.07017770514,71.35865811597235,0.1734697727255258,0.37530533787502696,0.6163516395254951,58.7332211351794,-13.395355934530205,0.48409977700794116,,1.0099647465355356e-06,50,0.278183565614057,0.278183565614057,0.0,2.919262439720072e-05,4.895306827933582,0.0,-4.617152454943922,14316.758220327954,1.0,3293.3588177632264,True,lbfgsb_seed_1,10.2,0.0,0.0,9.638400902506396,0.0,0.0,0.278183565614057,0.278183565614057,0.0,0.0,0.0,0.3451904856042405,0.0,4595.07017770514,0.0,493.922075632481,3593.3588177632264,0.0,0.278183565614057,0.278183565614057,0.447,0.278767418102001,14316.758210327955,4595.07017770514,3593.3588177632264,71.35865811597208,37.893940352938905,0.0,0.3451904856042405,3.217465089799951e+25,0.0,0.0,4.308365203420359,0.0005838524879440143,7217584.03025473,3787.4659713501396,3785.2559402519187,0.7607496849202064,38.78231907621859,2.2657552133798604,0.03242267194682703,3.4627532049383485e+25,-0.5,-5.0,,,,,,,,,,,,,,,,,,,,,,,,,,,,,,,,,,,,,,,,,,,,,,,,,-4.617152454943922,,9,,1,,40,sigma_box,curvature,,3,7217584.03026473,3485.2559402519187,9.999999260624001e-09,7.393759999192265e-16,True,completed_requested_steps,-0.5,-0.5,-0.45,direct_preferred_endpoint,49,sigma_box_lower_supported
4.316502176273488,0.447,0,0,503.17680305477893,4595.07017770514,3787.7954609661097,0,0,3785.5986592648624,3593.987679101624,3601.067949028285,2.267642077237368,0.0,0.34469879174334084,0.032320114624367104,50,50,0.0,-0.5,289,10.2,1282.134495019549,4595.07017770514,71.35865811597235,0.1734697727255258,0.37530533787502696,0.6163516395254951,58.73470739279674,-13.395355934530205,0.4826061630010372,,1.0099706776540127e-06,50,0.27796335961711294,0.27796335961711294,0.0,2.9015248299901764e-05,4.893848922522147,0.0,-4.615914578153334,14292.986679060745,1.0,3293.987679101624,True,lbfgsb_seed_1,10.2,0.0,0.0,9.656604421193485,0.0,0.0,0.27796335961711294,0.27796335961711294,0.0,0.0,0.0,0.34469879174334084,0.0,4595.07017770514,0.0,503.17680305477893,3593.987679101624,0.0,0.27796335961711294,0.27796335961711294,0.447,0.278543664583111,14292.986669060745,4595.07017770514,3593.987679101624,71.35865811597264,37.83766202784386,0.0,0.34469879174334084,3.222250627187981e+25,0.0,0.0,4.316502176273488,0.0005803049659980353,7306062.63748884,3787.7954609661097,3785.5986592648624,0.971471513132738,38.72698374426116,2.267642077237368,0.032320114624367104,3.467550158970383e+25,-0.5,-5.0,,,,,,,,,,,,,,,,,,,,,,,,,,,,,,,,,,,,,,,,,,,,,,,,,-4.615914578153334,,9,,1,,40,sigma_box,curvature,,3,7306062.63749884,3485.5986592648624,9.999999106746847e-09,8.932531522742484e-16,True,completed_requested_steps,-0.5,-0.5,-0.45,direct_preferred_endpoint,49,sigma_box_lower_supported
4.348379798614269,0.447,0,0,544.269612015453,4601.570177705137,3791.710230506522,0,0,3789.5375948471515,3598.8767422430406,3605.9695648036704,2.2750000000000004,0.0,0.34492681494795324,0.03209574115572574,50,50,0.0,-0.5,290,10.2,1282.134495019549,4601.57017770514,71.35865811597235,0.1734697727255258,0.37530533787502696,0.6163516395254951,58.7332211351794,-13.395355934530205,0.23349910898832604,,4.436906143426089e-12,50,0.27803956124459406,0.27803956124459406,0.0,2.8666237040697597e-05,4.876543706049558,0.0,-4.598532811042006,14930.65128943796,1.0,3298.8767422430406,True,lbfgsb_seed_1,10.2,0.0,0.0,9.727919012559887,0.0,0.0,0.27803956124459406,0.27803956124459406,0.0,0.0,0.0,0.34492681494795324,0.0,4601.570177705137,0.0,544.269612015453,3598.8767422430406,0.0,0.27803956124459406,0.27803956124459406,0.447,0.278612885985408,14930.65127943796,4601.570177705137,3598.8767422430406,71.35865811597266,37.8671671378763,0.0,0.34492681494795324,3.217465089799951e+25,0.0,0.0,4.348379798614269,0.0005733247408139519,7714431.527417827,3791.710230506522,3789.5375948471515,1.9260142215692797,38.74791085156315,2.2750000000000004,0.03209574115572574,3.4638878526397942e+25,-0.5,-5.0,,,,,,,,,,,,,,,,,,,,,,,,,,,,,,,,,,,,,,,,,,,,,,,,,-4.598532811042006,,9,,,1,40,sigma_box,curvature,,3,7714431.527427827,3489.5375948471515,9.999995171981224e-09,4.828018776781328e-15,True,completed_requested_steps,-0.5,-0.5,-0.45,direct_preferred_endpoint,49,sigma_box_lower_supported
4.271826782753905,0.447,0,0,436.8064330441298,4595.07017770514,3783.5852810498054,0,0,3781.3370402150936,3589.5517746692667,3596.6534464631186,2.2572382380962375,0.0,0.345413561494592,0.03272468696260484,50,50,0.0,-0.5,291,10.2,1282.134495019549,4595.07017770514,71.53365811597234,0.1734697727255258,0.37530533787502696,0.6163516395254951,58.7332211351794,-13.395355934530205,0.556201746003353,,1.0099961651084251e-06,50,0.2795291037700183,0.2795291037700183,0.0,2.9728120117322732e-05,4.912494206379069,0.0,-4.632994830729168,14209.370604090942,1.0,3289.5517746692667,True,lbfgsb_seed_1,10.2,0.0,0.0,9.55665946924811,0.0,0.0,0.2795291037700183,0.2795291037700183,0.0,0.0,0.0,0.345413561494592,0.0,4595.07017770514,0.0,436.8064330441298,3589.5517746692667,0.0,0.2795291037700183,0.2795291037700183,0.447,0.2801236661723647,14209.370594090942,4595.07017770514,3589.5517746692667,71.53365811597291,37.893940352938905,0.0,0.345413561494592,3.217465089799951e+25,0.0,0.0,4.271826782753905,0.0005945624023464546,6768406.547106638,3783.5852810498054,3781.3370402150936,-0.15844208403752214,38.806894381161605,2.2572382380962375,0.03272468696260484,3.462334574267449e+25,-0.5,-5.0,,,,,,,,,,,,,,,,,,,,,,,,,,,,,,,,,,,,,,,,,,,,,,,,,-4.632994830729168,,10,,1,,39,sigma_box,curvature,,3,6768406.547116637,3481.3370402150936,9.999998987752158e-09,1.012247841142267e-15,True,completed_requested_steps,-0.5,-0.5,-0.45,direct_preferred_endpoint,49,sigma_box_lower_supported
4.257219179243788,0.447,0,0,423.2246556246448,4595.07017770514,3783.2288545531674,0,0,3780.9556825399955,3588.6656286006246,3595.7788051989864,2.2538128566741946,0.0,0.34622434993826473,0.03290536014947567,50,50,0.0,-0.5,292,10.2,1285.134495019549,4595.07017770514,71.35865811597235,0.1734697727255258,0.37530533787502696,0.6163516395254951,58.7332211351794,-13.395355934530205,0.5860275680024642,,1.0099949234032554e-06,50,0.2798385497366367,0.2798385497366367,0.0,3.0060812715537735e-05,4.914074311285663,0.0,-4.634265822361742,14184.54308119379,1.0,3288.6656286006246,True,lbfgsb_seed_1,10.2,0.0,0.0,9.523980266764626,0.0,0.0,0.2798385497366367,0.2798385497366367,0.0,0.0,0.0,0.34622434993826473,0.0,4595.07017770514,0.0,423.2246556246448,3588.6656286006246,0.0,0.2798385497366367,0.2798385497366367,0.447,0.28043976599094744,14184.54307119379,4595.07017770514,3588.6656286006246,71.35865811597272,37.893940352938905,0.0,0.34622434993826473,3.217465089799951e+25,0.0,0.0,4.257219179243788,0.0006012162543107546,6600319.765193625,3783.2288545531674,3780.9556825399955,-0.44970100956811954,38.801307243631456,2.2538128566741946,0.03290536014947567,3.4629962448800553e+25,-0.5,-5.0,,,,,,,,,,,,,,,,,,,,,,,,,,,,,,,,,,,,,,,,,,,,,,,,,-4.634265822361742,,10,,1,,39,sigma_box,curvature,,3,6600319.765203625,3480.9556825399955,9.99999770840889e-09,2.291591110940947e-15,True,completed_requested_steps,-0.5,-0.5,-0.45,direct_preferred_endpoint,49,sigma_box_lower_supported
0.5542182679438297,0.447,0,0,929.2860130075971,4595.07017770514,4038.270066056464,0,0,3695.9262484222236,3612.1420144941176,3619.178441652924,0.21500000000000002,0.0,0.3410486160828338,0.26174025944688345,9,50,0.0,-0.39999999999999997,293,10.2,1282.134495019549,4595.07017770514,71.35865811597235,0.1734697727255258,0.37530533787502696,0.6163516395254951,58.7332211351794,-13.385855934530206,0.38032567099435255,reverse_rollout_failed,0.0004708265603403741,9,0.17949046679425784,0.17949046679425784,1000000.0,0.004631367005502152,3.8483843337301096,0.0,-3.673525233941354,14563.518061212064,1.0,3312.1420144941176,False,lbfgsb_seed_1,10.2,0.0,0.0,1.239861896966062,0.0,0.0,0.17949046679425784,0.17949046679425784,1000000.0,820.0,0.0,0.3410486160828338,0.0,4595.07017770514,0.0,929.2860130075971,3612.1420144941176,0.0,-1000820.0,-819.8205095332057,0.447,0.2721178069043009,14563.518051212064,4595.07017770514,3612.1420144941176,71.35865811597272,37.893940352938905,0.0,0.3410486160828338,3.217465089799951e+25,0.0,0.0,0.5542182679438297,0.09262734011004303,929.2860130075971,4038.270066056464,3695.9262484222236,48.12499982404078,38.90674978827978,0.21500000000000002,0.26174025944688345,3.3427742876801204e+25,-0.35,-0.9,0.00047081656034037413,-0.03458004190658737,False,25,929.2860230075971,3395.9262484222236,-0.00047081656034037413,0.0004708265603403741,0.03458004190658737,True,-0.35,0.00047081656034037413,-0.03458004190658737,False,25,929.2860230075971,3395.9262484222236,-0.00047081656034037413,0.0004708265603403741,0.03458004190658737,True,-0.35,0,0.0018726516634296898,-0.04244352271080909,False,30,897.0615216092547,3400.9677970178773,-0.0018726516634296898,0.0018726616634296897,0.04244352271080909,True,-0.44999999999999996,41,0.00047081656034037413,-0.03458004190658737,False,25,929.2860230075971,3395.9262484222236,-0.00047081656034037413,0.0004708265603403741,0.03458004190658737,True,-0.35,-0.35,-0.44999999999999996,-1000000.0,,8,1,,,,curvature,curvature,no feasible sigma on scan grid,25,929.2860230075971,3395.9262484222236,-0.00047081656034037413,0.0004708265603403741,False,no_feasible_sigma,-0.35,-0.44999999999999996,-0.35,legacy_scan,8,no_feasible_sigma
4.308365232502797,0.447,0,0,493.9221257731417,4595.07017771709,3787.4659742759313,0,0,3785.2559432132225,3593.3588213026637,3600.4466392146387,2.265755220130086,0.0,0.34519048483571163,0.03242267166194153,50,50,0.0,-0.5,294,10.2,1282.1344949561553,4595.070177717092,71.35865811296583,0.1734697727255258,0.37530533787502696,0.6163516395254951,58.733221135183584,-13.395355932845257,0.468977245996939,,1.0099736902608702e-06,50,0.27818356436764247,0.27818356436764247,0.0,2.91926239052831e-05,4.895306814986754,0.0,-4.617152443243016,14316.75826938342,1.0,3293.3588213026637,True,lbfgsb_seed_1,10.2,0.0,0.0,9.638400967567778,0.0,0.0,0.27818356436764247,0.27818356436764247,0.0,0.0,0.0,0.34519048483571163,0.0,4595.07017771709,0.0,493.9221257731417,3593.3588213026637,0.0,0.27818356436764247,0.27818356436764247,0.447,0.27876741684574813,14316.75825938342,4595.07017771709,3593.3588213026637,71.35865811296544,37.893940352731036,0.0,0.34519048483571163,3.2174650898134164e+25,0.0,0.0,4.308365232502797,0.000583852478105662,7217584.406523906,3787.4659742759313,3785.2559432132225,0.7607504014387072,38.78231906451551,2.265755220130086,0.03242267166194153,3.4627532046458028e+25,-0.5,-5.0,,,,,,,,,,,,,,,,,,,,,,,,,,,,,,,,,,,,,,,,,,,,,,,,,-4.617152443243016,,9,,1,,40,sigma_box,curvature,,3,7217584.406533905,3485.2559432132225,9.999997216020503e-09,2.7839794973517127e-15,True,completed_requested_steps,-0.5,-0.5,-0.45,direct_preferred_endpoint,49,sigma_box_lower_supported
4.3165022054108535,0.447,0,0,503.1768516174948,4595.07017771709,3787.795464860599,0,0,3785.598663194191,3593.9876826388613,3601.0679525555447,2.267642083987594,0.0,0.3446987909760458,0.032320114330994354,50,50,0.0,-0.5,295,10.2,1282.1344949561553,4595.070177717092,71.35865811296583,0.1734697727255258,0.37530533787502696,0.6163516395254951,58.73470739280092,-13.395355932845257,0.473505161004141,,1.0099963861519277e-06,50,0.2779633583718881,0.2779633583718881,0.0,2.901524780963838e-05,4.893848905291332,0.0,-4.615914562167253,14292.98672803468,1.0,3293.9876826388613,True,lbfgsb_seed_1,10.2,0.0,0.0,9.656604486377748,0.0,0.0,0.2779633583718881,0.2779633583718881,0.0,0.0,0.0,0.3446987909760458,0.0,4595.07017771709,0.0,503.1768516174948,3593.9876826388613,0.0,0.2779633583718881,0.2779633583718881,0.447,0.2785436633280809,14292.986718034681,4595.07017771709,3593.9876826388613,71.358658112966,37.837662027636576,0.0,0.3446987909760458,3.2222506272014435e+25,0.0,0.0,4.3165022054108535,0.0005803049561927676,7306063.068293799,3787.795464860599,3785.598663194191,0.971472487419071,38.72698372132453,2.267642083987594,0.032320114330994354,3.4675501592414795e+25,-0.5,-5.0,,,,,,,,,,,,,,,,,,,,,,,,,,,,,,,,,,,,,,,,,,,,,,,,,-4.615914562167253,,9,,1,,40,sigma_box,curvature,,3,7306063.068303798,3485.598663194191,9.999999532823483e-09,4.671765167171124e-16,True,completed_requested_steps,-0.5,-0.5,-0.45,direct_preferred_endpoint,49,sigma_box_lower_supported
4.348379798614269,0.447,0,0,544.269624049954,4601.570177717095,3791.7102321123025,0,0,3789.537596458182,3598.876745786181,3605.9695683367704,2.2750000000000004,0.0,0.34492681418005705,0.03209574109629131,50,50,0.0,-0.5,296,10.2,1282.1344949561553,4601.570177717092,71.35865811296583,0.1734697727255258,0.37530533787502696,0.6163516395254951,58.733221135183584,-13.395355932845257,0.22938971099210903,,4.437488860566107e-12,50,0.27803955999073504,0.27803955999073504,0.0,2.8666236959240532e-05,4.8765436989575015,0.0,-4.5985328052037255,14930.651340406555,1.0,3298.876745786181,True,lbfgsb_seed_1,10.2,0.0,0.0,9.727919012559887,0.0,0.0,0.27803955999073504,0.27803955999073504,0.0,0.0,0.0,0.34492681418005705,0.0,4601.570177717095,0.0,544.269624049954,3598.876745786181,0.0,0.27803955999073504,0.27803955999073504,0.447,0.27861288472991985,14930.651330406556,4601.570177717095,3598.876745786181,71.35865811296576,37.86716713766861,0.0,0.34492681418005705,3.2174650898134164e+25,0.0,0.0,4.348379798614269,0.0005733247391848106,7714431.639843455,3791.7102321123025,3789.537596458182,1.9260145599859495,38.747910846868656,2.2750000000000004,0.03209574109629131,3.4638878523259863e+25,-0.5,-5.0,,,,,,,,,,,,,,,,,,,,,,,,,,,,,,,,,,,,,,,,,,,,,,,,,-4.5985328052037255,,9,,,1,40,sigma_box,curvature,,3,7714431.639853454,3489.537596458182,9.99999964240084e-09,3.575991610618348e-16,True,completed_requested_steps,-0.5,-0.5,-0.45,direct_preferred_endpoint,49,sigma_box_lower_supported
4.271826820183151,0.447,0,0,436.8064829640746,4595.07017771709,3783.585282917194,0,0,3781.3370421285736,3589.5517782220177,3596.6534500058506,2.2572382468581202,0.0,0.3454135607247459,0.0327246866203914,50,50,0.0,-0.5,297,10.2,1282.1344949561553,4595.070177717092,71.53365811296584,0.1734697727255258,0.37530533787502696,0.6163516395254951,58.733221135183584,-13.395355932845257,0.5387467099935748,,1.0099943812894796e-06,50,0.2795291025188378,0.2795291025188378,0.0,2.972811949282228e-05,4.912494198101254,0.0,-4.632994823701909,14209.370652776799,1.0,3289.5517782220177,True,lbfgsb_seed_1,10.2,0.0,0.0,9.55665955298244,0.0,0.0,0.2795291025188378,0.2795291025188378,0.0,0.0,0.0,0.3454135607247459,0.0,4595.07017771709,0.0,436.8064829640746,3589.5517782220177,0.0,0.2795291025188378,0.2795291025188378,0.447,0.2801236649086942,14209.3706427768,4595.07017771709,3589.5517782220177,71.53365811296594,37.893940352731036,0.0,0.3454135607247459,3.2174650898134164e+25,0.0,0.0,4.271826820183151,0.0005945623898564456,6768406.906596328,3783.585282917194,3781.3370421285736,-0.15844164372277492,38.80689438273263,2.2572382468581202,0.0327246866203914,3.4623345732728646e+25,-0.5,-5.0,,,,,,,,,,,,,,,,,,,,,,,,,,,,,,,,,,,,,,,,,,,,,,,,,-4.632994823701909,,10,,1,,39,sigma_box,curvature,,3,6768406.906606328,3481.3370421285736,9.99999446322373e-09,5.536776270146214e-15,True,completed_requested_steps,-0.5,-0.5,-0.45,direct_preferred_endpoint,49,sigma_box_lower_supported
4.257219216291293,0.447,0,0,423.2247018089636,4595.07017771709,3783.228857650375,0,0,3780.9556856853583,3588.6656321563696,3595.7788087446797,2.2538128653764726,0.0,0.34622434916646433,0.03290535979489623,50,50,0.0,-0.5,298,10.2,1285.1344949561553,4595.070177717092,71.35865811296583,0.1734697727255258,0.37530533787502696,0.6163516395254951,58.733221135183584,-13.395355932845257,0.5739699829864549,,1.0099973496960693e-06,50,0.2798385484845092,0.2798385484845092,0.0,3.0060812053722687e-05,4.914074297554062,0.0,-4.634265809881606,14184.543129791291,1.0,3288.6656321563696,True,lbfgsb_seed_1,10.2,0.0,0.0,9.523980349644951,0.0,0.0,0.2798385484845092,0.2798385484845092,0.0,0.0,0.0,0.34622434916646433,0.0,4595.07017771709,0.0,423.2247018089636,3588.6656321563696,0.0,0.2798385484845092,0.2798385484845092,0.447,0.28043976472558363,14184.543119791291,4595.07017771709,3588.6656321563696,71.35865811296544,37.893940352731036,0.0,0.34622434916646433,3.2174650898134164e+25,0.0,0.0,4.257219216291293,0.0006012162410744537,6600320.185489265,3783.228857650375,3780.9556856853583,-0.44970023190265185,38.801307230545746,2.2538128653764726,0.03290535979489623,3.4629962446304266e+25,-0.5,-5.0,,,,,,,,,,,,,,,,,,,,,,,,,,,,,,,,,,,,,,,,,,,,,,,,,-4.634265809881606,,10,,1,,39,sigma_box,curvature,,3,6600320.185499265,3480.9556856853583,9.999997464539751e-09,2.5354602486695975e-15,True,completed_requested_steps,-0.5,-0.5,-0.45,direct_preferred_endpoint,49,sigma_box_lower_supported
0.5542182679438297,0.447,0,0,929.286369954671,4595.07017771709,4038.2701168259705,0,0,3695.926257219178,3612.1420179673064,3619.1784451163367,0.21500000000000002,0.0,0.34104861532754643,0.26174025882958296,9,50,0.0,-0.39999999999999997,299,10.2,1282.1344949561553,4595.070177717092,71.35865811296583,0.1734697727255258,0.37530533787502696,0.6163516395254951,58.733221135183584,-13.385855932845256,0.37409355700947344,reverse_rollout_failed,0.00047082572070906146,9,0.17949045443841727,0.17949045443841727,1000000.0,0.004631367562300515,3.8483841345379917,0.0,-3.673525047661875,14563.518111198828,1.0,3312.1420179673064,False,lbfgsb_seed_1,10.2,0.0,0.0,1.239861896966062,0.0,0.0,0.17949045443841727,0.17949045443841727,1000000.0,820.0,0.0,0.34104861532754643,0.0,4595.07017771709,0.0,929.286369954671,3612.1420179673064,0.0,-1000820.0,-819.8205095455615,0.447,0.27211780568442756,14563.518101198828,4595.07017771709,3612.1420179673064,71.35865811296576,37.893940352731036,0.0,0.34104861532754643,3.2174650898134164e+25,0.0,0.0,0.5542182679438297,0.09262735124601029,929.286369954671,4038.2701168259705,3695.926257219178,48.1250048209645,38.90674956554824,0.21500000000000002,0.26174025882958296,3.3427742858038438e+25,-0.35,-0.9,0.00047081572070906147,-0.034580031326106875,False,25,929.286379954671,3395.926257219178,-0.00047081572070906147,0.00047082572070906146,0.034580031326106875,True,-0.35,0.00047081572070906147,-0.034580031326106875,False,25,929.286379954671,3395.926257219178,-0.00047081572070906147,0.00047082572070906146,0.034580031326106875,True,-0.35,0,0.0018726509311012363,-0.04244352848415711,False,31,897.061399421109,3400.967794564967,-0.0018726509311012363,0.0018726609311012362,0.04244352848415711,True,-0.44999999999999996,41,0.00047081572070906147,-0.034580031326106875,False,25,929.286379954671,3395.926257219178,-0.00047081572070906147,0.00047082572070906146,0.034580031326106875,True,-0.35,-0.35,-0.44999999999999996,-1000000.0,,8,1,,,,curvature,curvature,no feasible sigma on scan grid,25,929.286379954671,3395.926257219178,-0.00047081572070906147,0.00047082572070906146,False,no_feasible_sigma,-0.35,-0.44999999999999996,-0.35,legacy_scan,8,no_feasible_sigma
4.308365238665964,0.447,0,0,493.92213412414594,4595.070177719612,3787.465976161827,0,0,3785.2559451068046,3593.3588220496104,3600.446639959481,2.265755221560598,0.0,0.3451904846735247,0.032422671589394124,50,50,0.0,-0.5,300,10.2,1282.134494942777,4595.070177719614,71.35865811233134,0.1734697727255258,0.37530533787502696,0.6163516395254951,58.733221135184465,-13.395355932489672,0.477169876001426,,1.009992413279913e-06,50,0.27818356410485157,0.27818356410485157,0.0,2.919262378914267e-05,4.895306806641537,0.0,-4.617152435160476,14316.758279735106,1.0,3293.3588220496104,True,lbfgsb_seed_1,10.2,0.0,0.0,9.638400981355623,0.0,0.0,0.27818356410485157,0.27818356410485157,0.0,0.0,0.0,0.3451904846735247,0.0,4595.070177719612,0.0,493.92213412414594,3593.3588220496104,0.0,0.27818356410485157,0.27818356410485157,0.447,0.2787674165806344,14316.758269735106,4595.070177719612,3593.3588220496104,71.3586581123311,37.893940352687245,0.0,0.3451904846735247,3.217465089816251e+25,0.0,0.0,4.308365238665964,0.0005838524757828534,7217584.555815865,3787.465976161827,3785.2559451068046,0.7607508943515868,38.78231904741843,2.265755221560598,0.032422671589394124,3.4627532053102432e+25,-0.5,-5.0,,,,,,,,,,,,,,,,,,,,,,,,,,,,,,,,,,,,,,,,,,,,,,,,,-4.617152435160476,,9,,1,,40,sigma_box,curvature,,3,7217584.555825865,3485.2559451068046,9.999994721687538e-09,5.2783124631338966e-15,True,completed_requested_steps,-0.5,-0.5,-0.45,direct_preferred_endpoint,49,sigma_box_lower_supported
4.316502211971585,0.447,0,0,503.1768686138769,4595.070177719612,3787.795462580823,0,0,3785.5986609224356,3593.987683385348,3601.0679532999006,2.2676420855075126,0.0,0.3446987908141187,0.03232011429481501,50,50,0.0,-0.5,301,10.2,1282.134494942777,4595.070177719614,71.35865811233134,0.1734697727255258,0.37530533787502696,0.6163516395254951,58.7347073928018,-13.395355932489672,0.4749636560009094,,1.0099944417667826e-06,50,0.27796335810880124,0.27796335810880124,0.0,2.9015247721109196e-05,4.893848915377995,0.0,-4.615914572516915,14292.986738368463,1.0,3293.987683385348,True,lbfgsb_seed_1,10.2,0.0,0.0,9.656604501055,0.0,0.0,0.27796335810880124,0.27796335810880124,0.0,0.0,0.0,0.3446987908141187,0.0,4595.070177719612,0.0,503.1768686138769,3593.987683385348,0.0,0.27796335810880124,0.27796335810880124,0.447,0.2785436630632234,14292.986728368463,4595.070177719612,3593.987683385348,71.35865811233147,37.837662027592856,0.0,0.3446987908141187,3.2222506272042825e+25,0.0,0.0,4.316502211971585,0.0005803049544221839,7306062.99342842,3787.795462580823,3785.5986609224356,0.9714718578782227,38.72698375100596,2.2676420855075126,0.03232011429481501,3.4675501576273672e+25,-0.5,-5.0,,,,,,,,,,,,,,,,,,,,,,,,,,,,,,,,,,,,,,,,,,,,,,,,,-4.615914572516915,,9,,1,,40,sigma_box,curvature,,3,7306062.99343842,3485.5986609224356,9.999995049054525e-09,4.950945474357651e-15,True,completed_requested_steps,-0.5,-0.5,-0.45,direct_preferred_endpoint,49,sigma_box_lower_supported
4.348379798614269,0.447,0,0,544.2696265895424,4601.570177719613,3791.7102324511416,0,0,3789.537596798129,3598.8767465338915,3605.969569082339,2.2750000000000004,0.0,0.34492681401800473,0.03209574108374895,50,50,0.0,-0.5,302,10.2,1282.134494942777,4601.570177719614,71.35865811233134,0.1734697727255258,0.37530533787502696,0.6163516395254951,58.733221135184465,-13.395355932489672,0.32068778900429606,,4.432946301869624e-12,50,0.2780395597261309,0.2780395597261309,0.0,2.866623694205428e-05,4.876543697460991,0.0,-4.5985328039718025,14930.6513511597,1.0,3298.8767465338915,True,lbfgsb_seed_1,10.2,0.0,0.0,9.727919012559887,0.0,0.0,0.2780395597261309,0.2780395597261309,0.0,0.0,0.0,0.34492681401800473,0.0,4601.570177719613,0.0,544.2696265895424,3598.8767465338915,0.0,0.2780395597261309,0.2780395597261309,0.447,0.278612884464972,14930.6513411597,4601.570177719613,3598.8767465338915,71.35865811233192,37.8671671376249,0.0,0.34492681401800473,3.217465089816251e+25,0.0,0.0,4.348379798614269,0.0005733247388410856,7714431.663565064,3791.7102324511416,3789.537596798129,1.9260146313946422,38.74791084587851,2.2750000000000004,0.03209574108374895,3.4638878522597296e+25,-0.5,-5.0,,,,,,,,,,,,,,,,,,,,,,,,,,,,,,,,,,,,,,,,,,,,,,,,,-4.5985328039718025,,9,,,1,40,sigma_box,curvature,,3,7714431.663575063,3489.537596798129,9.999998715754563e-09,1.2842454378754879e-15,True,completed_requested_steps,-0.5,-0.5,-0.45,direct_preferred_endpoint,49,sigma_box_lower_supported
4.27182682731253,0.447,0,0,436.8064931718625,4595.070177719612,3783.5852831584443,0,0,3781.3370423786523,3589.5517789717815,3596.6534507535066,2.25723824852705,0.0,0.3454135605622807,0.032724686555230705,50,50,0.0,-0.5,303,10.2,1282.134494942777,4595.070177719614,71.53365811233135,0.1734697727255258,0.37530533787502696,0.6163516395254951,58.733221135184465,-13.395355932489672,0.5413065699976869,,1.0099949485202575e-06,50,0.2795291022545301,0.2795291022545301,0.0,2.9728119374117237e-05,4.912494197031834,0.0,-4.632994822896678,14209.3706630507,1.0,3289.5517789717815,True,lbfgsb_seed_1,10.2,0.0,0.0,9.556659568931835,0.0,0.0,0.2795291022545301,0.2795291022545301,0.0,0.0,0.0,0.3454135605622807,0.0,4595.070177719612,0.0,436.8064931718625,3589.5517789717815,0.0,0.2795291022545301,0.2795291022545301,0.447,0.28012366464201244,14209.3706530507,4595.070177719612,3589.5517789717815,71.5336581123312,37.893940352687245,0.0,0.3454135605622807,3.217465089816251e+25,0.0,0.0,4.27182682731253,0.0005945623874823447,6768406.9691830715,3783.5852831584443,3781.3370423786523,-0.15844159345962905,38.806894384438934,2.25723824852705,0.032724686555230705,3.4623345730102454e+25,-0.5,-5.0,,,,,,,,,,,,,,,,,,,,,,,,,,,,,,,,,,,,,,,,,,,,,,,,,-4.632994822896678,,10,,1,,39,sigma_box,curvature,,3,6768406.969193071,3481.3370423786523,9.9999989840341e-09,1.015965899499283e-15,True,completed_requested_steps,-0.5,-0.5,-0.45,direct_preferred_endpoint,49,sigma_box_lower_supported
4.2572192236500435,0.447,0,0,423.22471043836094,4595.070177719612,3783.2288585444658,0,0,3780.9556865894137,3588.6656329067478,3595.7788094929406,2.2538128671050073,0.0,0.34622434900358756,0.03290535972109949,50,50,0.0,-0.5,304,10.2,1285.134494942777,4595.070177719614,71.35865811233134,0.1734697727255258,0.37530533787502696,0.6163516395254951,58.733221135184465,-13.395355932489672,0.5826183820026927,,1.0099947744681091e-06,50,0.27983854822025567,0.27983854822025567,0.0,3.006081191475607e-05,4.914074293590073,0.0,-4.634265806181732,14184.543140046047,1.0,3288.6656329067478,True,lbfgsb_seed_1,10.2,0.0,0.0,9.52398036610748,0.0,0.0,0.27983854822025567,0.27983854822025567,0.0,0.0,0.0,0.34622434900358756,0.0,4595.070177719612,0.0,423.22471043836094,3588.6656329067478,0.0,0.27983854822025567,0.27983854822025567,0.447,0.2804397644585508,14184.543130046048,4595.070177719612,3588.6656329067478,71.35865811233141,37.893940352687245,0.0,0.34622434900358756,3.217465089816251e+25,0.0,0.0,4.2572192236500435,0.0006012162382951214,6600320.284882794,3783.2288585444658,3780.9556865894137,-0.44970000211617356,38.80130722481222,2.2538128671050073,0.03290535972109949,3.4629962447329355e+25,-0.5,-5.0,,,,,,,,,,,,,,,,,,,,,,,,,,,,,,,,,,,,,,,,,,,,,,,,,-4.634265806181732,,10,,1,,39,sigma_box,curvature,,3,6600320.284892794,3480.9556865894137,9.999998891093038e-09,1.1089069628811997e-15,True,completed_requested_steps,-0.5,-0.5,-0.45,direct_preferred_endpoint,49,sigma_box_lower_supported
0.5542182679438297,0.447,0,0,929.2864233829068,4595.070177719612,4038.2701242452117,0,0,3695.926258638261,3612.1420187002723,3619.178445847211,0.21500000000000002,0.0,0.3410486151681548,0.26174025869906126,9,50,0.0,-0.39999999999999997,305,10.2,1282.134494942777,4595.070177719614,71.35865811233134,0.1734697727255258,0.37530533787502696,0.6163516395254951,58.733221135184465,-13.385855932489672,0.37645214299845975,reverse_rollout_failed,0.0004708256057195046,9,0.17949045259309426,0.17949045259309426,1000000.0,0.00463136764169484,3.848384105428897,0.0,-3.6735250204774976,14563.518121745692,1.0,3312.1420187002723,False,lbfgsb_seed_1,10.2,0.0,0.0,1.239861896966062,0.0,0.0,0.17949045259309426,0.17949045259309426,1000000.0,820.0,0.0,0.3410486151681548,0.0,4595.070177719612,0.0,929.2864233829068,3612.1420187002723,0.0,-1000820.0,-819.8205095474069,0.447,0.27211780542699104,14563.518111745692,4595.070177719612,3612.1420187002723,71.3586581123311,37.893940352687245,0.0,0.3410486151681548,3.217465089816251e+25,0.0,0.0,0.5542182679438297,0.09262735283389678,929.2864233829068,4038.2701242452117,3695.926258638261,48.12500554511521,38.90674953207724,0.21500000000000002,0.26174025869906126,3.342774285608865e+25,-0.35,-0.9,0.0004708156057195046,-0.03458002985544639,False,25,929.2864333829068,3395.926258638261,-0.0004708156057195046,0.0004708256057195046,0.03458002985544639,True,-0.35,0.0004708156057195046,-0.03458002985544639,False,25,929.2864333829068,3395.926258638261,-0.0004708156057195046,0.0004708256057195046,0.03458002985544639,True,-0.35,0,0.0018726507416408627,-0.04244352470008517,False,31,897.06149840276,3400.9677971525816,-0.0018726507416408627,0.0018726607416408626,0.04244352470008517,True,-0.44999999999999996,41,0.0004708156057195046,-0.03458002985544639,False,25,929.2864333829068,3395.926258638261,-0.0004708156057195046,0.0004708256057195046,0.03458002985544639,True,-0.35,-0.35,-0.44999999999999996,-1000000.0,,8,1,,,,curvature,curvature,no feasible sigma on scan grid,25,929.2864333829068,3395.926258638261,-0.0004708156057195046,0.0004708256057195046,False,no_feasible_sigma,-0.35,-0.44999999999999996,-0.35,legacy_scan,8,no_feasible_sigma
4.308365240206755,0.447,0,0,493.9221393117389,4595.07017772015,3787.465975025331,0,0,3785.2559439720494,3593.3588222072494,3600.4466401166674,2.2657552219182255,0.0,0.34519048463929786,0.0324226715865589,50,50,0.0,-0.5,306,10.2,1282.1344949399538,4595.070177720147,71.35865811219745,0.1734697727255258,0.37530533787502696,0.6163516395254951,58.73322113518465,-13.395355932414631,0.47528281099221203,,1.009997782515305e-06,50,0.2781835640491872,0.2781835640491872,0.0,2.919262377489851e-05,4.89530681167061,0.0,-4.617152440245198,14316.75828191973,1.0,3293.3588222072494,True,lbfgsb_seed_1,10.2,0.0,0.0,9.638400984802583,0.0,0.0,0.2781835640491872,0.2781835640491872,0.0,0.0,0.0,0.34519048463929786,0.0,4595.07017772015,0.0,493.9221393117389,3593.3588222072494,0.0,0.2781835640491872,0.2781835640491872,0.447,0.2787674165246852,14316.75827191973,4595.07017772015,3593.3588222072494,71.35865811219706,37.89394035267803,0.0,0.34519048463929786,3.2174650898168455e+25,0.0,0.0,4.308365240206755,0.0005838524754979701,7217584.504877384,3787.465975025331,3785.2559439720494,0.7607505838005615,38.7823190608898,2.2657552219182255,0.0324226715865589,3.462753204626956e+25,-0.5,-5.0,,,,,,,,,,,,,,,,,,,,,,,,,,,,,,,,,,,,,,,,,,,,,,,,,-4.617152440245198,,9,,1,,40,sigma_box,curvature,,3,7217584.504887383,3485.2559439720494,9.999998399676188e-09,1.6003238115147893e-15,True,completed_requested_steps,-0.5,-0.5,-0.45,direct_preferred_endpoint,49,sigma_box_lower_supported
4.316502212936397,0.447,0,0,503.17686142885964,4595.07017772015,3787.7954671276716,0,0,3785.59866547009,3593.9876835428836,3601.067953457018,2.2676420857310298,0.0,0.3446987907799469,0.03232011424399684,50,50,0.0,-0.5,307,10.2,1282.1344949399538,4595.070177720147,71.35865811219745,0.1734697727255258,0.37530533787502696,0.6163516395254951,58.73470739280199,-13.395355932414631,0.46847290999721736,,1.0099968949603313e-06,50,0.27796335805381855,0.27796335805381855,0.0,2.9015247675612257e-05,4.893848895260876,0.0,-4.615914552454734,14292.986740549846,1.0,3293.9876835428836,True,lbfgsb_seed_1,10.2,0.0,0.0,9.656604503213417,0.0,0.0,0.27796335805381855,0.27796335805381855,0.0,0.0,0.0,0.3446987907799469,0.0,4595.07017772015,0.0,503.17686142885964,3593.9876835428836,0.0,0.27796335805381855,0.27796335805381855,0.447,0.2785436630073308,14292.986730549846,4595.07017772015,3593.9876835428836,71.35865811219773,37.837662027583654,0.0,0.3446987907799469,3.2222506272048777e+25,0.0,0.0,4.316502212936397,0.0005803049535122451,7306063.247830462,3787.7954671276716,3785.59866547009,0.971473079759964,38.726983701771054,2.2676420857310298,0.03232011424399684,3.467550159954565e+25,-0.5,-5.0,,,,,,,,,,,,,,,,,,,,,,,,,,,,,,,,,,,,,,,,,,,,,,,,,-4.615914552454734,,9,,1,,40,sigma_box,curvature,,3,7306063.247840461,3485.59866547009,9.999998843932781e-09,1.156067218998318e-15,True,completed_requested_steps,-0.5,-0.5,-0.45,direct_preferred_endpoint,49,sigma_box_lower_supported
4.348379798614269,0.447,0,0,544.2696271256855,4601.570177720144,3791.710232522699,0,0,3789.5375968699204,3598.8767466917047,3605.9695692397136,2.2750000000000004,0.0,0.34492681398380537,0.03209574108110068,50,50,0.0,-0.5,308,10.2,1282.1344949399538,4601.570177720147,71.35865811219745,0.1734697727255258,0.37530533787502696,0.6163516395254951,58.73322113518465,-13.395355932414631,0.22764492100395728,,4.436741743069035e-12,50,0.27803955967028293,0.27803955967028293,0.0,2.866623693842385e-05,4.876543697144952,0.0,-4.598532803711608,14930.651353431684,1.0,3298.8767466917047,True,lbfgsb_seed_1,10.2,0.0,0.0,9.727919012559887,0.0,0.0,0.27803955967028293,0.27803955967028293,0.0,0.0,0.0,0.34492681398380537,0.0,4601.570177720144,0.0,544.2696271256855,3598.8767466917047,0.0,0.27803955967028293,0.27803955967028293,0.447,0.2786128844090514,14930.651343431684,4601.570177720144,3598.8767466917047,71.35865811219718,37.867167137615716,0.0,0.34492681398380537,3.2174650898168455e+25,0.0,0.0,4.348379798614269,0.000573324738768477,7714431.66857538,3791.710232522699,3789.5375968699204,1.9260146464738526,38.74791084566789,2.2750000000000004,0.03209574108110068,3.4638878522458727e+25,-0.5,-5.0,,,,,,,,,,,,,,,,,,,,,,,,,,,,,,,,,,,,,,,,,,,,,,,,,-4.598532803711608,,9,,,1,40,sigma_box,curvature,,3,7714431.66858538,3489.5375968699204,9.999996357938353e-09,3.642061647265312e-15,True,completed_requested_steps,-0.5,-0.5,-0.45,direct_preferred_endpoint,49,sigma_box_lower_supported
4.271826830113358,0.447,0,0,436.80650246297114,4595.07017772015,3783.585281033682,0,0,3781.3370402550913,3589.5517791300153,3596.6534509112935,2.257238249182701,0.0,0.34541356052799504,0.03272468655365282,50,50,0.0,-0.5,309,10.2,1282.1344949399538,4595.070177720147,71.53365811219744,0.1734697727255258,0.37530533787502696,0.6163516395254951,58.73322113518465,-13.395355932414631,0.5402225400030147,,1.0099917250686266e-06,50,0.2795291021982338,0.2795291021982338,0.0,2.97281193749277e-05,4.912494206450542,0.0,-4.632994832371683,14209.370665218901,1.0,3289.5517791300153,True,lbfgsb_seed_1,10.2,0.0,0.0,9.556659575197669,0.0,0.0,0.2795291021982338,0.2795291021982338,0.0,0.0,0.0,0.34541356052799504,0.0,4595.07017772015,0.0,436.80650246297114,3589.5517791300153,0.0,0.2795291021982338,0.2795291021982338,0.447,0.28012366458573235,14209.370655218901,4595.07017772015,3589.5517791300153,71.53365811219706,37.89394035267803,0.0,0.34541356052799504,3.2174650898168455e+25,0.0,0.0,4.271826830113358,0.000594562387498554,6768406.868330136,3783.585281033682,3781.3370402550913,-0.15844217731422006,38.80689441100073,2.257238249182701,0.03272468655365282,3.462334571612592e+25,-0.5,-5.0,,,,,,,,,,,,,,,,,,,,,,,,,,,,,,,,,,,,,,,,,,,,,,,,,-4.632994832371683,,10,,1,,39,sigma_box,curvature,,3,6768406.868340136,3481.3370402550913,9.99999650394011e-09,3.496059889403772e-15,True,completed_requested_steps,-0.5,-0.5,-0.45,direct_preferred_endpoint,49,sigma_box_lower_supported
4.257219225172546,0.447,0,0,423.22471011279185,4595.07017772015,3783.2288595784944,0,0,3780.955687626506,3588.665633065106,3595.778809650834,2.2538128674626354,0.0,0.3462243489692154,0.032905359697167916,50,50,0.0,-0.5,310,10.2,1285.1344949399538,4595.070177720147,71.35865811219745,0.1734697727255258,0.37530533787502696,0.6163516395254951,58.73322113518465,-13.395355932414631,0.5744391140033258,,1.0099971576032505e-06,50,0.2798385481648784,0.2798385481648784,0.0,3.0060811865995076e-05,4.914074289005662,0.0,-4.63426580165265,14184.543142210083,1.0,3288.665633065106,True,lbfgsb_seed_1,10.2,0.0,0.0,9.523980369513525,0.0,0.0,0.2798385481648784,0.2798385481648784,0.0,0.0,0.0,0.3462243489692154,0.0,4595.07017772015,0.0,423.22471011279185,3588.665633065106,0.0,0.2798385481648784,0.2798385481648784,0.447,0.2804397644021983,14184.543132210083,4595.07017772015,3588.665633065106,71.35865811219769,37.89394035267803,0.0,0.3462243489692154,3.2174650898168455e+25,0.0,0.0,4.257219225172546,0.0006012162373199015,6600320.353158364,3783.2288595784944,3780.955687626506,-0.44969972214508325,38.8013072134768,2.2538128674626354,0.032905359697167916,3.4629962452713655e+25,-0.5,-5.0,,,,,,,,,,,,,,,,,,,,,,,,,,,,,,,,,,,,,,,,,,,,,,,,,-4.63426580165265,,10,,1,,39,sigma_box,curvature,,3,6600320.353168364,3480.955687626506,9.999995655175321e-09,4.3448246783442585e-15,True,completed_requested_steps,-0.5,-0.5,-0.45,direct_preferred_endpoint,49,sigma_box_lower_supported
0.5542182679438297,0.447,0,0,929.2864387406448,4595.07017772015,4038.270126424974,0,0,3695.9262590193375,3612.142018854958,3619.178446001475,0.21500000000000002,0.0,0.34104861513451723,0.26174025867154216,9,50,0.0,-0.39999999999999997,311,10.2,1282.1344949399538,4595.070177720147,71.35865811219745,0.1734697727255258,0.37530533787502696,0.6163516395254951,58.73322113518465,-13.38585593241463,0.37466133999987505,reverse_rollout_failed,0.000470825569915511,9,0.1794904520616496,0.1794904520616496,1000000.0,0.004631367665550679,3.8483840968766874,0.0,-3.6735250124805887,14563.518123973661,1.0,3312.142018854958,False,lbfgsb_seed_1,10.2,0.0,0.0,1.239861896966062,0.0,0.0,0.1794904520616496,0.1794904520616496,1000000.0,820.0,0.0,0.34104861513451723,0.0,4595.07017772015,0.0,929.2864387406448,3612.142018854958,0.0,-1000820.0,-819.8205095479384,0.447,0.27211780537266317,14563.518113973661,4595.07017772015,3612.142018854958,71.35865811219738,37.89394035267803,0.0,0.34104861513451723,3.2174650898168455e+25,0.0,0.0,0.5542182679438297,0.09262735331101357,929.2864387406448,4038.270126424974,3695.9262590193375,48.12500575949724,38.906749522489044,0.21500000000000002,0.26174025867154216,3.342774285530484e+25,-0.35,-0.9,0.000470815569915511,-0.03458002940306315,False,24,929.2864487406448,3395.9262590193375,-0.000470815569915511,0.000470825569915511,0.03458002940306315,True,-0.35,0.000470815569915511,-0.03458002940306315,False,24,929.2864487406448,3395.9262590193375,-0.000470815569915511,0.000470825569915511,0.03458002940306315,True,-0.35,0,0.0018726507353176538,-0.042443526980604496,False,29,897.0614428577928,3400.9677958080215,-0.0018726507353176538,0.0018726607353176537,0.042443526980604496,True,-0.44999999999999996,41,0.000470815569915511,-0.03458002940306315,False,24,929.2864487406448,3395.9262590193375,-0.000470815569915511,0.000470825569915511,0.03458002940306315,True,-0.35,-0.35,-0.44999999999999996,-1000000.0,,8,1,,,,curvature,curvature,no feasible sigma on scan grid,24,929.2864487406448,3395.9262590193375,-0.000470815569915511,0.000470825569915511,False,no_feasible_sigma,-0.35,-0.44999999999999996,-0.35,legacy_scan,8,no_feasible_sigma
4.308365240014156,0.447,0,0,493.92213343686217,4595.070177720257,3787.465977920921,0,0,3785.2559468677546,3593.3588222404974,3600.446640149833,2.265755221873522,0.0,0.3451904846320762,0.03242267156055083,50,50,0.0,-0.5,312,10.2,1282.134494939358,4595.0701777202585,71.3586581121692,0.1734697727255258,0.37530533787502696,0.6163516395254951,58.733221135184685,-13.395355932398793,0.5030816080106888,,1.0099997746109751e-06,50,0.27818356403786204,0.27818356403786204,0.0,2.919262375105092e-05,4.895306798857427,0.0,-4.617152427443316,14316.758282381885,1.0,3293.3588222404974,True,lbfgsb_seed_1,10.2,0.0,0.0,9.638400984371714,0.0,0.0,0.27818356403786204,0.27818356403786204,0.0,0.0,0.0,0.3451904846320762,0.0,4595.070177720257,0.0,493.92213343686217,3593.3588222404974,0.0,0.27818356403786204,0.27818356403786204,0.447,0.27876741651288306,14316.758272381885,4595.070177720257,3593.3588222404974,71.3586581121695,37.89394035267624,0.0,0.3451904846320762,3.2174650898169598e+25,0.0,0.0,4.308365240014156,0.0005838524750210183,7217584.662473336,3787.465977920921,3785.2559468677546,0.7607513650753064,38.78231902868637,2.265755221873522,0.03242267156055083,3.462753206178629e+25,-0.5,-5.0,,,,,,,,,,,,,,,,,,,,,,,,,,,,,,,,,,,,,,,,,,,,,,,,,-4.617152427443316,,9,,1,,40,sigma_box,curvature,,3,7217584.6624833355,3485.2559468677546,9.999999312121295e-09,6.878787050929496e-16,True,completed_requested_steps,-0.5,-0.5,-0.45,direct_preferred_endpoint,49,sigma_box_lower_supported
4.31650221312936,0.447,0,0,503.1768605850141,4595.070177720257,3787.7954677381263,0,0,3785.5986660807325,3593.9876835761265,3601.067953490156,2.267642085775733,0.0,0.34469879077273397,0.0323201142365908,50,50,0.0,-0.5,313,10.2,1282.134494939358,4595.0701777202585,71.3586581121692,0.1734697727255258,0.37530533787502696,0.6163516395254951,58.73470739280203,-13.395355932398793,0.47800684500543866,,1.009995866804462e-06,50,0.27796335804216543,0.27796335804216543,0.0,2.901524766845132e-05,4.893848892559975,0.0,-4.615914549765478,14292.986741008726,1.0,3293.9876835761265,True,lbfgsb_seed_1,10.2,0.0,0.0,9.6566045036451,0.0,0.0,0.27796335804216543,0.27796335804216543,0.0,0.0,0.0,0.34469879077273397,0.0,4595.070177720257,0.0,503.1768605850141,3593.9876835761265,0.0,0.27796335804216543,0.27796335804216543,0.447,0.27854366299553446,14292.986731008727,4595.070177720257,3593.9876835761265,71.35865811216952,37.8376620275816,0.0,0.34469879077273397,3.222250627205015e+25,0.0,0.0,4.31650221312936,0.0005803049533690263,7306063.282475528,3787.7954677381263,3785.5986660807325,0.9714732436136033,38.72698369526053,2.267642085775733,0.0323201142365908,3.467550160258086e+25,-0.5,-5.0,,,,,,,,,,,,,,,,,,,,,,,,,,,,,,,,,,,,,,,,,,,,,,,,,-4.615914549765478,,9,,1,,40,sigma_box,curvature,,3,7306063.282485528,3485.5986660807325,9.999998626905482e-09,1.3730945185326445e-15,True,completed_requested_steps,-0.5,-0.5,-0.45,direct_preferred_endpoint,49,sigma_box_lower_supported
4.348379798614269,0.447,0,0,544.269627238582,4601.5701777202585,3791.7102325377928,0,0,3789.5375968850635,3598.8767467250027,3605.969569272897,2.2750000000000004,0.0,0.34492681397658903,0.032095741080542736,50,50,0.0,-0.5,314,10.2,1282.134494939358,4601.5701777202585,71.3586581121692,0.1734697727255258,0.37530533787502696,0.6163516395254951,58.733221135184685,-13.395355932398793,0.22932244300318416,,4.433374129177789e-12,50,0.2780395596584999,0.2780395596584999,0.0,2.8666236937657797e-05,4.876543697078289,0.0,-4.5985328036567275,14930.65135391039,1.0,3298.8767467250027,True,lbfgsb_seed_1,10.2,0.0,0.0,9.727919012559887,0.0,0.0,0.2780395596584999,0.2780395596584999,0.0,0.0,0.0,0.34492681397658903,0.0,4601.5701777202585,0.0,544.269627238582,3598.8767467250027,0.0,0.2780395596584999,0.2780395596584999,0.447,0.27861288439725307,14930.651343910391,4601.5701777202585,3598.8767467250027,71.3586581121692,37.86716713761389,0.0,0.34492681397658903,3.2174650898169598e+25,0.0,0.0,4.348379798614269,0.0005733247387531559,7714431.669632643,3791.7102325377928,3789.5375968850635,1.9260146496564108,38.74791084562462,2.2750000000000004,0.032095741080542736,3.4638878522428456e+25,-0.5,-5.0,,,,,,,,,,,,,,,,,,,,,,,,,,,,,,,,,,,,,,,,,,,,,,,,,-4.5985328036567275,,9,,,1,40,sigma_box,curvature,,3,7714431.669642643,3489.5375968850635,9.99999797352324e-09,2.0264767600111016e-15,True,completed_requested_steps,-0.5,-0.5,-0.45,direct_preferred_endpoint,49,sigma_box_lower_supported
4.2718268293494965,0.447,0,0,436.80649493801207,4595.070177720257,3783.5852835258274,0,0,3781.3370427487257,3589.5517791633883,3596.6534509445883,2.2572382490038874,0.0,0.34541356052076094,0.03272468653438722,50,50,0.0,-0.5,315,10.2,1282.134494939358,4595.0701777202585,71.53365811216919,0.1734697727255258,0.37530533787502696,0.6163516395254951,58.733221135184685,-13.395355932398793,0.5453121869941242,,1.0099819765643913e-06,50,0.27952910218714755,0.27952910218714755,0.0,2.9728119335636906e-05,4.912494195403288,0.0,-4.632994821335476,14209.370665677596,1.0,3289.5517791633883,True,lbfgsb_seed_1,10.2,0.0,0.0,9.556659573488806,0.0,0.0,0.27952910218714755,0.27952910218714755,0.0,0.0,0.0,0.34541356052076094,0.0,4595.070177720257,0.0,436.80649493801207,3589.5517791633883,0.0,0.27952910218714755,0.27952910218714755,0.447,0.2801236645738603,14209.370655677596,4595.070177720257,3589.5517791633883,71.53365811216949,37.89394035267624,0.0,0.34541356052076094,3.2174650898169598e+25,0.0,0.0,4.2718268293494965,0.0005945623867127381,6768407.003457275,3783.5852835258274,3781.3370427487257,-0.15844149579037514,38.80689438186139,2.2572382490038874,0.03272468653438722,3.462334573072118e+25,-0.5,-5.0,,,,,,,,,,,,,,,,,,,,,,,,,,,,,,,,,,,,,,,,,,,,,,,,,-4.632994821335476,,10,,1,,39,sigma_box,curvature,,3,6768407.003467275,3481.3370427487257,9.999999148075363e-09,8.519246373166041e-16,True,completed_requested_steps,-0.5,-0.5,-0.45,direct_preferred_endpoint,49,sigma_box_lower_supported
4.2572192256800445,0.447,0,0,423.22471111304935,4595.070177720257,3783.2288594394504,0,0,3780.955687487876,3588.665633098528,3595.778809684187,2.2538128675818445,0.0,0.34622434896196186,0.03290535969439773,50,50,0.0,-0.5,316,10.2,1285.134494939358,4595.0701777202585,71.3586581121692,0.1734697727255258,0.37530533787502696,0.6163516395254951,58.733221135184685,-13.395355932398793,0.5841690579982242,,1.0099959551894039e-06,50,0.2798385481530703,0.2798385481530703,0.0,3.0060811861631898e-05,4.9140742896221195,0.0,-4.634265802280911,14184.54314266852,1.0,3288.665633098528,True,lbfgsb_seed_1,10.2,0.0,0.0,9.52398037064887,0.0,0.0,0.2798385481530703,0.2798385481530703,0.0,0.0,0.0,0.34622434896196186,0.0,4595.070177720257,0.0,423.22471111304935,3588.665633098528,0.0,0.2798385481530703,0.2798385481530703,0.447,0.28043976439030294,14184.543132668521,4595.070177720257,3588.665633098528,71.35865811216917,37.89394035267624,0.0,0.34622434896196186,3.2174650898169598e+25,0.0,0.0,4.2572192256800445,0.000601216237232638,6600320.348610301,3783.2288594394504,3780.955687487876,-0.4496997606899116,38.801307215468235,2.2538128675818445,0.03290535969439773,3.462996245157267e+25,-0.5,-5.0,,,,,,,,,,,,,,,,,,,,,,,,,,,,,,,,,,,,,,,,,,,,,,,,,-4.634265802280911,,10,,1,,39,sigma_box,curvature,,3,6600320.3486203,3480.955687487876,9.99999829317931e-09,1.7068206907261075e-15,True,completed_requested_steps,-0.5,-0.5,-0.45,direct_preferred_endpoint,49,sigma_box_lower_supported
0.5542182679438297,0.447,0,0,929.2864611989423,4595.070177720257,4038.2701296963355,0,0,3695.9262595159867,3612.142018887586,3619.178446033993,0.21500000000000002,0.0,0.3410486151274205,0.2617402586561658,9,50,0.0,-0.39999999999999997,317,10.2,1282.134494939358,4595.0701777202585,71.3586581121692,0.1734697727255258,0.37530533787502696,0.6163516395254951,58.733221135184685,-13.385855932398794,0.396906284004217,reverse_rollout_failed,0.0004708255377434532,9,0.17949045131188668,0.17949045131188668,1000000.0,0.004631367702465761,3.8483840840416326,0.0,-3.6735250004322113,14563.518124442673,1.0,3312.142018887586,False,lbfgsb_seed_1,10.2,0.0,0.0,1.239861896966062,0.0,0.0,0.17949045131188668,0.17949045131188668,1000000.0,820.0,0.0,0.3410486151274205,0.0,4595.070177720257,0.0,929.2864611989423,3612.142018887586,0.0,-1000820.0,-819.8205095486882,0.447,0.2721178053612019,14563.518114442673,4595.070177720257,3612.142018887586,71.3586581121695,37.89394035267624,0.0,0.3410486151274205,3.2174650898169598e+25,0.0,0.0,0.5542182679438297,0.09262735404931521,929.2864611989423,4038.2701296963355,3695.9262595159867,48.12500608252633,38.906749507691,0.21500000000000002,0.2617402586561658,3.3427742854479224e+25,-0.35,-0.9,0.0004708155377434532,-0.034580028669977114,False,25,929.2864711989423,3395.9262595159867,-0.0004708155377434532,0.0004708255377434532,0.034580028669977114,True,-0.35,0.0004708155377434532,-0.034580028669977114,False,25,929.2864711989423,3395.9262595159867,-0.0004708155377434532,0.0004708255377434532,0.034580028669977114,True,-0.35,0,0.0018726507162287053,-0.04244352431680376,False,30,897.0615097028294,3400.9677974836904,-0.0018726507162287053,0.0018726607162287052,0.04244352431680376,True,-0.44999999999999996,41,0.0004708155377434532,-0.034580028669977114,False,25,929.2864711989423,3395.9262595159867,-0.0004708155377434532,0.0004708255377434532,0.034580028669977114,True,-0.35,-0.35,-0.44999999999999996,-1000000.0,,8,1,,,,curvature,curvature,no feasible sigma on scan grid,25,929.2864711989423,3395.9262595159867,-0.0004708155377434532,0.0004708255377434532,False,no_feasible_sigma,-0.35,-0.44999999999999996,-0.35,legacy_scan,8,no_feasible_sigma
